t_us,ax,ay,az,ax1,ay1,az1,shunt_raw,bus_raw,curr_raw,pg_rpm,seq,dt
0,2880,3297,127945,3124,3897,126944,18,19860,74,1,7666,
1000,2924,3297,127839,3133,3930,127008,20,19860,82,1,7667,0.001
1999,2907,3260,127980,3120,3894,127028,18,19861,74,1,7668,0.0009989999999999999
2999,2893,3268,127785,3048,3836,126954,19,19861,78,1,7669,0.001
3999,2840,3255,127865,3037,3908,126926,19,19861,78,1,7670,0.001
4999,2839,3237,127859,3162,3914,127079,19,19861,78,1,7671,0.001
5999,2977,3305,127828,3052,3938,126985,19,19860,78,1,7672,0.001
6999,2877,3191,127895,3197,3861,126957,19,19861,78,1,7673,0.001
7999,2846,3328,127886,3052,3930,126889,17,19861,70,1,7674,0.0009999999999999992
8999,2825,3215,127877,3136,3989,126835,18,19861,74,1,7675,0.0010000000000000009
9999,2949,3137,127985,3154,3988,126996,18,19861,74,1,7676,0.0009999999999999992
10999,2859,3118,127896,3102,3883,127001,18,19860,74,1,7677,0.0010000000000000009
11999,2908,3222,127967,3070,3976,127060,18,19861,74,1,7678,0.0009999999999999992
12999,2901,3181,128003,3096,3882,126982,17,19862,70,1,7679,0.0010000000000000009
13999,2886,3295,127858,3120,3893,127060,17,19860,70,1,7680,0.0009999999999999992
14999,2821,3202,127784,2956,3846,127097,18,19860,74,1,7681,0.0010000000000000009
16001,3019,3297,127907,3083,3878,127007,18,19860,74,1,7682,0.0010019999999999977
16999,2961,3151,127827,3119,3905,127018,18,19859,74,1,7683,0.0009980000000000024
17999,2922,3243,127912,3105,4032,126874,18,19859,74,1,7684,0.0009999999999999974
18999,2885,3255,127843,3006,3949,127133,18,19860,74,1,7685,0.0010000000000000009
19999,2767,3234,128039,3091,3933,126857,18,19861,74,1,7686,0.0010000000000000009
21000,2939,3217,127965,3048,3894,127012,19,19860,78,1,7687,0.0010009999999999984
22002,2933,3182,127956,3063,3969,126853,18,19860,78,1,7688,0.0010020000000000029
22999,2872,3230,127891,3056,3905,126994,19,19861,74,1,7689,0.0009969999999999979
23999,2901,3270,127875,3064,3856,126866,19,19861,78,1,7690,0.0010000000000000009
24999,2826,3162,127864,3147,3884,126885,18,19861,74,1,7691,0.0010000000000000009
26000,2938,3136,127845,3046,3925,126921,19,19859,78,1,7692,0.0010009999999999984
26999,2903,3220,127785,3046,3903,126904,17,19860,70,1,7693,0.0009989999999999999
27999,2868,3274,127859,3128,3902,126797,19,19860,70,1,7694,0.0010000000000000009
28999,2935,3208,127840,3087,4021,127018,18,19861,78,1,7695,0.0009999999999999974
29999,2884,3251,127853,3094,3998,126940,18,19862,74,1,7696,0.0010000000000000009
30999,2946,3281,127863,3158,3965,126780,18,19862,74,1,7697,0.0010000000000000009
31999,2930,3195,127851,157846,3938,126986,18,19860,74,1,7698,0.0010000000000000009
33003,2903,3171,127890,3093,3990,127065,17,19861,70,1,7699,0.001003999999999998
33999,2905,3160,127883,3131,3907,126989,18,19861,74,1,7700,0.0009960000000000038
34999,2920,3248,127878,3143,3988,126922,18,19860,74,1,7701,0.000999999999999994
35999,2952,3263,127841,3112,3880,127022,18,19861,74,1,7702,0.0010000000000000009
36999,2833,3258,127856,3087,3995,126843,18,19862,74,1,7703,0.0010000000000000009
37999,2908,3202,127849,3081,3943,126961,20,19861,82,1,7704,0.0010000000000000009
38999,2877,3285,127905,3127,4046,126968,18,19861,74,1,7705,0.0010000000000000009
39999,2893,3177,127836,3134,3996,126980,17,19861,70,1,7706,0.0010000000000000009
40999,2930,3168,128044,3053,3905,126896,18,19860,70,1,7707,0.0010000000000000009
41999,2832,3181,127803,3248,3895,126940,20,19859,74,1,7708,0.000999999999999994
42999,2974,3271,127930,3053,4001,126910,20,19860,82,1,7709,0.0010000000000000009
43999,2876,3220,127882,3073,3939,127040,19,19859,78,1,7710,0.0010000000000000009
44999,2857,3242,127971,3067,3910,126886,18,19860,74,1,7711,0.0010000000000000009
46001,2729,3119,127928,3066,3864,126899,17,19860,70,1,7712,0.0010020000000000029
46999,2849,3264,127869,3103,4008,126929,18,19861,70,1,7713,0.0009979999999999989
47999,2782,3147,127984,149654,3953,126989,18,19861,74,1,7714,0.0010000000000000009
49027,2933,3210,127998,3050,3871,126915,18,19861,74,1,7715,0.0010280000000000011
50002,2855,3176,127801,3084,3943,126964,18,19859,74,1,7716,0.0009749999999999967
50999,2843,3143,127817,3021,3902,126893,18,19860,74,1,7717,0.0009969999999999979
51999,2778,3096,127812,3005,3910,126929,18,19860,74,1,7718,0.0010000000000000009
52999,2754,3287,127963,3067,3938,126761,18,19860,74,1,7719,0.0010000000000000009
54001,2904,3208,127970,3167,3883,126978,17,19860,74,1,7720,0.0010020000000000029
55000,2860,3238,127909,3066,3949,126818,17,19860,70,1,7721,0.0009989999999999999
55999,2886,3206,128000,3126,3938,126873,18,19860,74,1,7722,0.0009989999999999999
56999,2875,3289,127871,3157,3990,126946,18,19860,74,1,7723,0.000999999999999994
57999,2908,3213,127949,3029,3889,126986,18,19861,74,1,7724,0.0010000000000000009
58999,2948,3168,128077,3129,3871,126956,20,19861,74,1,7725,0.0010000000000000009
60001,2861,3168,127774,3125,3895,126918,19,19860,82,1,7726,0.0010020000000000029
60999,3003,3228,128033,3111,3945,126977,19,19859,78,1,7727,0.0009979999999999989
62000,2919,3276,127770,3162,3915,127103,18,19862,74,1,7728,0.0010010000000000019
62999,2823,3198,127858,3153,3934,126875,18,19860,74,1,7729,0.0009989999999999999
63999,2982,3265,127992,158870,3905,126777,16,19860,66,1,7730,0.0010000000000000009
64999,2897,3232,127825,3085,3847,127015,17,19860,66,1,7731,0.0010000000000000009
65999,2966,3216,127874,3091,3958,126964,18,19860,70,1,7732,0.0010000000000000009
66999,2912,3275,127770,3165,3961,126938,18,19861,74,1,7733,0.0010000000000000009
67999,3031,3233,127875,3063,3960,126935,18,19859,74,1,7734,0.000999999999999987
69000,2886,3274,127793,3249,3856,126900,18,19861,74,1,7735,0.0010010000000000019
69999,2888,3280,127868,3116,3897,126956,16,19862,66,1,7736,0.0009989999999999999
70999,2925,3250,127874,3066,3977,126990,19,19862,66,1,7737,0.0010000000000000009
71999,2834,3208,127939,3145,3989,126806,18,19861,78,1,7738,0.0010000000000000009
72999,2903,3280,127818,3210,3842,126974,18,19860,74,1,7739,0.0010000000000000009
73999,2894,3319,127934,3094,3922,126803,19,19860,78,1,7740,0.0010000000000000009
74999,2931,3100,127752,3087,3924,126953,18,19861,74,1,7741,0.0010000000000000009
75999,2932,3197,127930,3097,3921,126915,19,19860,78,1,7742,0.0010000000000000009
77000,2842,3263,128049,3047,3874,127150,16,19860,66,1,7743,0.0010010000000000019
77999,2867,3276,127990,3074,3982,126933,20,19860,66,1,7744,0.0009989999999999999
78999,2869,3256,127853,3142,3927,126892,18,19861,82,1,7745,0.0010000000000000009
80000,2957,3205,127899,3168,3974,127011,18,19860,74,1,7746,0.0010010000000000019
80999,2849,3270,127958,3190,3949,127130,18,19861,74,1,7747,0.0009989999999999999
81999,3033,3323,127979,3002,3924,126895,18,19859,74,1,7748,0.0010000000000000009
82999,2848,3213,127919,3110,3945,127023,18,19859,74,1,7749,0.000999999999999987
83999,2813,3253,127977,2996,3991,126905,19,19861,74,1,7750,0.0010000000000000009
84999,2917,3226,127984,3085,3996,126889,17,19860,78,1,7751,0.0010000000000000009
86001,2905,3212,127825,3078,4005,127023,17,19860,70,1,7752,0.0010020000000000029
86999,2904,3272,127800,3063,3813,127050,18,19860,74,1,7753,0.0009979999999999989
87999,2822,3204,127668,3082,3943,126796,17,19860,70,1,7754,0.0010000000000000009
89001,2839,3131,127836,3281,3946,126960,17,19860,70,1,7755,0.0010020000000000029
89999,2842,3354,127929,3069,3931,126917,18,19861,70,1,7756,0.0009979999999999989
90999,2902,3200,127868,3072,3854,126913,17,19860,74,1,7757,0.0010000000000000009
91999,2877,3283,127896,3048,3971,126968,17,19860,70,1,7758,0.0010000000000000009
92999,2893,3175,127863,3106,3902,126931,19,19860,78,1,7759,0.0010000000000000009
94000,2890,3339,127798,2992,3907,126849,18,19859,74,1,7760,0.0010010000000000019
95000,2875,3164,128001,3166,3866,126905,19,19860,78,1,7761,0.0010000000000000009
96000,2871,3242,127878,3053,3917,126953,18,19860,78,1,7762,0.0010000000000000009
97000,3009,3272,127881,3110,3916,127037,18,19860,74,1,7763,0.000999999999999987
97999,2812,3431,127824,3032,3954,127077,18,19862,74,1,7764,0.0009989999999999999
99000,2820,3233,127891,3116,3833,126937,18,19860,74,1,7765,0.0010010000000000019
99999,2848,3206,127906,3188,3946,126931,19,19860,78,1,7766,0.0009989999999999999
100999,2810,3276,127966,3180,3926,126935,19,19860,78,1,7767,0.0010000000000000009
101999,2908,3240,127821,3088,3985,126989,18,19860,78,1,7768,0.0010000000000000009
103002,2849,3208,127972,3084,3900,127072,18,19860,74,1,7769,0.0010030000000000039
103999,2888,3239,127917,3120,4007,126895,18,19861,74,1,7770,0.0009969999999999979
104999,2972,3235,127892,3085,3914,126896,17,19860,70,1,7771,0.0010000000000000009
105999,2970,3313,127785,3074,3931,127009,18,19860,74,1,7772,0.0010000000000000009
106999,2895,3246,127864,3094,3921,126843,18,19861,74,1,7773,0.0010000000000000009
107999,2856,3273,127879,3169,3812,127016,18,19861,74,1,7774,0.0010000000000000009
108999,2959,3277,127880,3018,3900,127040,18,19862,74,1,7775,0.0010000000000000009
109999,2900,3234,127887,3120,3880,126836,18,19861,74,1,7776,0.0010000000000000009
110999,2863,3226,127997,3065,3990,127106,19,19861,78,1,7777,0.0010000000000000009
111999,2780,3218,127891,3171,3829,126841,16,19860,66,1,7778,0.0010000000000000009
112999,2931,3250,128090,3077,3843,126920,17,19861,70,1,7779,0.000999999999999987
114001,2849,3133,127828,3141,3870,126905,20,19861,70,1,7780,0.0010020000000000029
114999,2937,3265,127961,2962,3919,126875,18,19861,82,1,7781,0.0009979999999999989
115999,2908,3359,127990,3187,3925,126966,18,19860,74,1,7782,0.0010000000000000009
116999,2864,3235,127891,3102,3922,126988,19,19860,78,1,7783,0.0010000000000000009
117999,2918,3182,128029,2944,3980,126792,18,19861,74,1,7784,0.0010000000000000009
118999,2875,3279,127928,3064,3906,126819,18,19861,74,1,7785,0.0010000000000000009
119999,2836,3200,128017,3170,3977,126901,18,19861,74,1,7786,0.0010000000000000009
120999,2946,3256,127934,3087,3899,127049,18,19861,74,1,7787,0.0010000000000000009
121999,2894,3178,127877,3052,3895,126791,18,19860,74,1,7788,0.0010000000000000009
122999,2935,3262,127897,3046,3886,126946,17,19861,70,1,7789,0.0010000000000000009
123999,2789,3237,127904,3105,3868,126854,17,19860,70,1,7790,0.0010000000000000009
125000,2953,3239,127952,3030,3927,126821,18,19860,74,1,7791,0.0010010000000000019
126001,2828,3145,127840,3145,3938,126863,17,19860,70,1,7792,0.0010010000000000019
126999,2870,3246,127982,150678,3965,126961,18,19862,70,1,7793,0.0009979999999999989
127999,2865,3220,127901,3155,3909,127084,18,19860,74,1,7794,0.0010000000000000009
128999,2862,3253,127830,3069,3949,126923,18,19860,74,1,7795,0.0010000000000000009
129999,2819,3212,127786,3093,3868,126920,19,19860,78,1,7796,0.0010000000000000009
131000,2847,3215,128033,3135,3948,126938,17,19859,70,1,7797,0.0010010000000000019
131999,2842,3203,127914,3148,3964,126937,17,19859,70,1,7798,0.0009989999999999999
133000,2868,3271,127955,2946,3957,126886,19,19862,70,1,7799,0.0010010000000000019
133999,2831,3191,127955,3121,3928,126867,18,19861,78,1,7800,0.0009989999999999999
134999,2879,3284,127986,3044,3924,126841,18,19862,74,1,7801,0.0009999999999999731
135999,2778,3196,127949,3059,3964,126894,18,19860,74,1,7802,0.0010000000000000009
137000,2900,3261,127959,3071,3903,127044,19,19861,78,1,7803,0.0010010000000000019
137999,3032,3155,127897,3120,3912,127021,18,19861,74,1,7804,0.0009989999999999999
138999,2934,3325,127844,3035,3871,126978,18,19859,74,1,7805,0.0010000000000000009
140000,2840,3197,127910,3123,3863,126960,17,19859,74,1,7806,0.0010010000000000019
140999,2907,3282,127999,2997,3925,127025,17,19860,70,1,7807,0.0009989999999999999
141999,2955,3168,128023,3097,3938,126957,18,19861,74,1,7808,0.0010000000000000009
143000,2905,3342,127972,141462,4020,127046,19,19860,78,1,7809,0.0010010000000000019
143999,2910,3267,128012,3059,3968,126928,19,19860,78,1,7810,0.0009989999999999999
144999,2824,3190,127815,3144,3873,126803,18,19860,78,1,7811,0.0010000000000000009
145999,2992,3234,127911,3241,3938,126949,18,19860,74,1,7812,0.0010000000000000009
146999,2943,3283,127780,3115,3905,126911,18,19861,74,1,7813,0.0010000000000000009
147999,2866,3208,127878,3087,3899,127009,18,19862,74,1,7814,0.0010000000000000009
148999,2860,3223,127797,3121,3882,126906,18,19862,74,1,7815,0.0010000000000000009
149999,2869,3312,127832,3052,3920,126985,18,19862,74,1,7816,0.0010000000000000009
150999,2807,3243,127863,3116,3942,126921,18,19862,74,1,7817,0.0010000000000000009
151999,3009,3241,127962,3027,3952,126756,19,19860,74,1,7818,0.0010000000000000009
153000,2787,3174,127950,3206,3831,126921,19,19859,78,1,7819,0.0010010000000000019
153999,2919,3299,127862,3065,4020,126988,17,19861,70,1,7820,0.0009989999999999999
155002,2913,3253,127891,3194,3882,126845,18,19861,74,1,7821,0.0010030000000000039
155999,2828,3293,127871,3043,3945,126808,18,19860,74,1,7822,0.0009969999999999979
156999,2837,3328,127877,3055,3896,126943,17,19860,74,1,7823,0.0010000000000000009
157999,2914,3248,127835,3028,3940,126967,20,19861,70,1,7824,0.0010000000000000009
158999,2881,3197,127837,158870,3911,127016,20,19860,82,1,7825,0.0010000000000000009
160000,2896,3384,127909,2964,3967,126905,18,19861,74,1,7826,0.0010010000000000019
160999,2849,3253,127947,2989,3874,126967,18,19860,74,1,7827,0.0009989999999999999
161999,2794,3318,127943,3113,3924,127054,18,19859,74,1,7828,0.0010000000000000009
162999,2887,3195,127889,3151,3885,126914,18,19859,74,1,7829,0.0010000000000000009
164002,2944,3324,128044,3143,3930,127010,17,19860,74,1,7830,0.0010029999999999761
165000,2872,3242,127831,3097,3910,126977,17,19861,70,1,7831,0.0009979999999999989
165999,2863,3257,127982,3145,3851,126958,17,19861,70,1,7832,0.0009989999999999999
166999,2915,3254,127831,3161,3807,127004,18,19860,74,1,7833,0.0010000000000000009
167999,2945,3344,127912,3085,3868,126855,18,19860,74,1,7834,0.0010000000000000009
168999,2864,3205,127887,3115,3863,126945,17,19860,70,1,7835,0.0010000000000000009
170000,2885,3267,127900,3014,3973,126941,18,19859,70,1,7836,0.0010010000000000019
170999,2981,3161,127898,3085,3928,126969,18,19861,74,1,7837,0.0009989999999999999
171999,2826,3297,127902,3083,3971,126890,18,19861,74,1,7838,0.0010000000000000009
172999,2945,3265,127874,3148,3944,126793,20,19861,82,1,7839,0.0010000000000000009
174001,2893,3293,127973,3074,3967,126964,16,19861,66,1,7840,0.0010020000000000029
174999,2758,3287,127928,3111,3872,127004,18,19861,74,1,7841,0.0009979999999999989
175999,2872,3251,128022,3069,3917,126821,16,19860,74,1,7842,0.0010000000000000009
176999,2852,3210,127798,3230,3984,126920,18,19862,66,1,7843,0.0010000000000000009
177999,2910,3346,127870,3048,3913,126935,18,19862,74,1,7844,0.0010000000000000009
178999,2895,3285,127704,3087,3896,127013,18,19862,74,1,7845,0.0010000000000000009
179999,2859,3219,127832,3072,3986,126919,18,19861,74,1,7846,0.0010000000000000009
180999,2954,3159,127933,3011,3888,126983,18,19861,74,1,7847,0.0010000000000000009
181999,2830,3204,127815,3123,3912,126857,18,19861,74,1,7848,0.0010000000000000009
183000,2819,3211,127880,3155,3757,126969,18,19861,74,1,7849,0.0010010000000000019
183999,2935,3282,127904,2989,4026,126922,18,19860,74,1,7850,0.0009989999999999999
184999,2886,3201,127932,3112,3916,126850,19,19861,78,1,7851,0.0010000000000000009
185999,2899,3239,127939,3206,3876,127036,17,19860,70,1,7852,0.0010000000000000009
186999,2987,3251,127841,3146,4011,126877,18,19860,74,1,7853,0.0010000000000000009
187999,2783,3266,127992,3088,3968,127056,18,19860,74,1,7854,0.0010000000000000009
188999,2859,3189,127725,3153,3950,126904,17,19861,74,1,7855,0.0010000000000000009
190001,2876,3284,127798,3088,3949,126904,17,19861,70,1,7856,0.0010020000000000029
190999,2932,3199,127929,3136,3924,126814,17,19860,70,1,7857,0.0009979999999999989
191999,2977,3180,127826,3039,3893,126933,18,19860,74,1,7858,0.0010000000000000009
192999,2857,3273,127866,3033,3808,127054,17,19861,70,1,7859,0.0010000000000000009
193999,2886,3272,127940,3162,3872,126909,18,19861,70,1,7860,0.0010000000000000009
194999,2940,3257,127791,3152,3920,126920,17,19861,74,1,7861,0.0009999999999999731
195999,2879,3162,127823,3156,3926,126950,17,19859,70,1,7862,0.0010000000000000009
196999,2904,3211,127812,3016,3959,126829,17,19862,70,1,7863,0.0010000000000000009
197999,2876,3227,127896,3116,3919,126949,17,19860,70,1,7864,0.0010000000000000009
199000,2872,3241,127919,3070,3962,126885,18,19860,74,1,7865,0.0010010000000000019
199999,2905,3238,127856,3108,3925,126966,20,19860,74,1,7866,0.0009989999999999999
200999,2860,3198,127919,3086,3900,126849,16,19861,82,1,7867,0.0010000000000000009
201999,2861,3224,127765,3118,3962,126941,16,19861,66,1,7868,0.0010000000000000009
202999,2976,3253,127949,3052,3921,126855,19,19861,78,1,7869,0.0010000000000000009
203999,2930,3190,127946,3157,3980,126929,18,19860,74,1,7870,0.0010000000000000009
204999,2884,3210,127816,2890,3854,127027,18,19860,74,1,7871,0.0010000000000000009
205999,2920,3147,127898,3133,3846,126868,18,19860,74,1,7872,0.0010000000000000009
206999,2849,3186,127981,3128,3921,126771,17,19861,74,1,7873,0.0010000000000000009
207999,2882,3234,127989,3187,3978,127018,17,19861,70,1,7874,0.0010000000000000009
208999,2945,3306,127849,3167,4009,126919,18,19860,74,1,7875,0.0010000000000000009
210000,2879,3266,127983,3090,3919,126946,18,19861,74,1,7876,0.0010010000000000019
210999,2886,3300,127965,3038,3962,126937,18,19861,74,1,7877,0.0009989999999999999
211999,2864,3220,127884,3047,3884,126928,17,19861,70,1,7878,0.0010000000000000009
212999,2833,3159,127989,2951,3917,126922,18,19861,70,1,7879,0.0010000000000000009
214000,2979,3172,127846,3138,3880,126963,18,19861,74,1,7880,0.0010010000000000019
215001,2978,3217,127723,3102,3918,126786,18,19862,74,1,7881,0.0010010000000000019
216001,2958,3242,127872,3155,3877,126971,17,19860,70,1,7882,0.0010000000000000009
216999,2831,3262,127795,3055,3956,127027,19,19860,78,1,7883,0.0009979999999999989
217999,2814,3238,127830,3117,3890,126996,18,19860,74,1,7884,0.0010000000000000009
218999,2877,3209,127874,2987,3874,126884,19,19859,74,1,7885,0.0010000000000000009
220002,2916,3274,127931,3232,3908,126989,17,19860,78,1,7886,0.0010030000000000039
220999,2929,3249,127829,3023,3910,127075,17,19860,70,1,7887,0.0009969999999999979
221999,2911,3206,127912,157846,3925,127016,19,19861,78,1,7888,0.0010000000000000009
222999,2880,3183,127907,3039,3873,126949,18,19860,74,1,7889,0.0010000000000000009
223999,2882,3153,127901,3110,3826,126888,18,19860,74,1,7890,0.0010000000000000009
224999,2938,3210,127927,3137,4031,126977,19,19861,74,1,7891,0.0009999999999999731
225999,2878,3265,127812,3137,3963,126935,18,19860,78,1,7892,0.0010000000000000009
226999,2850,3189,127848,3038,3987,126871,18,19862,74,1,7893,0.0010000000000000009
227999,2994,3244,127825,3091,3880,126805,20,19859,82,1,7894,0.0010000000000000009
228999,3029,3169,127900,3097,3856,126894,19,19860,78,1,7895,0.0010000000000000009
229999,2922,3215,127877,3122,3839,126939,17,19860,70,1,7896,0.0010000000000000009
230999,2783,3206,127949,3160,3888,126932,17,19860,70,1,7897,0.0010000000000000009
231999,2832,3229,127829,3162,3913,127045,19,19862,70,1,7898,0.0010000000000000009
233000,2921,3197,127914,3179,3825,126991,19,19860,78,1,7899,0.0010010000000000019
233999,2892,3237,127835,3087,3940,126944,18,19861,74,1,7900,0.0009989999999999999
234999,2910,3242,127936,3174,3894,126968,17,19862,70,1,7901,0.0010000000000000009
235999,2972,3159,127818,3092,3838,126871,19,19861,78,1,7902,0.0010000000000000009
236999,2938,3218,127870,3008,3947,126932,16,19861,78,1,7903,0.0010000000000000009
237999,2847,3254,127829,149654,3891,126954,20,19861,66,1,7904,0.0010000000000000009
238999,2942,3239,127955,3080,3883,127024,20,19861,82,1,7905,0.0010000000000000009
240000,2902,3287,127920,3058,3877,127010,18,19862,74,1,7906,0.0010010000000000019
240999,2816,3199,127924,3061,3958,126899,18,19860,74,1,7907,0.0009989999999999999
241999,2950,3194,127908,3161,3899,126797,20,19860,82,1,7908,0.0010000000000000009
242999,3117,3189,127998,3086,3843,127034,19,19860,82,1,7909,0.0010000000000000009
243999,2843,3181,127967,3110,3904,126885,17,19860,78,1,7910,0.0010000000000000009
245000,2903,3214,127943,3129,3865,127096,17,19861,70,1,7911,0.0010010000000000019
245999,3068,3220,127997,3070,3958,126891,18,19861,74,1,7912,0.0009989999999999999
246999,2986,3186,127910,3123,4000,127022,17,19860,70,1,7913,0.0010000000000000009
247999,2847,3215,127915,3026,3926,126945,18,19862,74,1,7914,0.0010000000000000009
249000,2839,3205,128083,3070,3870,126889,17,19862,74,1,7915,0.0010010000000000019
249999,2958,3277,127893,3126,3959,126873,18,19859,70,1,7916,0.0009989999999999999
250999,2856,3172,127897,3140,3912,126926,18,19861,74,1,7917,0.0009999999999999731
251999,2893,3397,127843,3140,3847,126825,16,19861,66,1,7918,0.0010000000000000009
252999,2811,3229,127805,3115,3898,126870,19,19861,78,1,7919,0.0010000000000000009
253999,2823,3314,127902,149654,3877,127027,19,19861,78,1,7920,0.0010000000000000009
255000,2981,3213,127866,3059,3957,126943,19,19861,78,1,7921,0.0010010000000000296
255999,2830,3303,127921,3014,3984,126874,18,19860,78,1,7922,0.0009989999999999721
256999,2876,3152,127970,3108,3937,126938,17,19861,74,1,7923,0.0010000000000000009
257999,2910,3343,127902,3122,3968,126979,17,19860,70,1,7924,0.0010000000000000009
259000,2934,3151,127804,3147,3897,126961,18,19861,74,1,7925,0.0010010000000000296
260000,2849,3192,128081,3146,3921,126968,19,19860,78,1,7926,0.0010000000000000009
260999,2777,3189,127870,3072,3925,126913,18,19860,74,1,7927,0.0009989999999999721
262000,2788,3301,127850,3067,3896,126883,18,19860,74,1,7928,0.0010010000000000296
262999,2915,3180,127864,3084,3974,127032,17,19861,74,1,7929,0.0009989999999999721
263999,2941,3251,127940,3083,4018,126926,17,19863,70,1,7930,0.0010000000000000009
264999,3013,3177,127842,3157,3856,126801,18,19860,74,1,7931,0.0010000000000000009
265999,2774,3237,127972,3040,3887,126858,17,19860,70,1,7932,0.0010000000000000009
266999,2952,3165,127944,3119,3917,126985,18,19860,74,1,7933,0.0010000000000000009
267999,2860,3181,127946,3037,3905,126827,19,19861,74,1,7934,0.0010000000000000009
268999,2903,3211,128035,3210,3861,127069,18,19860,78,1,7935,0.0010000000000000009
269999,2915,3218,127953,2991,4002,126894,18,19860,74,1,7936,0.0010000000000000009
271002,2934,3245,127862,3118,3861,126927,18,19860,74,1,7937,0.0010029999999999761
271999,2942,3274,127768,3152,3848,126938,18,19861,74,1,7938,0.0009970000000000256
272999,2825,3239,127746,3131,3833,126897,18,19861,74,1,7939,0.0010000000000000009
273999,2897,3224,127976,3147,3899,126872,19,19861,74,1,7940,0.0010000000000000009
274999,2813,3254,127952,3125,3970,126873,18,19860,78,1,7941,0.0010000000000000009
275999,2884,3274,127884,3054,4003,126926,18,19860,74,1,7942,0.0010000000000000009
277002,2941,3258,127862,3143,3915,127032,18,19861,74,1,7943,0.0010029999999999761
277999,2812,3255,127959,3160,3992,126814,19,19860,78,1,7944,0.0009970000000000256
278999,2865,3157,127858,3113,3924,126887,18,19862,74,1,7945,0.0010000000000000009
280002,2886,3231,127892,2997,3823,126884,18,19862,74,1,7946,0.0010029999999999761
280999,2953,3325,127959,3041,3869,126991,16,19860,74,1,7947,0.0009970000000000256
282001,2945,3207,127720,3092,3961,127029,16,19860,66,1,7948,0.0010020000000000029
282999,2849,3193,127871,3011,3893,126994,17,19860,70,1,7949,0.0009979999999999989
283999,2924,3245,127950,2993,3974,127022,18,19861,74,1,7950,0.0010000000000000009
284999,2807,3173,127901,3148,3970,127076,19,19859,78,1,7951,0.0010000000000000009
285999,2883,3219,127949,3113,3952,126944,19,19859,78,1,7952,0.0010000000000000009
287001,2994,3155,127928,3081,3937,126904,18,19861,78,1,7953,0.0010020000000000029
288001,2835,3239,127911,3159,3981,127036,18,19860,74,1,7954,0.0010000000000000009
289001,2864,3180,127932,3023,3820,126994,17,19859,70,1,7955,0.0010000000000000009
290001,2892,3302,127966,3059,3857,127011,18,19860,74,1,7956,0.0010000000000000009
290999,2923,3152,127969,3012,3843,127034,19,19861,78,1,7957,0.0009979999999999989
291999,2813,3068,127838,3107,3992,126877,19,19861,78,1,7958,0.0010000000000000009
292999,2853,3255,127949,3034,3982,127049,18,19860,78,1,7959,0.0010000000000000009
294015,2938,3209,127921,3137,3815,126960,18,19861,74,1,7960,0.0010159999999999614
294999,2876,3244,127728,3052,3831,126817,19,19860,78,1,7961,0.0009840000000000404
295999,2832,3225,127964,3115,3938,127087,17,19859,70,1,7962,0.0010000000000000009
296999,2796,3331,127856,3045,3936,126897,18,19861,74,1,7963,0.0010000000000000009
298000,2894,3145,127934,3113,3861,126968,18,19861,74,1,7964,0.0010009999999999741
298999,2886,3399,127915,3032,3953,126814,18,19859,74,1,7965,0.0009989999999999721
299999,2941,3122,127812,3105,3937,126897,18,19862,74,1,7966,0.0010000000000000009
300999,2932,3271,127800,3064,3954,126958,18,19861,74,1,7967,0.0010000000000000009
301999,2960,3122,127907,3037,3850,126953,18,19862,74,1,7968,0.0010000000000000009
302999,2936,3248,127841,3033,3938,126807,18,19861,74,1,7969,0.0010000000000000009
304001,2840,3165,127896,3067,3917,126980,17,19861,70,1,7970,0.0010020000000000029
304999,2792,3208,127900,3078,3895,126909,18,19860,70,1,7971,0.0009979999999999989
305999,2900,3222,127852,3105,3960,126982,18,19862,74,1,7972,0.0010000000000000009
307002,2853,3278,127854,3051,3973,126898,18,19860,74,1,7973,0.0010030000000000316
307999,3026,3295,127788,3238,3845,126896,18,19860,74,1,7974,0.0009969999999999701
309000,2844,3189,127920,3021,3830,126984,16,19862,66,1,7975,0.0010010000000000296
309999,2910,3185,127901,3061,3910,126883,18,19862,74,1,7976,0.0009989999999999721
310999,2918,3280,127927,3140,4006,126914,17,19861,74,1,7977,0.0010000000000000009
311999,2865,3165,127807,3168,3819,126889,17,19860,70,1,7978,0.0010000000000000009
312999,2985,3229,127961,3137,4002,126952,17,19861,70,1,7979,0.0010000000000000009
313999,2922,3186,127812,3149,3931,127008,17,19860,70,1,7980,0.0010000000000000009
314999,2833,3289,127943,3017,3911,126959,18,19861,74,1,7981,0.0010000000000000009
315999,2910,3294,127840,3164,4000,126921,18,19861,74,1,7982,0.0010000000000000009
316999,2930,3239,127875,158870,3976,126954,17,19861,74,1,7983,0.0010000000000000009
317999,2848,3251,127897,3096,3927,127062,18,19860,70,1,7984,0.0010000000000000009
318999,2883,3276,127891,3122,3871,126933,18,19862,74,1,7985,0.0010000000000000009
319999,2938,3214,127970,3110,3847,126969,18,19860,74,1,7986,0.0010000000000000009
320999,2819,3239,127934,3130,3998,126940,17,19860,70,1,7987,0.0010000000000000009
321999,2964,3215,127859,3152,3925,127043,18,19859,74,1,7988,0.0010000000000000009
322999,2914,3238,128057,3099,3920,126861,18,19859,74,1,7989,0.0010000000000000009
323999,2966,3322,127890,3068,3884,126889,18,19860,74,1,7990,0.0010000000000000009
324999,2880,3181,127958,3094,3856,126976,18,19860,74,1,7991,0.0010000000000000009
325999,2948,3273,127896,3044,3972,127030,18,19860,74,1,7992,0.0010000000000000009
326999,2837,3241,127872,3128,3992,127033,18,19860,74,1,7993,0.0010000000000000009
327999,2773,3293,127909,3055,3900,126961,18,19861,74,1,7994,0.0010000000000000009
328999,2839,3117,127886,3230,3902,126872,19,19861,74,1,7995,0.0010000000000000009
329999,2923,3263,127903,3076,3894,126848,17,19861,78,1,7996,0.0010000000000000009
330999,2907,3297,127793,3025,3806,126887,17,19861,70,1,7997,0.0010000000000000009
331999,2861,3320,128013,2978,4010,126909,18,19862,74,1,7998,0.0010000000000000009
332999,2923,3250,127848,150678,3791,126997,16,19860,66,1,7999,0.0010000000000000009
333999,2890,3329,127924,3091,3884,126885,18,19861,74,1,8000,0.0010000000000000009
334999,2916,3257,127944,3141,3869,126875,18,19861,74,1,8001,0.0010000000000000009
335999,2870,3202,127940,3048,3923,126985,18,19862,74,1,8002,0.0010000000000000009
336999,2932,3241,127933,3074,3928,127006,18,19860,74,1,8003,0.0010000000000000009
337999,2875,3258,128041,3103,3909,126904,16,19861,66,1,8004,0.0010000000000000009
338999,2961,3178,127925,3183,3869,126942,19,19860,78,1,8005,0.0010000000000000009
339999,2922,3342,127935,3107,3978,126964,18,19860,74,1,8006,0.0010000000000000009
340999,2881,3257,127893,3057,3905,126890,17,19860,74,1,8007,0.0010000000000000009
341999,2783,3305,127922,3094,3903,126941,19,19861,70,1,8008,0.0010000000000000009
343001,3028,3270,127888,3200,3917,126902,19,19860,78,1,8009,0.0010020000000000029
343999,2854,3285,127984,3030,3981,126898,19,19861,78,1,8010,0.0009979999999999989
344999,2981,3310,127846,3050,3922,126940,17,19861,70,1,8011,0.0010000000000000009
345999,2866,3241,127907,3031,3851,126883,20,19859,82,1,8012,0.0010000000000000009
346999,2860,3170,128013,3030,3878,126951,17,19859,70,1,8013,0.0010000000000000009
347999,2935,3212,127790,3082,4034,126949,19,19862,70,1,8014,0.0010000000000000009
348999,2958,3299,127925,150678,3900,126964,18,19861,78,1,8015,0.0010000000000000009
350001,2868,3259,128003,3073,3896,126910,18,19860,74,1,8016,0.0010020000000000029
350999,2930,3138,127931,3120,3917,126843,19,19861,78,1,8017,0.0009979999999999989
351999,2928,3165,127820,3042,3934,127106,19,19861,78,1,8018,0.0010000000000000009
352999,2926,3201,127987,3140,3899,126980,19,19861,78,1,8019,0.0010000000000000009
353999,2982,3306,127855,3106,3946,126830,18,19859,78,1,8020,0.0010000000000000009
354999,2981,3270,127943,3142,3860,126926,18,19862,74,1,8021,0.0010000000000000009
355999,2834,3283,127847,3029,3871,126846,18,19861,74,1,8022,0.0010000000000000009
356999,2909,3198,127962,3082,3916,127136,18,19861,74,1,8023,0.0010000000000000009
357999,2876,3213,127864,3059,3991,126943,17,19860,70,1,8024,0.0009999999999999454
359001,2814,3249,127819,3096,3901,126902,18,19860,74,1,8025,0.0010020000000000029
359999,2863,3213,127841,3111,3926,126951,18,19860,74,1,8026,0.0009979999999999989
361001,2916,3286,127945,3101,3906,126917,17,19860,74,1,8027,0.0010020000000000029
361999,2839,3257,127661,3065,3853,126925,17,19860,70,1,8028,0.0009979999999999989
362999,2855,3156,127805,3103,3930,126950,19,19861,78,1,8029,0.0010000000000000009
364000,2881,3157,128069,3093,3820,126945,18,19861,74,1,8030,0.0010010000000000296
365000,2838,3310,127961,3034,3944,126952,18,19860,74,1,8031,0.0010000000000000009
365999,2847,3289,127866,3212,3890,127006,18,19860,74,1,8032,0.0009989999999999721
366999,2895,3200,127754,3109,4050,127005,18,19861,74,1,8033,0.0010000000000000009
367999,2915,3279,127919,3066,3979,126915,18,19860,74,1,8034,0.0010000000000000009
369001,2909,3206,127816,2999,3925,126911,18,19861,74,1,8035,0.0010020000000000029
369999,2915,3181,127915,3132,3853,126883,18,19861,74,1,8036,0.0009979999999999989
370999,2845,3295,128007,2963,3970,126878,19,19860,78,1,8037,0.0010000000000000009
371999,2869,3286,127991,3107,3904,127105,17,19860,78,1,8038,0.0010000000000000009
372999,2904,3254,127990,3001,3996,127052,16,19860,70,1,8039,0.0010000000000000009
373999,2825,3200,127899,3106,3837,126953,16,19861,66,1,8040,0.0010000000000000009
374999,2878,3257,127923,3076,3893,126920,18,19861,74,1,8041,0.0010000000000000009
375999,2905,3123,127861,3082,3784,127027,18,19860,74,1,8042,0.0010000000000000009
376999,2944,3285,127864,3051,3969,126939,19,19860,78,1,8043,0.0010000000000000009
378001,2834,3249,127927,3137,3823,126972,17,19860,78,1,8044,0.0010020000000000029
378999,2848,3275,127900,3068,3959,126999,17,19860,70,1,8045,0.0009979999999999989
379999,2897,3209,127832,3107,3863,126953,17,19861,70,1,8046,0.0010000000000000009
380999,2881,3290,127852,3061,3984,126776,17,19860,70,1,8047,0.0010000000000000009
381999,2875,3199,127938,3126,3907,127000,18,19860,74,1,8048,0.0010000000000000009
382999,2876,3255,127857,3009,3951,126851,19,19861,78,1,8049,0.0010000000000000009
383999,2843,3165,127830,3049,3911,126982,17,19861,78,1,8050,0.0010000000000000009
384999,2803,3222,127938,3011,3827,126847,18,19860,70,1,8051,0.0010000000000000009
385999,2914,3225,128020,3139,3914,126937,18,19860,74,1,8052,0.0010000000000000009
387001,2902,3314,127901,3032,3919,126954,17,19861,70,1,8053,0.0010020000000000029
387999,2882,3216,127879,3084,3887,126861,18,19862,74,1,8054,0.0009979999999999989
388999,2938,3242,127934,3076,3906,127002,18,19861,74,1,8055,0.0010000000000000009
389999,2870,3233,127738,3052,3950,126905,18,19861,74,1,8056,0.0010000000000000009
390999,2898,3166,128061,3115,3946,126779,19,19860,74,1,8057,0.0010000000000000009
391999,3012,3226,127816,3088,3993,126858,18,19858,78,1,8058,0.0010000000000000009
392999,2902,3267,127839,3053,3927,126934,18,19861,74,1,8059,0.0010000000000000009
393999,2882,3200,127944,3054,3952,126853,20,19860,82,1,8060,0.0010000000000000009
394999,2862,3163,127909,2971,3877,126823,18,19860,74,1,8061,0.0010000000000000009
395999,2806,3245,127917,3116,3951,126830,18,19860,74,1,8062,0.0010000000000000009
396999,2767,3258,128052,3149,3979,126884,19,19860,74,1,8063,0.0010000000000000009
398000,2916,3163,127777,3062,3791,127061,18,19861,78,1,8064,0.0010009999999999741
399000,2918,3217,127855,3063,3930,126937,18,19861,74,1,8065,0.0010000000000000009
399999,2869,3230,127835,3175,3908,126879,19,19861,78,1,8066,0.0009990000000000276
400999,2910,3112,127893,3112,3849,126915,20,19861,82,1,8067,0.0010000000000000009
401999,2933,3224,128035,3065,3911,127008,18,19861,74,1,8068,0.0010000000000000009
402999,2888,3133,127906,3113,3874,126961,17,19860,74,1,8069,0.0010000000000000009
404000,2875,3180,127887,3199,3961,126977,18,19862,70,1,8070,0.0010009999999999741
404999,2855,3266,127919,3087,4044,126792,18,19861,74,1,8071,0.0009990000000000276
405999,2806,3311,127872,3001,3911,126952,18,19860,74,1,8072,0.0010000000000000009
406999,2933,3236,127836,3118,3851,126920,18,19860,74,1,8073,0.0010000000000000009
407999,2890,3300,127925,3042,3863,127039,18,19860,74,1,8074,0.0010000000000000009
408999,2917,3258,127865,3050,3922,127077,18,19860,74,1,8075,0.0010000000000000009
409999,2891,3223,127914,3167,3884,126935,20,19861,74,1,8076,0.0010000000000000009
410999,2873,3206,128010,3032,3925,126932,20,19860,82,1,8077,0.0010000000000000009
411999,2912,3232,127920,149654,3955,126962,18,19860,74,1,8078,0.0010000000000000009
413037,2772,3248,127872,3109,3939,126934,20,19860,82,1,8079,0.0010379999999999834
414002,2908,3237,127924,3037,3935,126854,18,19860,74,1,8080,0.0009649999999999936
414999,2845,3242,127764,3042,3916,126912,20,19860,74,1,8081,0.0009970000000000256
415999,2883,3215,127861,3025,3904,126942,18,19861,82,1,8082,0.0010000000000000009
416999,2833,3211,127811,3090,3913,126892,18,19860,74,1,8083,0.0010000000000000009
417999,2939,3318,127898,2993,3947,127041,18,19860,74,1,8084,0.0009999999999999454
418999,2781,3274,127822,3156,3854,126887,20,19860,82,1,8085,0.0010000000000000009
420000,2838,3213,127840,3025,4143,126968,18,19859,74,1,8086,0.0010010000000000296
421000,2853,3240,127927,3121,3904,126956,17,19859,74,1,8087,0.0010000000000000009
421999,2873,3222,127860,3050,3910,126942,18,19860,70,1,8088,0.0009989999999999721
422999,3000,3329,127856,3170,3839,126854,18,19861,74,1,8089,0.0010000000000000009
423999,2952,3264,127905,3177,3906,127049,18,19860,74,1,8090,0.0010000000000000009
424999,2911,3205,127866,3110,3862,126934,17,19861,70,1,8091,0.0010000000000000009
425999,3000,3216,127855,3155,3951,126864,18,19861,74,1,8092,0.0010000000000000009
426999,2930,3313,127976,3126,3827,126996,17,19861,74,1,8093,0.0010000000000000009
427999,3004,3274,127950,158870,3912,127024,19,19860,70,1,8094,0.0010000000000000009
428999,2993,3229,127955,3254,3921,127079,19,19861,78,1,8095,0.0010000000000000009
429999,2998,3215,127948,3071,3917,126854,17,19861,70,1,8096,0.0010000000000000009
430999,2940,3161,127850,3170,3918,126937,18,19861,74,1,8097,0.0010000000000000009
431999,2803,3178,127935,3150,3936,126950,19,19860,78,1,8098,0.0010000000000000009
432999,2797,3275,127904,3064,3861,126867,19,19860,78,1,8099,0.0010000000000000009
434022,2943,3251,127877,2970,3878,126989,18,19861,78,1,8100,0.0010229999999999961
435000,2963,3209,127964,3165,3983,126950,18,19859,74,1,8101,0.0009780000000000344
436002,2874,3167,127868,3030,3912,126909,16,19861,66,1,8102,0.0010020000000000029
436999,2912,3203,127978,3058,3980,126882,18,19861,74,1,8103,0.0009969999999999701
437999,3000,3165,127870,3069,3892,127081,20,19860,82,1,8104,0.0010000000000000009
439000,2911,3230,127854,3058,3868,126953,18,19860,74,1,8105,0.0010010000000000296
439999,2940,3248,127877,3085,3868,126836,18,19861,74,1,8106,0.0009989999999999721
441000,2921,3259,127898,3083,3927,126872,17,19859,74,1,8107,0.0010010000000000296
441999,2931,3197,128064,3067,3863,126932,17,19862,70,1,8108,0.0009989999999999721
442999,2931,3308,127907,3015,3951,126894,17,19860,70,1,8109,0.0010000000000000009
444000,2790,3289,127896,158870,3924,126984,19,19860,78,1,8110,0.0010010000000000296
444999,2797,3241,127988,3178,3913,126917,18,19860,74,1,8111,0.0009989999999999721
446001,2901,3229,127972,3023,3880,126944,18,19862,74,1,8112,0.0010020000000000029
446999,2913,3252,127890,3113,3923,127013,19,19861,74,1,8113,0.0009979999999999989
447999,2882,3226,127939,3078,3942,127075,19,19862,78,1,8114,0.0010000000000000009
448999,2968,3259,127837,2998,3845,127042,19,19859,78,1,8115,0.0010000000000000009
449999,2763,3189,127866,3132,3906,126957,19,19860,78,1,8116,0.0010000000000000009
451000,2892,3200,127883,3138,3913,127054,20,19860,82,1,8117,0.0010009999999999741
452001,2766,3167,127921,3087,3994,126913,18,19860,82,1,8118,0.0010010000000000296
452999,2941,3205,127846,3222,3932,127037,18,19860,74,1,8119,0.0009979999999999989
454000,2907,3168,127872,3064,3915,126964,18,19860,74,1,8120,0.0010009999999999741
454999,2911,3288,127890,3120,3842,126864,19,19860,78,1,8121,0.0009990000000000276
455999,2923,3199,127905,3165,3861,126835,20,19860,82,1,8122,0.0010000000000000009
456999,2900,3200,127927,3147,3922,126876,22,19860,90,1,8123,0.0010000000000000009
457999,2902,3222,127915,3025,3936,126945,18,19860,90,1,8124,0.0010000000000000009
458999,2860,3233,127879,3019,3955,126915,18,19861,74,1,8125,0.0010000000000000009
459999,2858,3272,127970,3126,3964,126979,18,19860,74,1,8126,0.0010000000000000009
460999,2853,3189,127765,2980,3960,126929,18,19861,74,1,8127,0.0010000000000000009
461999,2906,3246,127966,3122,3881,126854,19,19859,78,1,8128,0.0010000000000000009
462999,2897,3298,127931,2923,3961,126937,19,19860,78,1,8129,0.0010000000000000009
464000,2848,3237,127805,3066,3874,126966,17,19860,78,1,8130,0.0010009999999999741
464999,2894,3193,127750,2958,3981,126882,19,19859,70,1,8131,0.0009990000000000276
465999,2861,3232,127972,3052,3954,126961,19,19860,78,1,8132,0.0010000000000000009
466999,2944,3279,127910,2957,4024,126893,20,19860,82,1,8133,0.0010000000000000009
467999,2964,3228,127826,3118,3902,126911,18,19860,74,1,8134,0.0010000000000000009
468999,2889,3192,127900,3233,3943,126926,19,19861,78,1,8135,0.0010000000000000009
469999,2925,3259,127981,3090,3887,127023,20,19861,78,1,8136,0.0010000000000000009
470999,2911,3165,127790,3032,4010,126815,18,19860,82,1,8137,0.0010000000000000009
471999,2960,3224,128021,3165,3880,126889,18,19859,74,1,8138,0.0010000000000000009
472999,2876,3280,127905,3117,3847,126875,19,19860,78,1,8139,0.0010000000000000009
473999,2885,3197,127772,3188,3873,126951,20,19861,82,1,8140,0.0010000000000000009
474999,2996,3267,128014,3060,3811,126901,19,19861,78,1,8141,0.0010000000000000009
475999,2789,3191,127994,3174,3869,126853,19,19861,78,1,8142,0.0010000000000000009
476999,2897,3305,127850,3070,3961,126852,19,19861,78,1,8143,0.0009999999999999454
478000,2927,3160,127863,3025,3877,127027,19,19860,78,1,8144,0.0010010000000000296
478999,2924,3168,127940,3069,3913,126874,18,19860,74,1,8145,0.0009989999999999721
479999,2884,3129,127848,3005,3904,126918,18,19860,74,1,8146,0.0010000000000000009
481000,2897,3229,127879,3115,3950,126986,20,19860,82,1,8147,0.0010010000000000296
481999,2865,3202,127928,2945,3889,126926,20,19860,82,1,8148,0.0009989999999999721
483001,2839,3237,127945,3105,3888,126909,19,19860,82,1,8149,0.0010020000000000029
483999,2904,3179,127935,3100,3891,126836,19,19860,78,1,8150,0.0009979999999999989
484999,2904,3216,127996,3019,3903,126909,19,19860,78,1,8151,0.0010000000000000009
485999,2891,3202,127966,3106,3970,126927,18,19860,74,1,8152,0.0010000000000000009
486999,2961,3190,127886,3099,3911,127013,18,19859,74,1,8153,0.0010000000000000009
487999,2921,3239,127959,3060,3910,126959,20,19859,82,1,8154,0.0010000000000000009
488999,2831,3174,127823,3089,3941,126865,18,19861,82,1,8155,0.0010000000000000009
489999,2907,3156,127946,2961,4027,126943,18,19860,74,1,8156,0.0010000000000000009
490999,2957,3258,127837,3151,3900,126928,18,19860,74,1,8157,0.0010000000000000009
492000,2898,3217,127926,3044,3898,126969,19,19860,78,1,8158,0.0010010000000000296
492999,2817,3253,127834,3073,3952,126881,20,19859,82,1,8159,0.0009989999999999721
493999,2894,3216,127966,3050,3882,127062,19,19859,78,1,8160,0.0010000000000000009
494999,2828,3156,127932,3038,3918,126960,18,19860,78,1,8161,0.0010000000000000009
495999,2942,3155,127910,3011,3924,126902,18,19861,74,1,8162,0.0010000000000000009
496999,2868,3141,127874,3127,3983,126866,18,19860,74,1,8163,0.0010000000000000009
498000,2846,3279,127854,2991,3849,126831,19,19860,78,1,8164,0.0010010000000000296
498999,2911,3121,127952,3124,3886,127069,19,19860,78,1,8165,0.0009989999999999721
499999,2925,3270,127828,3162,3937,126951,19,19860,78,1,8166,0.0010000000000000009
500999,2802,3104,127986,3112,3897,127000,19,19860,78,1,8167,0.0010000000000000009
501999,2846,3221,127897,3117,3869,126875,17,19860,78,1,8168,0.0010000000000000009
503001,2887,3207,127862,3128,3950,126925,17,19859,70,1,8169,0.0010020000000000584
503999,2895,3175,127899,3016,3929,127072,19,19860,78,1,8170,0.0009979999999999434
504999,2982,3147,127881,3045,3957,127122,19,19860,78,1,8171,0.0010000000000000009
505999,2778,3304,127914,3104,3862,126917,19,19860,78,1,8172,0.0010000000000000009
506999,2863,3304,127916,158870,3866,126831,19,19860,78,1,8173,0.0010000000000000009
508001,2823,3288,127934,3164,3912,126953,18,19859,78,1,8174,0.0010019999999999474
508999,2962,3255,127859,3127,3855,126932,18,19860,74,1,8175,0.0009980000000000544
509999,2934,3185,127842,3043,3895,126951,20,19859,82,1,8176,0.0010000000000000009
510999,2858,3271,127884,3200,3999,126924,18,19860,74,1,8177,0.0010000000000000009
511999,2876,3259,128006,3081,3889,126788,18,19860,74,1,8178,0.0010000000000000009
512999,2846,3234,128023,3128,3805,127083,18,19860,74,1,8179,0.0010000000000000009
513999,2879,3257,128063,3151,3964,126930,18,19860,74,1,8180,0.0010000000000000009
514999,2975,3208,127806,3101,3846,126951,18,19861,74,1,8181,0.0010000000000000009
515999,2957,3311,127786,3138,3973,126963,20,19861,82,1,8182,0.0010000000000000009
516999,2972,3245,127860,3083,3860,126771,18,19860,74,1,8183,0.0010000000000000009
517999,2923,3188,127846,3132,3937,126799,18,19861,74,1,8184,0.0010000000000000009
518999,2846,3224,127839,3084,3937,126987,19,19861,74,1,8185,0.0010000000000000009
519999,2893,3158,127809,3028,3981,126984,20,19861,78,1,8186,0.0010000000000000009
520999,2962,3240,127927,3184,3886,126858,20,19860,82,1,8187,0.0010000000000000009
522000,2930,3185,127869,2981,3919,126934,17,19860,70,1,8188,0.0010010000000000296
522999,2977,3258,127840,157846,3924,126882,20,19861,82,1,8189,0.0009989999999999721
523999,2899,3267,127973,3065,3918,126980,18,19860,74,1,8190,0.0010000000000000009
524999,2901,3232,127887,3037,3845,126956,18,19860,74,1,8191,0.0010000000000000009
525999,2951,3183,127956,3078,3881,126987,19,19861,74,1,8192,0.0010000000000000009
526999,2778,3263,127999,3071,3880,126962,20,19859,78,1,8193,0.0010000000000000009
528001,2817,3208,127854,3068,3927,126906,20,19860,82,1,8194,0.0010019999999999474
529001,2912,3262,127744,3087,3882,126921,19,19860,78,1,8195,0.0010000000000000009
529999,2827,3343,127944,3096,3931,126906,20,19859,82,1,8196,0.0009980000000000544
530999,3021,3342,127882,3065,3908,126941,19,19859,78,1,8197,0.0010000000000000009
531999,2798,3237,127832,3096,3737,127047,19,19860,78,1,8198,0.0010000000000000009
532999,2921,3259,127911,3027,3888,126989,18,19861,78,1,8199,0.0010000000000000009
533999,2921,3157,127924,3155,3979,126969,18,19860,74,1,8200,0.0010000000000000009
534999,2867,3313,127741,3117,3880,126977,18,19861,74,1,8201,0.0010000000000000009
535999,2780,3205,127790,3061,3948,126992,18,19859,74,1,8202,0.0010000000000000009
536999,2831,3179,127935,2997,3813,126968,19,19859,78,1,8203,0.0010000000000000009
538001,2987,3232,127928,3097,3920,126893,19,19860,78,1,8204,0.0010019999999999474
538999,3009,3299,127841,3220,3912,126805,20,19859,78,1,8205,0.0009980000000000544
539999,2784,3273,127873,3101,3887,126876,20,19860,82,1,8206,0.0010000000000000009
540999,2964,3228,127768,3111,3867,126883,19,19860,78,1,8207,0.0010000000000000009
541999,2983,3185,127938,3070,3987,127037,20,19860,82,1,8208,0.0010000000000000009
542999,2824,3202,127842,3059,3928,126899,20,19860,82,1,8209,0.0010000000000000009
543999,2814,3141,127756,3072,3905,126899,19,19860,82,1,8210,0.0010000000000000009
544999,2770,3326,127847,3112,3854,126895,17,19860,78,1,8211,0.0010000000000000009
546001,2825,3172,127783,3155,3969,126959,17,19860,70,1,8212,0.0010019999999999474
546999,2932,3337,127931,2984,3843,126816,20,19860,82,1,8213,0.0009980000000000544
547999,2928,3224,127879,3150,3889,126897,19,19860,78,1,8214,0.0010000000000000009
548999,2896,3266,127989,3185,3879,126758,21,19861,86,1,8215,0.0010000000000000009
549999,2822,3206,127754,3046,3903,127037,18,19861,86,1,8216,0.0010000000000000009
550999,2905,3214,127897,3091,3847,126997,20,19861,74,1,8217,0.0010000000000000009
552001,2883,3223,127879,3143,3946,126975,20,19860,82,1,8218,0.0010019999999999474
553000,2872,3216,127957,3079,3965,126837,19,19861,78,1,8219,0.0009989999999999721
554004,2915,3181,127744,3089,3926,126937,19,19860,78,1,8220,0.0010040000000000049
554999,2903,3199,127847,3088,3953,126796,22,19860,90,1,8221,0.0009950000000000792
555999,2831,3282,127892,3184,3965,126988,19,19860,90,1,8222,0.0010000000000000009
557000,2949,3360,127892,3103,3900,126935,18,19859,78,1,8223,0.0010009999999999186
557999,2829,3190,127885,3108,3958,126969,18,19860,74,1,8224,0.0009990000000000832
558999,2863,3260,127947,3074,4020,126965,20,19860,82,1,8225,0.0010000000000000009
559999,2923,3183,127885,3092,3810,126950,19,19860,78,1,8226,0.0010000000000000009
560999,2953,3169,127810,3023,3896,126970,20,19860,82,1,8227,0.0010000000000000009
561999,2894,3288,127940,3107,3901,127046,18,19860,82,1,8228,0.0010000000000000009
562999,2816,3247,127916,3107,3922,126935,19,19860,74,1,8229,0.0010000000000000009
563999,2823,3313,127920,3112,3849,126924,19,19860,78,1,8230,0.0010000000000000009
565000,2852,3255,127849,3009,3905,126866,18,19859,74,1,8231,0.0010009999999999186
566000,2917,3214,128007,3067,3904,126994,17,19860,70,1,8232,0.0010000000000000009
566999,2767,3218,127883,3041,3882,126891,19,19861,78,1,8233,0.0009989999999999721
567999,2914,3273,127812,3110,3919,126930,19,19861,78,1,8234,0.0010000000000000009
569000,2830,3212,127978,3086,3893,126869,20,19860,78,1,8235,0.0010010000000000296
569999,2908,3337,127841,2973,3921,127023,20,19859,82,1,8236,0.0009989999999999721
570999,2989,3291,127941,3041,3951,126966,20,19860,82,1,8237,0.0010000000000000009
571999,2816,3234,127826,3150,3880,126988,19,19861,78,1,8238,0.0010000000000000009
572999,2812,3200,127826,3087,3862,126980,18,19860,74,1,8239,0.0010000000000000009
574001,2890,3183,127912,2990,3849,126872,19,19860,78,1,8240,0.0010020000000000584
574999,2835,3260,127940,3094,3956,127058,21,19859,78,1,8241,0.0009979999999999434
575999,2882,3215,127893,3098,3872,127013,19,19858,86,1,8242,0.0010000000000000009
576999,2795,3186,127913,3085,3885,127022,19,19860,78,1,8243,0.0010000000000000009
577999,2838,3211,127898,3018,3876,126814,19,19860,78,1,8244,0.0010000000000000009
579002,2857,3193,127865,3148,3830,126898,19,19861,78,1,8245,0.0010030000000000872
580001,2880,3331,127910,3120,3884,126801,19,19861,78,1,8246,0.0009989999999999721
581001,2896,3263,127759,3120,3890,126921,19,19861,78,1,8247,0.0010000000000000009
581999,2823,3232,127879,3052,3919,126916,21,19860,78,1,8248,0.0009979999999999434
583000,2915,3197,127814,3081,3949,126992,21,19860,86,1,8249,0.0010010000000000296
583999,2920,3304,127784,3042,3910,126982,19,19861,78,1,8250,0.0009989999999999721
584999,2883,3218,127828,3093,3929,126911,20,19861,82,1,8251,0.0010000000000000009
586000,2865,3225,127933,158870,3947,126830,19,19861,78,1,8252,0.0010010000000000296
587000,2930,3229,127901,3077,3938,126952,19,19860,78,1,8253,0.0010000000000000009
588000,2902,3296,127955,3087,3784,126980,19,19860,78,1,8254,0.0010000000000000009
588999,2850,3324,127919,3171,3943,126824,19,19860,78,1,8255,0.0009989999999999721
590000,2894,3203,127814,3015,3915,127031,19,19860,78,1,8256,0.0010010000000000296
590999,2993,3148,127902,3174,3908,126938,19,19862,78,1,8257,0.0009989999999999721
591999,2935,3212,127852,3078,3946,126921,21,19859,86,1,8258,0.0010000000000000009
592999,2871,3213,127898,3096,3740,126938,20,19859,86,1,8259,0.0010000000000000009
593999,2880,3243,127923,3085,3857,127043,18,19860,82,1,8260,0.0010000000000000009
594999,2927,3200,127868,3157,3947,126943,18,19859,74,1,8261,0.0010000000000000009
595999,2924,3256,127889,3105,3970,127042,20,19860,82,1,8262,0.0010000000000000009
597000,2858,3303,127857,3138,3948,127033,19,19860,78,1,8263,0.0010010000000000296
597999,2869,3245,127890,3056,3965,126938,18,19860,74,1,8264,0.0009989999999999721
598999,2853,3221,127872,3119,3918,126999,19,19860,74,1,8265,0.0010000000000000009
599999,2977,3184,127804,3119,3879,126963,19,19860,78,1,8266,0.0010000000000000009
600999,2837,3236,127847,3130,3855,126955,19,19860,78,1,8267,0.0010000000000000009
601999,2864,3214,127906,150678,3910,126922,17,19859,70,1,8268,0.0010000000000000009
603000,2947,3229,127896,3207,3860,126945,20,19860,82,1,8269,0.0010010000000000296
604001,2959,3252,127899,3111,3849,126936,18,19861,74,1,8270,0.0010010000000000296
604999,2907,3255,128063,3062,3913,126934,19,19861,74,1,8271,0.0009979999999999434
605999,2803,3181,127829,3132,3834,127043,16,19859,78,1,8272,0.0010000000000000009
606999,2956,3272,127771,3044,3919,126964,16,19860,66,1,8273,0.0010000000000000009
608001,2901,3269,127997,3009,3894,127030,19,19860,78,1,8274,0.0010020000000000584
609000,2829,3268,127897,3141,3898,126950,19,19860,78,1,8275,0.0009989999999999721
609999,2838,3205,127752,3079,3887,126973,18,19860,74,1,8276,0.0009989999999999721
610999,2978,3229,127942,3177,3899,126894,19,19860,74,1,8277,0.0010000000000000009
611999,2903,3276,128021,3131,3971,127015,19,19861,78,1,8278,0.0010000000000000009
612999,2930,3282,127904,3133,3863,126933,19,19860,78,1,8279,0.0010000000000000009
613999,2875,3237,127827,3116,3961,126954,18,19860,74,1,8280,0.0010000000000000009
614999,2929,3232,127857,3092,3946,126862,19,19859,78,1,8281,0.0010000000000000009
615999,2926,3167,127951,3081,3952,126917,19,19860,78,1,8282,0.0010000000000000009
616999,2914,3291,127804,3005,3850,126950,18,19860,74,1,8283,0.0010000000000000009
617999,2856,3161,127927,158870,4011,126872,19,19861,74,1,8284,0.0010000000000000009
618999,3000,3345,127867,3101,3916,126852,19,19860,78,1,8285,0.0010000000000000009
619999,2823,3170,128011,3107,3935,126979,19,19860,78,1,8286,0.0010000000000000009
620999,2854,3179,127961,3100,3885,126955,18,19860,74,1,8287,0.0010000000000000009
622000,2948,3297,127931,3042,3870,127067,19,19860,78,1,8288,0.0010010000000000296
622999,2868,3229,127867,3024,3959,126938,19,19860,78,1,8289,0.0009989999999999721
623999,2859,3182,127845,3150,3829,126958,19,19861,78,1,8290,0.0010000000000000009
625000,2933,3357,127982,3071,3984,127019,20,19860,78,1,8291,0.0010010000000000296
625999,2891,3159,127984,3212,3932,126911,20,19859,82,1,8292,0.0009989999999999721
626999,2891,3342,127826,3051,3920,126946,20,19860,82,1,8293,0.0010000000000000009
627999,2769,3123,127974,3094,3958,126930,18,19859,74,1,8294,0.0010000000000000009
629000,2980,3135,127992,3056,3994,126895,19,19859,78,1,8295,0.0010010000000000296
629999,2852,3332,127846,3127,3900,126985,20,19860,78,1,8296,0.0009989999999999721
630999,2865,3194,128037,3094,3939,126980,17,19861,82,1,8297,0.0010000000000000009
631999,2905,3263,127890,3116,3966,126885,17,19861,70,1,8298,0.0010000000000000009
632999,2882,3307,127892,3134,3923,127068,19,19861,78,1,8299,0.0010000000000000009
633999,2859,3292,127984,3135,3905,127064,19,19862,78,1,8300,0.0010000000000000009
634999,2860,3194,127783,3083,3865,127052,19,19860,78,1,8301,0.0010000000000000009
635999,2773,3192,127815,3184,3940,126969,20,19860,78,1,8302,0.0010000000000000009
636999,2940,3309,127840,3056,3882,126837,20,19859,82,1,8303,0.0010000000000000009
637999,2815,3193,127885,3063,4028,126955,20,19860,82,1,8304,0.0010000000000000009
638999,2869,3279,127866,3145,4002,126793,18,19860,74,1,8305,0.0010000000000000009
640001,2907,3249,127921,3166,3870,127027,19,19860,78,1,8306,0.0010019999999999474
640999,2877,3227,127930,3111,3992,126915,19,19860,78,1,8307,0.0009980000000000544
642000,2791,3172,127913,3106,3810,127045,18,19860,78,1,8308,0.0010010000000000296
642999,2893,3175,128004,3074,3949,126905,18,19859,74,1,8309,0.0009989999999999721
644000,2896,3160,127902,3057,3927,126994,18,19861,74,1,8310,0.0010010000000000296
644999,2923,3261,127955,3125,3933,126865,18,19860,74,1,8311,0.0009989999999999721
645999,2845,3225,127818,3126,3863,126937,19,19859,78,1,8312,0.0010000000000000009
647000,2918,3199,127852,3080,3915,126829,20,19860,82,1,8313,0.0010010000000000296
647999,2933,3266,127986,3190,3948,127032,19,19860,82,1,8314,0.0009989999999999721
648999,2885,3233,127900,2969,4029,126906,18,19859,78,1,8315,0.0010000000000000009
649999,2979,3222,127914,3093,3861,127010,18,19861,74,1,8316,0.0010000000000000009
650999,2870,3235,127788,3107,3964,126933,18,19860,74,1,8317,0.0010000000000000009
651999,2922,3265,127974,3097,3882,126880,18,19859,74,1,8318,0.0010000000000000009
652999,2876,3126,127844,3107,3948,126900,20,19860,82,1,8319,0.0010000000000000009
653999,2968,3197,127812,3125,3886,126898,18,19860,82,1,8320,0.0010000000000000009
654999,2848,3243,127923,3036,3893,126920,19,19860,74,1,8321,0.0010000000000000009
655999,2922,3208,127962,3204,3932,126923,19,19860,78,1,8322,0.0010000000000000009
656999,2891,3166,127951,3151,3949,126974,18,19861,74,1,8323,0.0010000000000000009
657999,2867,3206,127795,3037,3911,126914,18,19860,74,1,8324,0.0010000000000000009
658999,2844,3290,127871,3113,3930,126871,20,19859,82,1,8325,0.0010000000000000009
659999,2874,3196,127899,3016,3882,126925,18,19859,74,1,8326,0.0010000000000000009
661000,2923,3219,127798,3045,3951,126983,18,19861,74,1,8327,0.0010009999999999186
661999,2881,3278,127969,3069,3875,126860,19,19860,74,1,8328,0.0009990000000000832
662999,2753,3160,127878,3053,3907,126949,19,19860,78,1,8329,0.0010000000000000009
663999,2915,3223,127899,3044,3937,126875,17,19860,70,1,8330,0.0010000000000000009
664999,2823,3257,127880,3134,3873,127095,19,19860,78,1,8331,0.0010000000000000009
666000,2813,3303,127984,3071,3885,126906,21,19860,86,1,8332,0.0010009999999999186
667001,2850,3243,127962,3149,3880,126798,18,19862,86,1,8333,0.0010010000000000296
668001,2961,3195,128015,2905,3913,126847,20,19860,74,1,8334,0.0010000000000000009
669001,2846,3218,127807,3140,3863,126881,20,19860,82,1,8335,0.0010000000000000009
669999,2895,3293,127909,3141,3966,126878,18,19860,74,1,8336,0.0009980000000000544
670999,2856,3131,127927,3101,3977,126968,18,19860,74,1,8337,0.0010000000000000009
671999,2897,3280,127985,3014,3900,126945,18,19860,74,1,8338,0.0010000000000000009
672999,2916,3272,127983,3140,3947,126847,18,19860,74,1,8339,0.0010000000000000009
673999,2898,3179,127764,3056,3899,127006,20,19859,74,1,8340,0.0010000000000000009
674999,2886,3155,128032,3124,3843,126965,20,19860,82,1,8341,0.0010000000000000009
675999,2795,3234,127931,3115,3892,126947,19,19860,78,1,8342,0.0010000000000000009
676999,2850,3126,128021,3134,3953,126884,19,19860,78,1,8343,0.0010000000000000009
678000,2934,3179,127869,3009,3950,127038,18,19860,74,1,8344,0.0010009999999999186
678999,2919,3207,127845,3063,3815,126858,19,19860,74,1,8345,0.0009990000000000832
679999,2798,3248,127867,3076,3909,127007,20,19860,78,1,8346,0.0010000000000000009
680999,2885,3214,127906,150678,3917,126948,20,19860,82,1,8347,0.0010000000000000009
682001,2796,3246,127912,3091,3927,126923,19,19860,78,1,8348,0.0010019999999999474
682999,2852,3142,127909,3078,3965,126935,18,19860,74,1,8349,0.0009980000000000544
684002,2860,3212,127866,3134,3870,126934,18,19861,74,1,8350,0.0010029999999999761
685001,2899,3194,127873,3153,3863,126948,17,19861,74,1,8351,0.0009989999999999721
685999,2876,3219,128019,3051,4069,126918,18,19859,70,1,8352,0.0009979999999999434
687000,2903,3206,127888,3198,3905,126934,18,19861,74,1,8353,0.0010010000000000296
687999,2863,3194,127863,3062,4027,126970,19,19860,78,1,8354,0.0009989999999999721
688999,2746,3263,127917,3094,3884,126874,18,19860,74,1,8355,0.0010000000000000009
689999,2921,3216,127899,3131,3996,126879,18,19860,74,1,8356,0.0010000000000000009
691001,2842,3243,127894,3209,3884,126899,17,19860,74,1,8357,0.0010020000000000584
691999,2904,3222,127921,3055,3999,126981,18,19859,70,1,8358,0.0009979999999999434
692999,3020,3259,127970,3095,3952,127008,18,19860,74,1,8359,0.0010000000000000009
693999,2863,3299,127982,3032,3937,126906,19,19861,78,1,8360,0.0010000000000000009
694999,2938,3272,127821,3050,3884,127003,21,19860,86,1,8361,0.0010000000000000009
695999,3055,3220,127849,3097,3845,126941,20,19860,82,1,8362,0.0010000000000000009
696999,2854,3201,127786,158870,3790,126998,19,19860,82,1,8363,0.0010000000000000009
697999,2930,3206,127829,3157,3937,126874,20,19860,78,1,8364,0.0010000000000000009
698999,2984,3274,127842,3097,3977,126929,20,19860,82,1,8365,0.0010000000000000009
699999,2817,3231,127805,3128,3935,126938,19,19861,78,1,8366,0.0010000000000000009
700999,2861,3269,127891,2995,3936,126946,20,19861,82,1,8367,0.0010000000000000009
701999,2916,3236,127894,3141,3936,126909,21,19860,86,1,8368,0.0010000000000000009
702999,2899,3096,127789,3193,3892,126917,19,19860,78,1,8369,0.0010000000000000009
703999,2810,3198,127865,3016,3885,126789,19,19860,78,1,8370,0.0010000000000000009
705001,2920,3202,127824,3098,3941,126885,19,19860,78,1,8371,0.0010020000000000584
705999,2863,3174,127888,3150,3882,126930,19,19860,78,1,8372,0.0009979999999999434
706999,2960,3251,127837,3136,3944,126950,18,19860,74,1,8373,0.0010000000000000009
707999,2921,3195,127936,3235,3945,126929,20,19860,82,1,8374,0.0010000000000000009
708999,2874,3231,127833,3067,3851,126867,20,19860,82,1,8375,0.0010000000000000009
709999,2852,3147,127848,3179,3845,127040,19,19859,82,1,8376,0.0010000000000000009
710999,2930,3246,127928,2948,3945,126849,20,19860,78,1,8377,0.0010000000000000009
711999,3067,3230,127763,3193,4033,126847,20,19860,82,1,8378,0.0010000000000000009
712999,2842,3237,128020,150678,3974,126862,18,19858,74,1,8379,0.0010000000000000009
713999,2807,3220,127913,3197,3969,126958,18,19862,74,1,8380,0.0010000000000000009
714999,2972,3251,127870,3027,3900,126899,20,19862,82,1,8381,0.0010000000000000009
715999,2885,3179,127940,3230,3875,127068,18,19861,82,1,8382,0.0010000000000000009
716999,2952,3326,128036,3094,3824,126989,20,19860,74,1,8383,0.0010000000000000009
717999,2943,3157,128070,3089,3908,126905,20,19861,82,1,8384,0.0010000000000000009
719000,2942,3180,127971,2955,3975,126988,18,19861,74,1,8385,0.0010010000000000296
719999,2914,3263,127957,3140,3842,127009,18,19860,74,1,8386,0.0009989999999999721
720999,2881,3296,128022,3082,3932,127044,19,19861,78,1,8387,0.0010000000000000009
722000,2801,3131,127920,3091,3943,126970,20,19861,78,1,8388,0.0010010000000000296
723002,2852,3227,127869,3030,3941,126959,19,19859,82,1,8389,0.0010019999999999474
723999,2981,3131,127813,3067,3950,127111,19,19860,78,1,8390,0.0009970000000000256
724999,2862,3216,127896,3176,3891,126927,20,19859,82,1,8391,0.0010000000000000009
725999,2916,3192,127776,3183,3870,126966,19,19860,78,1,8392,0.0010000000000000009
726999,2872,3322,128001,3112,3895,126959,19,19859,78,1,8393,0.0010000000000000009
727999,2866,3298,128001,3097,3936,126865,17,19859,78,1,8394,0.0010000000000000009
728999,2926,3301,127848,3002,3910,126941,18,19860,70,1,8395,0.0010000000000000009
729999,2894,3314,127788,3225,3866,126924,18,19860,74,1,8396,0.0010000000000000009
730999,2964,3316,127824,2934,3803,126855,20,19860,82,1,8397,0.0010000000000000009
731999,2833,3216,127992,3148,3958,126965,20,19859,82,1,8398,0.0010000000000000009
732999,2931,3093,127912,3130,3959,126919,20,19860,82,1,8399,0.0010000000000000009
733999,2872,3202,127833,3200,3944,127057,19,19860,82,1,8400,0.0010000000000000009
734999,2937,3258,127764,3087,3953,126865,20,19860,78,1,8401,0.0010000000000000009
735999,2843,3290,127886,3247,3987,126875,20,19860,82,1,8402,0.0010000000000000009
736999,2934,3274,127868,3060,3913,126860,19,19860,78,1,8403,0.0010000000000000009
738000,2887,3217,127992,3154,3902,126940,19,19862,78,1,8404,0.0010010000000000296
738999,2887,3281,127936,3061,3825,126849,18,19860,74,1,8405,0.0009989999999999721
740000,2892,3201,127865,3164,3807,126840,18,19860,74,1,8406,0.0010010000000000296
740999,2863,3180,127923,3051,3887,126797,19,19859,74,1,8407,0.0009989999999999721
741999,2851,3237,127804,3121,3950,126913,19,19860,78,1,8408,0.0010000000000000009
742999,2833,3224,127829,3153,3957,126865,19,19860,78,1,8409,0.0010000000000000009
744000,2994,3274,127949,3014,4031,126906,20,19860,82,1,8410,0.0010010000000000296
744999,2836,3162,127863,3020,3852,126839,19,19860,78,1,8411,0.0009989999999999721
745999,2771,3202,127932,3232,3921,126896,18,19860,78,1,8412,0.0010000000000000009
746999,2879,3291,127911,3160,3871,126957,20,19858,74,1,8413,0.0010000000000000009
747999,2835,3256,128013,3055,3890,126887,20,19860,82,1,8414,0.0010000000000000009
749001,2892,3275,127962,3131,3911,126863,22,19860,90,1,8415,0.0010019999999999474
750000,2895,3304,127955,3020,4037,126988,19,19859,78,1,8416,0.0009990000000000832
750999,2799,3166,128042,3139,3830,127050,18,19859,74,1,8417,0.0009989999999999721
751999,2894,3238,128030,3093,4043,126984,19,19859,78,1,8418,0.0010000000000000009
753000,2822,3218,127911,3100,3872,127081,21,19861,78,1,8419,0.0010010000000000296
753999,2876,3166,127971,3053,3956,126973,20,19859,86,1,8420,0.0009989999999999721
754999,2840,3161,127895,3157,3940,126858,20,19860,82,1,8421,0.0010000000000000009
755999,2861,3260,127888,3061,3976,126963,20,19862,82,1,8422,0.0010000000000000009
756999,2919,3131,127992,3155,3959,127042,19,19859,78,1,8423,0.0010000000000000009
757999,2969,3348,127875,3146,3862,127026,18,19859,74,1,8424,0.0010000000000000009
758999,2844,3171,127887,3077,3849,127083,19,19860,74,1,8425,0.0010000000000000009
759999,2865,3158,127977,3056,4005,127028,18,19860,78,1,8426,0.0010000000000000009
760999,2865,3225,127776,3199,3934,126946,18,19860,74,1,8427,0.0010000000000000009
761999,2949,3316,127836,2994,3870,126908,18,19860,74,1,8428,0.0010000000000000009
762999,2853,3213,128061,3114,3828,126948,19,19860,78,1,8429,0.0010000000000000009
763999,2850,3201,127792,3037,3872,126934,19,19860,78,1,8430,0.0010000000000000009
765000,2834,3235,127899,3035,3888,126982,19,19860,78,1,8431,0.0010010000000000296
765999,2869,3261,127953,2972,3957,127013,18,19861,78,1,8432,0.0009989999999999721
766999,2884,3295,127882,3130,3850,126889,18,19861,74,1,8433,0.0010000000000000009
767999,2880,3289,127736,3072,3861,126817,21,19860,86,1,8434,0.0010000000000000009
769002,2884,3260,127884,3130,3880,127023,18,19860,74,1,8435,0.0010029999999999761
769999,2839,3132,128003,3160,3916,126869,19,19860,78,1,8436,0.0009970000000000256
770999,3001,3289,127999,3125,3907,127032,19,19860,78,1,8437,0.0010000000000000009
772000,2868,3126,127810,3137,4008,126960,19,19860,78,1,8438,0.0010010000000000296
772999,2833,3272,127806,3116,3847,126967,19,19860,78,1,8439,0.0009989999999999721
773999,2933,3285,127768,3147,4057,126873,17,19860,70,1,8440,0.0010000000000000009
774999,2898,3301,127890,3122,3933,126904,21,19860,86,1,8441,0.0010000000000000009
775999,2904,3323,127880,150678,3901,127048,19,19859,78,1,8442,0.0010000000000000009
776999,2866,3240,127994,3111,3835,126984,18,19859,78,1,8443,0.0010000000000000009
777999,2951,3250,127869,3002,3957,126871,19,19860,74,1,8444,0.0010000000000000009
779000,3043,3318,127918,3171,3947,126921,19,19861,78,1,8445,0.0010009999999999186
779999,2886,3276,127886,3210,3933,126933,18,19859,74,1,8446,0.0009990000000000832
780999,2898,3154,128002,3134,4020,126979,19,19860,78,1,8447,0.0010000000000000009
781999,2822,3232,127800,2992,3910,126868,18,19860,74,1,8448,0.0010000000000000009
782999,2914,3215,127843,3145,3894,126878,20,19860,74,1,8449,0.0010000000000000009
784001,2938,3103,127932,3148,4008,126912,20,19861,82,1,8450,0.0010019999999999474
784999,2934,3162,127903,3109,3865,127050,20,19858,82,1,8451,0.0009980000000000544
785999,2910,3184,128012,3088,3948,126829,19,19860,78,1,8452,0.0010000000000000009
786999,2901,3246,127877,3156,3941,126928,18,19862,74,1,8453,0.0010000000000000009
787999,2856,3212,127878,3122,3998,126980,20,19859,82,1,8454,0.0010000000000000009
789000,2852,3246,127895,3048,3876,126924,18,19859,82,1,8455,0.0010009999999999186
789999,2835,3169,127945,3095,3910,126920,20,19861,74,1,8456,0.0009990000000000832
790999,2927,3218,127958,3121,3966,126905,20,19860,82,1,8457,0.0010000000000000009
791999,2914,3169,127908,149654,3891,127010,20,19861,82,1,8458,0.0010000000000000009
792999,2928,3295,128037,3007,3964,126930,20,19859,82,1,8459,0.0010000000000000009
794002,2789,3201,128131,3125,3870,126909,18,19860,74,1,8460,0.0010029999999999761
795001,2892,3314,128141,3043,3878,126980,20,19860,82,1,8461,0.0009989999999999721
796001,2898,3136,127844,3077,3870,126962,19,19859,82,1,8462,0.0010000000000000009
796999,2893,3336,127887,3106,3910,126850,19,19861,78,1,8463,0.0009980000000000544
797999,2849,3310,127984,3058,3919,126890,19,19860,78,1,8464,0.0010000000000000009
799000,2875,3293,127947,3183,3975,127022,20,19861,82,1,8465,0.0010009999999999186
799999,2941,3137,127880,3014,3943,126909,18,19860,74,1,8466,0.0009990000000000832
800999,2999,3203,127881,2991,3847,126975,19,19860,78,1,8467,0.0010000000000000009
801999,2898,3141,127842,3010,3925,127032,19,19860,78,1,8468,0.0010000000000000009
802999,3014,3288,127961,3041,3851,126910,20,19860,78,1,8469,0.0010000000000000009
803999,2866,3241,127887,3200,4010,126882,20,19862,82,1,8470,0.0009999999999998899
804999,2965,3238,127975,3032,3915,126965,19,19860,78,1,8471,0.0010000000000000009
805999,2957,3198,127992,3040,3860,127017,20,19860,82,1,8472,0.0010000000000000009
807000,2829,3330,127868,3042,3875,126866,20,19860,82,1,8473,0.0010010000000000296
807999,3015,3240,127795,150678,4000,126942,20,19860,82,1,8474,0.0009989999999999721
809000,2846,3271,127854,3053,4035,126962,19,19858,82,1,8475,0.0010010000000000296
809999,2807,3176,127908,3035,3870,126942,19,19860,78,1,8476,0.0009989999999999721
810999,2945,3250,128089,3043,3848,126906,18,19860,74,1,8477,0.0010000000000000009
812001,2939,3232,127865,3168,3894,126944,19,19861,78,1,8478,0.0010020000000000584
812999,2850,3228,127954,3150,3908,126862,20,19859,82,1,8479,0.0009979999999999434
813999,2907,3227,127905,3135,3959,126923,19,19859,82,1,8480,0.0010000000000000009
814999,2772,3169,127958,3118,3932,127021,18,19860,78,1,8481,0.0010000000000000009
816002,2914,3192,127942,3202,3931,126870,18,19860,74,1,8482,0.0010030000000000872
816999,2892,3222,127733,3108,3985,126880,20,19859,82,1,8483,0.0009969999999999146
817999,2839,3211,127798,3133,3833,126954,19,19860,78,1,8484,0.0010000000000000009
819000,2940,3170,127868,3142,3957,126898,19,19860,78,1,8485,0.0010010000000000296
819999,2879,3270,127853,3172,3963,126774,19,19860,78,1,8486,0.0009989999999999721
820999,2919,3205,127841,3013,3994,126833,20,19859,78,1,8487,0.0010000000000000009
822000,2974,3187,127880,3140,3952,126841,20,19860,82,1,8488,0.0010010000000000296
822999,2807,3231,127879,3055,3983,126867,18,19860,74,1,8489,0.0009989999999999721
823999,2921,3321,127955,3086,3877,126904,19,19859,78,1,8490,0.0010000000000000009
825002,2833,3191,127893,3071,3935,126990,18,19861,74,1,8491,0.0010030000000000872
825999,2944,3304,127870,3145,3974,126950,18,19861,74,1,8492,0.0009969999999999146
826999,2927,3244,127745,3171,3882,126985,18,19860,74,1,8493,0.0010000000000000009
827999,2899,3239,128038,3054,3858,126898,18,19860,74,1,8494,0.0010000000000000009
828999,2914,3203,127813,3016,3856,126961,17,19859,70,1,8495,0.0010000000000000009
829999,2897,3264,127833,3029,3978,126962,16,19860,66,1,8496,0.0010000000000000009
831000,2846,3221,128043,2991,3875,126891,19,19861,78,1,8497,0.0010010000000000296
831999,2817,3236,127830,3065,3922,126898,20,19861,78,1,8498,0.0009989999999999721
832999,2883,3160,127975,3058,3868,127051,19,19859,82,1,8499,0.0010000000000000009
833999,2920,3228,127881,3117,3924,126845,19,19860,78,1,8500,0.0010000000000000009
834999,2857,3205,128063,3168,4003,127044,19,19860,78,1,8501,0.0010000000000000009
835999,2839,3174,127884,3069,3920,126910,19,19860,78,1,8502,0.0010000000000000009
836999,2851,3240,127905,3115,3874,127020,19,19859,78,1,8503,0.0010000000000000009
837999,2830,3169,127869,3035,3863,127039,19,19859,78,1,8504,0.0010000000000000009
839000,2840,3185,127939,3088,3946,127025,18,19860,78,1,8505,0.0010010000000000296
839999,2843,3196,127970,3093,3995,127061,20,19859,74,1,8506,0.0009989999999999721
840999,2880,3230,127826,3239,3952,126991,20,19860,82,1,8507,0.0010000000000000009
841999,2854,3241,127925,2979,3887,126933,18,19860,74,1,8508,0.0010000000000000009
842999,2893,3238,127790,3079,3927,126948,19,19860,78,1,8509,0.0010000000000000009
843999,2840,3204,127700,3008,3931,126957,20,19860,82,1,8510,0.0010000000000000009
844999,2833,3166,127986,3077,3966,126909,19,19860,82,1,8511,0.0010000000000000009
845999,2902,3160,128049,3138,3948,126988,20,19859,78,1,8512,0.0010000000000000009
846999,2904,3238,127991,3055,3781,127106,20,19860,82,1,8513,0.0010000000000000009
847999,2870,3164,127929,3104,3927,126847,19,19860,78,1,8514,0.0010000000000000009
848999,2931,3244,127826,3209,4045,126954,18,19859,74,1,8515,0.0010000000000000009
849999,2843,3246,127879,3051,3913,126829,17,19859,70,1,8516,0.0010000000000000009
850999,2868,3279,127913,3081,3874,126976,20,19860,70,1,8517,0.0010000000000000009
851999,2928,3133,127892,3132,3980,126933,19,19860,82,1,8518,0.0010000000000000009
852999,2957,3180,127830,3121,3884,126939,19,19859,78,1,8519,0.0010000000000000009
853999,2959,3282,127929,3004,3851,126741,18,19861,74,1,8520,0.0010000000000000009
854999,2843,3193,127920,3107,3911,126920,19,19860,78,1,8521,0.0010000000000000009
855999,2897,3092,127887,3130,3874,126832,19,19860,78,1,8522,0.0010000000000000009
856999,2979,3247,127995,3162,3847,126938,20,19860,78,1,8523,0.0010000000000000009
857999,2916,3229,127821,3044,3904,127018,19,19859,82,1,8524,0.0010000000000000009
858999,2976,3159,127968,3168,3846,126933,19,19858,78,1,8525,0.0010000000000000009
859999,2976,3251,127852,3120,3916,126825,20,19860,82,1,8526,0.0010000000000000009
860999,2863,3210,127919,3101,3880,126942,18,19859,74,1,8527,0.0010000000000000009
861999,2917,3204,127856,3022,3914,126956,19,19859,78,1,8528,0.0010000000000000009
862999,2816,3238,127948,3089,3921,126919,18,19859,78,1,8529,0.0010000000000000009
863999,2913,3196,127933,3152,3959,126929,20,19861,74,1,8530,0.0010000000000000009
864999,2922,3233,127894,3144,3785,126958,20,19860,82,1,8531,0.0010000000000000009
865999,2932,3290,127965,3175,3920,126975,18,19859,74,1,8532,0.0010000000000000009
866999,2949,3237,127833,3134,3821,126853,19,19860,78,1,8533,0.0010000000000000009
867999,2947,3279,127951,3048,3902,127011,20,19860,82,1,8534,0.0010000000000000009
868999,2872,3320,127992,3065,3958,126877,19,19860,82,1,8535,0.0010000000000000009
869999,2877,3250,127915,3115,3956,127015,18,19859,78,1,8536,0.0010000000000000009
870999,2827,3216,127890,150678,3960,127108,18,19860,74,1,8537,0.0010000000000000009
871999,2886,3214,127878,2998,3848,127078,19,19860,78,1,8538,0.0010000000000000009
872999,2969,3270,127854,3065,3911,126832,19,19861,78,1,8539,0.0010000000000000009
873999,2831,3185,127860,3102,3979,126927,18,19860,74,1,8540,0.0010000000000000009
874999,2864,3330,127820,3125,3871,127024,20,19860,74,1,8541,0.0010000000000000009
876001,2919,3274,127890,3112,4036,126934,20,19861,82,1,8542,0.0010019999999999474
876999,2947,3268,127974,3006,3835,126899,20,19860,82,1,8543,0.0009980000000000544
877999,2909,3205,128023,3058,3891,126891,18,19860,74,1,8544,0.0010000000000000009
879000,2895,3290,127958,3100,3972,127038,21,19861,86,1,8545,0.0010010000000000296
879999,2750,3177,127849,3134,3882,127018,20,19861,82,1,8546,0.0009989999999999721
880999,2969,3202,127842,3132,3867,126965,21,19861,86,1,8547,0.0010000000000000009
882002,2844,3262,128014,3063,3940,126847,18,19860,86,1,8548,0.0010029999999999761
882999,2918,3146,127932,3011,3990,127030,19,19859,74,1,8549,0.0009970000000000256
883999,2983,3238,127987,3064,3863,126900,19,19860,78,1,8550,0.0010000000000000009
884999,2883,3189,127911,3062,4020,127056,21,19860,86,1,8551,0.0010000000000000009
885999,2900,3212,127906,3199,3950,127007,20,19860,82,1,8552,0.0010000000000000009
886999,2909,3190,127876,158870,3901,126989,20,19860,82,1,8553,0.0010000000000000009
887999,2897,3227,127956,3216,3901,127007,21,19860,82,1,8554,0.0010000000000000009
888999,2938,3327,127935,2996,3930,126946,20,19859,86,1,8555,0.0010000000000000009
889999,2946,3169,127779,3122,3905,127034,20,19860,82,1,8556,0.0010000000000000009
890999,2854,3186,127942,3054,3955,126832,19,19860,78,1,8557,0.0010000000000000009
891999,2885,3248,127914,3110,3878,126995,18,19860,74,1,8558,0.0010000000000000009
893000,2917,3179,127893,3122,3958,126703,19,19860,78,1,8559,0.0010009999999999186
894000,2833,3136,127911,3084,3987,126815,19,19860,78,1,8560,0.0010000000000000009
894999,2908,3143,127909,3090,3936,126826,18,19859,78,1,8561,0.0009990000000000832
895999,2880,3242,127960,3214,3930,126812,18,19860,74,1,8562,0.0010000000000000009
896999,2930,3215,127919,3102,3984,126896,18,19860,74,1,8563,0.0010000000000000009
898001,2987,3211,127967,3152,3914,127050,18,19860,74,1,8564,0.0010019999999999474
899000,2875,3259,127793,3134,3978,126852,19,19860,78,1,8565,0.0009989999999999721
900001,2794,3226,127969,3077,3872,126940,19,19860,78,1,8566,0.0010010000000000296
900999,2947,3247,127885,3248,4015,126803,19,19859,78,1,8567,0.0009980000000000544
901999,2985,3227,127860,3225,3893,126819,19,19860,78,1,8568,0.0010000000000000009
902999,3031,3216,127947,157846,3898,126921,18,19859,74,1,8569,0.0010000000000000009
903999,2930,3210,127882,3136,3960,127018,20,19861,82,1,8570,0.0010000000000000009
905000,2982,3246,127852,3051,3965,126808,19,19859,78,1,8571,0.0010009999999999186
905999,2813,3283,127988,3078,3848,127007,18,19859,78,1,8572,0.0009990000000000832
907000,2996,3263,127972,3073,3924,126870,19,19860,74,1,8573,0.0010009999999999186
908001,2942,3306,127883,3054,3971,126939,19,19860,78,1,8574,0.0010010000000000296
909000,2931,3190,127908,3170,3953,126832,20,19860,82,1,8575,0.0009989999999999721
909999,2947,3211,127915,3066,3897,127007,19,19861,78,1,8576,0.0009990000000000832
910999,2870,3248,127866,3163,3931,126949,19,19860,78,1,8577,0.0010000000000000009
911999,2824,3297,127932,3059,3960,126933,18,19860,78,1,8578,0.0010000000000000009
912999,2774,3261,127914,3111,3967,126848,19,19860,74,1,8579,0.0010000000000000009
913999,2951,3300,127977,3202,3943,127155,19,19860,78,1,8580,0.0010000000000000009
915004,2870,3265,127874,3128,3909,126946,19,19859,78,1,8581,0.0010049999999999226
915999,2863,3252,127841,3126,3911,126974,19,19861,78,1,8582,0.0009950000000000792
916999,2907,3195,127957,3034,3847,127100,18,19860,74,1,8583,0.0010000000000000009
917999,2870,3241,127911,3181,3884,127092,19,19860,74,1,8584,0.0010000000000000009
918999,2926,3206,127857,3052,3913,127007,20,19860,78,1,8585,0.0010000000000000009
919999,2980,3382,127866,3125,3877,126921,20,19861,82,1,8586,0.0010000000000000009
920999,2820,3210,127896,3126,3922,127045,17,19860,70,1,8587,0.0010000000000000009
921999,2955,3233,127838,3136,3962,126886,20,19859,82,1,8588,0.0010000000000000009
922999,3003,3154,128034,3136,3890,126993,17,19860,70,1,8589,0.0009999999999998899
923999,2921,3253,127944,3074,3987,127002,18,19860,70,1,8590,0.0010000000000000009
924999,2955,3140,127916,3049,3821,126988,18,19859,74,1,8591,0.0010000000000000009
926000,2946,3228,127902,3110,3951,126943,18,19860,74,1,8592,0.0010010000000000296
926999,2894,3184,127964,3012,3859,126838,19,19858,78,1,8593,0.0009989999999999721
927999,2990,3268,127760,3160,4013,126855,21,19860,86,1,8594,0.0010000000000000009
928999,2892,3278,127883,3057,3900,126946,20,19860,82,1,8595,0.0010000000000000009
929999,2828,3273,127769,3038,3868,126768,19,19860,78,1,8596,0.0010000000000000009
930999,2876,3287,127903,3051,3905,126930,17,19860,78,1,8597,0.0010000000000000009
931999,2978,3301,127887,3007,3896,126816,20,19861,70,1,8598,0.0010000000000000009
932999,2931,3192,127909,3176,3932,126968,20,19859,82,1,8599,0.0010000000000000009
933999,2946,3189,127821,3030,3882,126888,18,19860,74,1,8600,0.0010000000000000009
935000,2932,3223,127836,3216,3924,126970,20,19861,82,1,8601,0.0010010000000000296
935999,2982,3198,127946,3113,3990,126842,18,19861,74,1,8602,0.0009989999999999721
936999,2815,3153,127851,3076,3876,126877,20,19861,74,1,8603,0.0010000000000000009
937999,2881,3303,127823,2964,3890,126824,18,19858,82,1,8604,0.0010000000000000009
938999,2933,3311,127869,3054,3907,126911,18,19860,74,1,8605,0.0010000000000000009
939999,2886,3198,127856,3078,3988,127030,18,19859,74,1,8606,0.0010000000000000009
940999,2863,3293,127855,3067,3983,126907,19,19860,78,1,8607,0.0010000000000000009
941999,2866,3102,127875,3069,3928,126809,20,19860,82,1,8608,0.0010000000000000009
943000,2879,3276,128060,3182,3967,126977,18,19860,82,1,8609,0.0010010000000000296
943999,2782,3245,127925,3141,3983,126884,19,19859,74,1,8610,0.0009989999999999721
944999,2850,3209,127856,3045,3877,126919,19,19860,78,1,8611,0.0010000000000000009
946001,2825,3207,127801,3101,3916,126824,19,19859,78,1,8612,0.0010020000000000584
947001,2832,3234,127886,3120,3941,126918,19,19859,78,1,8613,0.0010000000000000009
947999,2916,3114,127956,3107,3946,127122,19,19860,78,1,8614,0.0009979999999999434
948999,2960,3316,127862,3083,3900,126974,19,19860,78,1,8615,0.0010000000000000009
949999,2864,3245,128007,3031,3938,127020,20,19860,78,1,8616,0.0010000000000000009
950999,2796,3280,127945,3114,3906,127001,20,19859,82,1,8617,0.0010000000000000009
951999,2896,3255,127838,3021,3817,126894,18,19861,74,1,8618,0.0010000000000000009
953008,2933,3188,127841,3011,3996,126923,18,19862,74,1,8619,0.0010090000000000376
953999,2846,3295,127914,3088,3888,126925,16,19861,66,1,8620,0.0009909999999999641
954999,2785,3353,127852,3106,3915,126938,18,19861,66,1,8621,0.0010000000000000009
956001,2883,3267,128006,3138,3892,126939,18,19860,74,1,8622,0.0010020000000000584
956999,2867,3214,128084,3081,3909,126939,18,19860,74,1,8623,0.0009979999999999434
957999,2802,3175,127993,3073,3902,126936,19,19861,78,1,8624,0.0010000000000000009
958999,2936,3337,127953,3058,3839,126885,18,19860,74,1,8625,0.0010000000000000009
960001,2837,3224,127815,3157,3953,126860,17,19861,70,1,8626,0.0010020000000000584
960999,2808,3297,127912,3163,3834,126938,19,19861,70,1,8627,0.0009979999999999434
961999,2824,3170,127923,3100,3910,127065,18,19860,78,1,8628,0.0010000000000000009
963001,2813,3317,127928,3142,3979,126970,18,19861,74,1,8629,0.0010020000000000584
963999,2948,3259,127940,3105,3847,126847,18,19861,74,1,8630,0.0009979999999999434
964999,2869,3288,127869,3073,3815,126893,18,19860,74,1,8631,0.0010000000000000009
965999,2912,3222,128008,150678,3925,126858,18,19860,74,1,8632,0.0010000000000000009
966999,2850,3230,127894,3020,3820,126786,18,19860,74,1,8633,0.0010000000000000009
967999,2838,3183,128115,3116,3961,126910,17,19862,74,1,8634,0.0010000000000000009
968999,2828,3272,127853,3103,4009,126920,17,19860,70,1,8635,0.0010000000000000009
969999,2918,3279,127892,3096,3928,126835,18,19861,74,1,8636,0.0010000000000000009
970999,2999,3307,127947,3014,3885,126871,18,19860,74,1,8637,0.0010000000000000009
972000,2914,3101,127920,3120,3928,127052,17,19861,70,1,8638,0.0010010000000000296
972999,2973,3340,127961,3054,3933,126935,19,19861,78,1,8639,0.0009989999999999721
973999,2889,3243,127858,3144,3931,127099,19,19860,78,1,8640,0.0010000000000000009
974999,2803,3187,127953,3104,3923,126919,18,19860,78,1,8641,0.0010000000000000009
975999,2993,3135,127872,3185,3818,126940,18,19861,74,1,8642,0.0010000000000000009
977003,2965,3341,127938,3103,3988,126932,18,19860,74,1,8643,0.0010040000000000049
977999,2916,3180,127970,3175,3905,126877,19,19861,78,1,8644,0.0009959999999999969
978999,2992,3233,127864,3049,3995,126827,20,19861,82,1,8645,0.0010000000000000009
979999,2905,3274,127843,3192,3898,126803,19,19861,82,1,8646,0.0010000000000000009
981000,2843,3281,127963,3111,4038,126911,19,19860,78,1,8647,0.0010010000000000296
981999,2922,3277,127856,150678,3893,126953,19,19861,78,1,8648,0.0009989999999999721
982999,2804,3160,127872,3062,4062,126884,18,19860,74,1,8649,0.0010000000000000009
983999,2915,3228,127884,3151,3892,126910,18,19861,74,1,8650,0.0010000000000000009
985001,2819,3191,127981,3122,3980,126936,18,19861,74,1,8651,0.0010019999999999474
985999,2890,3220,127813,3177,3846,126924,18,19861,74,1,8652,0.0009980000000000544
986999,2903,3275,127760,3104,3994,126915,16,19861,74,1,8653,0.0010000000000000009
987999,2944,3229,127878,3162,4016,126930,16,19861,66,1,8654,0.0010000000000000009
988999,2886,3295,127954,3134,3917,126941,19,19860,78,1,8655,0.0010000000000000009
989999,2938,3300,128042,3074,3872,126990,19,19860,78,1,8656,0.0010000000000000009
990999,2794,3225,127835,3143,3844,126809,19,19859,78,1,8657,0.0010000000000000009
991999,2823,3213,127897,3094,3796,126874,17,19859,78,1,8658,0.0010000000000000009
993001,2842,3162,127970,3029,3890,126944,20,19859,70,1,8659,0.0010019999999999474
993999,2856,3284,127881,3067,3924,126995,20,19860,82,1,8660,0.0009980000000000544
994999,2871,3219,127851,3089,3950,126863,18,19860,74,1,8661,0.0010000000000000009
995999,2828,3190,127885,3018,3994,126858,19,19860,78,1,8662,0.0010000000000000009
996999,2804,3168,127942,3112,3835,126909,19,19860,78,1,8663,0.0010000000000000009
997999,2880,3264,127912,149654,3932,126861,19,19860,78,1,8664,0.0010000000000000009
999005,2881,3189,127815,3037,3945,126816,19,19859,78,1,8665,0.0010059999999999514
999999,2780,3218,127832,3059,3966,126874,19,19859,78,1,8666,0.0009940000000000504
1001002,2884,3181,127775,3079,3893,126930,18,19860,74,1,8667,0.0010029999999999761
1001999,2836,3247,127884,3075,3913,126927,19,19860,78,1,8668,0.0009969999999999146
1002999,2853,3192,127925,3068,3944,127009,17,19860,70,1,8669,0.001000000000000112
1004000,2880,3284,128015,3008,3860,126996,17,19860,70,1,8670,0.0010010000000000296
1004999,2827,3249,127948,3140,3917,126845,18,19859,70,1,8671,0.0009989999999999721
1005999,2882,3236,127878,3068,3911,126953,18,19860,74,1,8672,0.0009999999999998899
1006999,2935,3150,127865,3198,3893,126896,18,19861,74,1,8673,0.001000000000000112
1008000,2891,3225,127905,3099,3868,126936,17,19861,70,1,8674,0.0010010000000000296
1008999,2797,3254,127791,3116,3946,126987,17,19859,70,1,8675,0.0009989999999999721
1009999,2817,3250,127822,3081,3926,126989,19,19859,78,1,8676,0.0009999999999998899
1011002,2977,3219,127851,3065,3912,126959,18,19861,78,1,8677,0.0010030000000000872
1011999,2966,3256,127947,2991,3930,126879,18,19860,74,1,8678,0.0009969999999999146
1012999,2876,3207,127855,3133,3987,126951,18,19861,74,1,8679,0.001000000000000112
1013999,2960,3276,127900,3028,3919,126903,18,19860,74,1,8680,0.0009999999999998899
1014999,2931,3204,127857,3085,4012,127026,17,19860,70,1,8681,0.001000000000000112
1015999,2849,3306,127784,3034,3849,126985,18,19860,74,1,8682,0.0009999999999998899
1016999,2755,3251,127711,3142,3919,126900,17,19860,74,1,8683,0.001000000000000112
1017999,2969,3219,127833,3088,3933,126925,19,19860,70,1,8684,0.0009999999999998899
1019001,2949,3150,127894,3131,3781,126853,19,19861,78,1,8685,0.0010020000000001694
1019999,2802,3259,127915,3036,3983,127003,20,19861,82,1,8686,0.0009979999999998324
1020999,3001,3282,128014,3145,3863,126952,19,19860,78,1,8687,0.001000000000000112
1021999,2894,3276,127949,3081,4004,127031,19,19860,78,1,8688,0.0009999999999998899
1022999,2861,3259,127838,3121,3832,126919,16,19860,78,1,8689,0.001000000000000112
1023999,2871,3278,127940,3123,3995,126861,18,19859,66,1,8690,0.0009999999999998899
1024999,2791,3228,128008,2989,3858,126906,18,19860,74,1,8691,0.001000000000000112
1025999,2889,3181,127936,3133,3920,126977,18,19860,74,1,8692,0.0009999999999998899
1027001,2844,3190,127897,3157,3944,126871,18,19860,74,1,8693,0.0010020000000001694
1027999,2850,3187,127895,3047,4059,126917,18,19860,74,1,8694,0.0009979999999998324
1029000,2924,3217,127860,3162,3862,126959,18,19860,74,1,8695,0.0010010000000000296
1029999,2870,3102,127984,3075,3925,127097,17,19860,74,1,8696,0.0009989999999999721
1030999,2879,3156,127805,3179,3860,127043,17,19862,70,1,8697,0.001000000000000112
1031999,3001,3211,127862,3103,3949,126887,16,19860,66,1,8698,0.0009999999999998899
1032999,2911,3177,127926,3150,3972,126878,18,19860,74,1,8699,0.001000000000000112
1033999,2727,3133,127891,3064,3931,126975,16,19861,66,1,8700,0.0009999999999998899
1034999,2898,3227,127906,3118,3963,127016,18,19861,66,1,8701,0.001000000000000112
1036002,2816,3195,127993,3052,3883,126976,17,19860,74,1,8702,0.0010029999999998651
1036999,2891,3293,127916,3085,3892,126858,17,19861,70,1,8703,0.0009970000000001367
1037999,2905,3153,127959,3086,3840,126897,17,19861,70,1,8704,0.0009999999999998899
1038999,3003,3283,127767,3121,3906,126847,18,19860,74,1,8705,0.001000000000000112
1040001,2859,3306,127752,3205,3907,127032,19,19862,78,1,8706,0.0010019999999999474
1040999,2942,3279,127887,3095,3925,127095,18,19862,78,1,8707,0.0009980000000000544
1041999,2812,3277,127866,3199,3920,127038,19,19861,74,1,8708,0.0009999999999998899
1042999,2965,3348,127951,3045,3904,126874,19,19860,78,1,8709,0.001000000000000112
1044001,2827,3231,127683,3195,3911,127045,18,19861,74,1,8710,0.0010019999999999474
1045001,2990,3330,127928,3004,3895,126882,19,19861,78,1,8711,0.0009999999999998899
1045999,2887,3214,127767,3144,3892,126962,18,19860,74,1,8712,0.0009980000000000544
1046999,2845,3290,127865,2939,3835,126798,19,19860,74,1,8713,0.001000000000000112
1047999,2947,3167,127988,3168,3871,126864,17,19861,78,1,8714,0.0009999999999998899
1049001,2932,3239,127932,3033,3972,126805,17,19860,70,1,8715,0.0010019999999999474
1049999,2822,3246,127857,3175,3895,126926,19,19860,78,1,8716,0.0009980000000000544
1050999,2870,3227,127945,3112,3881,127006,18,19861,74,1,8717,0.001000000000000112
1051999,2929,3253,127872,3195,3983,126910,17,19861,70,1,8718,0.0009999999999998899
1053000,2905,3238,127880,3114,3838,126925,18,19861,70,1,8719,0.0010010000000000296
1053999,2802,3242,127879,3082,3939,126868,19,19862,74,1,8720,0.0009989999999999721
1054999,2869,3325,127853,3027,3956,126959,19,19859,78,1,8721,0.001000000000000112
1056002,2843,3234,127819,3135,3888,127023,19,19863,78,1,8722,0.0010029999999998651
1057000,2905,3293,127838,3116,3955,126893,17,19860,70,1,8723,0.0009980000000000544
1057999,2906,3168,127912,3270,3900,126983,18,19860,74,1,8724,0.0009989999999999721
1058999,2868,3270,127871,3040,3935,126888,18,19860,74,1,8725,0.001000000000000112
1059999,2857,3244,127898,3263,3960,126898,17,19861,74,1,8726,0.0009999999999998899
1060999,2914,3265,127940,158870,3897,126938,17,19859,70,1,8727,0.001000000000000112
1061999,2903,3193,127921,3133,3872,127084,17,19861,70,1,8728,0.0009999999999998899
1062999,2941,3286,127924,3056,4036,127004,18,19860,74,1,8729,0.001000000000000112
1063999,2952,3282,127873,3191,3863,126928,18,19860,74,1,8730,0.0009999999999998899
1064999,2896,3229,127867,3076,3955,126992,16,19860,66,1,8731,0.001000000000000112
1065999,2814,3281,127789,3027,3903,127013,18,19859,66,1,8732,0.0009999999999998899
1066999,2827,3199,127938,2959,3940,126961,17,19860,74,1,8733,0.001000000000000112
1067999,2963,3194,127904,3081,3906,126958,17,19860,70,1,8734,0.0009999999999998899
1069000,2933,3249,128057,3101,3973,126947,18,19860,74,1,8735,0.0010010000000000296
1069999,2907,3165,127992,3074,3850,126939,17,19860,70,1,8736,0.0009989999999999721
1071000,2920,3236,127888,3061,4034,126974,18,19860,74,1,8737,0.0010010000000000296
1072000,2872,3190,127858,3129,3868,126763,19,19862,74,1,8738,0.0009999999999998899
1072999,2834,3196,127802,3034,3857,126847,17,19861,78,1,8739,0.0009990000000001942
1073999,2867,3243,127961,3119,3859,126929,17,19860,70,1,8740,0.0009999999999998899
1074999,2955,3124,127940,3123,3753,126876,18,19860,74,1,8741,0.001000000000000112
1075999,2924,3313,127872,3167,3946,127021,17,19860,70,1,8742,0.0009999999999998899
1076999,2926,3194,128011,150678,3907,126977,18,19860,74,1,8743,0.001000000000000112
1077999,2829,3336,127934,3064,3943,126964,18,19860,74,1,8744,0.0009999999999998899
1078999,2809,3199,127837,3138,3840,127011,20,19860,74,1,8745,0.001000000000000112
1080000,2798,3199,127990,3109,3918,126938,20,19860,82,1,8746,0.0010009999999998076
1081001,2744,3301,127933,3025,3896,127100,18,19860,74,1,8747,0.0010010000000000296
1082000,2872,3260,127862,3184,3916,126905,18,19860,74,1,8748,0.0009989999999999721
1083000,2890,3275,127789,3093,3885,126954,18,19860,74,1,8749,0.001000000000000112
1084001,2940,3198,127831,3079,3944,126820,19,19860,74,1,8750,0.0010010000000000296
1084999,2795,3172,127983,3162,3914,126825,18,19861,78,1,8751,0.0009980000000000544
1086012,2890,3203,127927,3171,3937,126947,18,19861,74,1,8752,0.0010129999999999306
1086999,2848,3285,127959,3067,3947,127008,19,19860,78,1,8753,0.0009870000000000712
1087999,2882,3219,127922,3041,3840,126821,19,19860,78,1,8754,0.0009999999999998899
1088999,2824,3236,128008,2977,3860,126871,19,19861,78,1,8755,0.001000000000000112
1090000,2874,3282,127906,3067,3867,127017,18,19861,78,1,8756,0.0010009999999998076
1090999,2890,3190,127959,3144,3926,127002,19,19860,74,1,8757,0.0009990000000001942
1091999,2924,3222,127865,3132,3958,127000,19,19861,78,1,8758,0.0009999999999998899
1092999,2835,3237,127906,149654,3932,127007,18,19861,74,1,8759,0.001000000000000112
1093999,2946,3378,128023,3081,3978,127034,17,19860,70,1,8760,0.0009999999999998899
1094999,2832,3168,127834,3180,3867,126900,19,19861,78,1,8761,0.001000000000000112
1095999,2945,3265,127909,3120,3937,126802,17,19861,78,1,8762,0.0009999999999998899
1097000,2853,3281,127867,3240,3847,126973,17,19862,70,1,8763,0.0010010000000000296
1097999,2942,3226,127850,3077,3948,126911,17,19860,70,1,8764,0.0009989999999999721
1099000,2857,3240,127796,3107,3837,126919,18,19861,74,1,8765,0.0010010000000000296
1099999,2822,3269,127895,3005,3902,126987,18,19860,74,1,8766,0.0009989999999999721
1100999,2870,3142,127926,3149,3866,126913,17,19860,70,1,8767,0.001000000000000112
1102000,2877,3239,127922,3146,3970,127039,19,19860,70,1,8768,0.0010009999999998076
1102999,2904,3204,127891,3032,3851,127069,18,19860,78,1,8769,0.0009989999999999721
1103999,2928,3202,127793,3112,3960,126833,18,19860,74,1,8770,0.001000000000000112
1104999,2888,3199,127826,3103,3886,126856,18,19860,74,1,8771,0.0009999999999998899
1105999,2946,3180,127957,2988,4008,127059,18,19860,74,1,8772,0.001000000000000112
1107000,2881,3194,127931,3097,3901,126948,19,19860,78,1,8773,0.0010010000000000296
1108000,2821,3224,127922,3071,3935,127068,18,19860,74,1,8774,0.0009999999999998899
1109000,2926,3254,127940,3152,3921,126911,19,19862,74,1,8775,0.001000000000000112
1109999,2842,3291,128067,3156,3926,126945,18,19860,78,1,8776,0.0009989999999999721
1111000,2887,3223,127742,3160,3926,126974,18,19862,74,1,8777,0.0010010000000000296
1112001,2834,3217,127938,3064,3865,126937,17,19861,70,1,8778,0.0010010000000000296
1112999,2881,3224,128071,3090,3989,126977,19,19861,78,1,8779,0.0009979999999998324
1113999,2878,3284,127931,3105,3935,126786,19,19861,78,1,8780,0.001000000000000112
1114999,2837,3269,127901,3102,3877,126993,18,19861,78,1,8781,0.0009999999999998899
1115999,2907,3265,127892,3191,3940,126981,19,19861,74,1,8782,0.001000000000000112
1116999,2927,3227,127879,3229,3993,127034,19,19860,78,1,8783,0.0009999999999998899
1117999,2911,3220,127865,3026,3907,126915,19,19859,78,1,8784,0.001000000000000112
1118999,2924,3175,127814,3153,3967,127040,17,19860,70,1,8785,0.0009999999999998899
1119999,2907,3084,127975,3057,4029,126923,17,19860,70,1,8786,0.001000000000000112
1120999,2895,3227,127796,3051,3916,126920,18,19860,70,1,8787,0.0009999999999998899
1122000,2886,3177,127918,3095,3950,126882,18,19861,74,1,8788,0.0010010000000000296
1122999,2915,3222,127881,3027,3848,126937,18,19860,74,1,8789,0.0009989999999999721
1123999,2765,3227,127841,3156,3884,126919,19,19860,78,1,8790,0.001000000000000112
1124999,2973,3245,127928,3155,3896,126900,17,19861,70,1,8791,0.0009999999999998899
1126031,2802,3193,127878,3186,3914,126937,17,19860,70,1,8792,0.001032000000000144
1127003,2846,3169,127851,3011,3886,126859,19,19860,70,1,8793,0.0009719999999999729
1127999,2902,3276,127881,3078,3999,127000,17,19860,78,1,8794,0.0009959999999999969
1128999,2929,3268,127990,3132,3910,126930,17,19861,70,1,8795,0.0009999999999998899
1129999,2864,3269,127877,3212,3912,126925,18,19859,74,1,8796,0.001000000000000112
1131000,2925,3244,127926,3135,3955,126948,20,19861,82,1,8797,0.0010010000000000296
1131999,2873,3223,127943,3213,3910,126878,17,19860,70,1,8798,0.0009989999999999721
1132999,2924,3155,127891,3113,3957,127049,18,19860,70,1,8799,0.0009999999999998899
1133999,2867,3164,127921,3174,3869,126956,18,19860,74,1,8800,0.001000000000000112
1134999,2925,3265,127927,3068,3906,126824,18,19860,74,1,8801,0.0009999999999998899
1135999,2947,3156,127875,3132,3919,126991,18,19859,74,1,8802,0.001000000000000112
1137000,2898,3249,128001,3039,3985,126964,17,19860,70,1,8803,0.0010010000000000296
1137999,2900,3235,127912,3071,3991,126891,17,19859,70,1,8804,0.0009989999999999721
1138999,2957,3214,127986,3057,4017,126776,17,19859,70,1,8805,0.0009999999999998899
1139999,2876,3279,127777,3088,3896,126988,17,19861,70,1,8806,0.001000000000000112
1140999,2872,3253,127707,3011,4088,126967,17,19862,70,1,8807,0.0009999999999998899
1142000,2979,3302,127883,3123,3913,126943,19,19861,78,1,8808,0.0010010000000000296
1143000,2811,3231,127964,3066,3975,126947,18,19861,74,1,8809,0.001000000000000112
1144000,2909,3175,127958,3129,3884,126870,19,19861,78,1,8810,0.0009999999999998899
1145001,2881,3176,128019,3042,3954,126896,18,19861,78,1,8811,0.0010010000000000296
1145999,2850,3196,127945,3099,3904,127023,16,19862,74,1,8812,0.0009980000000000544
1146999,2940,3281,127883,3045,3866,127031,16,19860,66,1,8813,0.0009999999999998899
1147999,2829,3178,127897,3028,3920,126903,19,19860,78,1,8814,0.001000000000000112
1148999,2885,3255,127851,3051,3906,126884,18,19860,74,1,8815,0.0009999999999998899
1149999,2863,3212,127915,3128,3925,127017,18,19861,74,1,8816,0.001000000000000112
1150999,2817,3155,127909,3071,3892,126884,18,19861,74,1,8817,0.0009999999999998899
1151999,2853,3233,127785,3138,3871,127076,18,19860,74,1,8818,0.001000000000000112
1152999,2960,3269,127894,2978,3886,126938,19,19861,74,1,8819,0.0009999999999998899
1153999,2867,3268,128023,3096,3912,126996,19,19862,78,1,8820,0.001000000000000112
1154999,2940,3255,127887,3150,3938,126962,17,19860,70,1,8821,0.0009999999999998899
1155999,2868,3272,127904,150678,3920,126975,17,19861,70,1,8822,0.001000000000000112
1156999,2888,3250,127870,3005,3895,126827,16,19861,66,1,8823,0.0009999999999998899
1157999,2880,3241,127905,3196,3815,126876,17,19860,66,1,8824,0.001000000000000112
1158999,2889,3148,127993,3111,3954,126946,19,19861,70,1,8825,0.0009999999999998899
1159999,2923,3185,128076,3178,3849,126796,19,19862,78,1,8826,0.001000000000000112
1160999,2947,3379,127881,3042,3950,126943,18,19859,74,1,8827,0.0009999999999998899
1161999,2902,3292,127869,3061,3784,126897,18,19861,74,1,8828,0.001000000000000112
1162999,2858,3242,127882,3094,3996,127009,18,19861,74,1,8829,0.0009999999999998899
1163999,2939,3200,127905,3195,3898,126858,17,19861,74,1,8830,0.001000000000000112
1164999,2778,3204,127836,3051,3972,126867,17,19861,70,1,8831,0.0009999999999998899
1166000,2915,3161,127997,3123,3919,126838,17,19860,70,1,8832,0.0010010000000000296
1167001,2834,3234,127842,3060,3886,126861,18,19860,74,1,8833,0.0010010000000000296
1167999,2924,3188,127912,3001,3908,126992,17,19860,70,1,8834,0.0009980000000000544
1168999,2785,3145,127978,3079,3927,126952,17,19860,70,1,8835,0.0009999999999998899
1169999,2883,3193,127814,3165,3916,126928,18,19860,70,1,8836,0.001000000000000112
1170999,2830,3291,127933,3139,3842,126868,18,19860,74,1,8837,0.0009999999999998899
1171999,2943,3283,127852,158870,3873,126903,18,19860,74,1,8838,0.001000000000000112
1172999,2865,3179,127923,3067,3898,126913,18,19860,74,1,8839,0.0009999999999998899
1173999,2891,3299,127750,3074,3970,126795,17,19860,70,1,8840,0.001000000000000112
1175000,2925,3296,127922,3079,3955,127013,19,19859,78,1,8841,0.0010010000000000296
1175999,2896,3310,127812,3008,3864,126972,18,19859,78,1,8842,0.0009989999999999721
1176999,2813,3234,128000,3036,3976,126848,18,19860,74,1,8843,0.0009999999999998899
1177999,3010,3173,127834,3046,3977,126947,18,19860,74,1,8844,0.001000000000000112
1179002,2916,3246,127954,3192,3927,126959,19,19859,78,1,8845,0.0010029999999998651
1179999,2931,3257,128001,3032,3901,126925,18,19861,74,1,8846,0.0009970000000001367
1180999,2818,3168,127876,3156,3912,126925,18,19860,74,1,8847,0.0009999999999998899
1181999,2962,3309,127820,3001,3971,126836,17,19860,74,1,8848,0.001000000000000112
1182999,2821,3183,127889,3128,3839,126934,19,19859,70,1,8849,0.0009999999999998899
1183999,2834,3187,127987,3054,3950,126827,19,19860,78,1,8850,0.001000000000000112
1184999,2880,3270,127969,3060,3913,127062,19,19860,78,1,8851,0.0009999999999998899
1186000,2963,3264,127876,3149,4003,126949,17,19858,70,1,8852,0.0010010000000000296
1186999,2880,3163,127951,3086,3842,126923,18,19862,74,1,8853,0.0009989999999999721
1187999,2827,3180,127907,150678,3940,126866,18,19862,74,1,8854,0.001000000000000112
1188999,2883,3202,127774,3050,3935,127075,19,19860,74,1,8855,0.0009999999999998899
1189999,2877,3265,128114,3089,3944,127033,19,19862,78,1,8856,0.001000000000000112
1190999,2901,3252,128035,3100,3838,126871,18,19862,74,1,8857,0.0009999999999998899
1191999,2805,3229,127873,3056,4025,126887,19,19861,78,1,8858,0.001000000000000112
1192999,2856,3217,127967,3111,3886,126877,17,19862,70,1,8859,0.0009999999999998899
1193999,2880,3243,127887,3112,3915,126946,18,19862,70,1,8860,0.001000000000000112
1195001,2835,3214,127979,3184,3844,127007,18,19860,74,1,8861,0.0010019999999999474
1196000,2888,3264,127760,3084,3968,127011,18,19862,74,1,8862,0.0009989999999999721
1196999,2865,3270,127993,3119,4026,126898,17,19860,70,1,8863,0.0009989999999999721
1197999,2879,3215,127955,3033,3957,126980,18,19860,74,1,8864,0.001000000000000112
1198999,2817,3190,127787,3189,3971,126863,17,19861,70,1,8865,0.0009999999999998899
1199999,2868,3177,127899,3067,3993,127012,18,19861,74,1,8866,0.001000000000000112
1200999,2798,3171,127888,3124,3877,126894,19,19861,74,1,8867,0.0009999999999998899
1201999,2871,3264,127813,3084,3832,126893,18,19860,78,1,8868,0.001000000000000112
1203001,2846,3376,127770,3217,3805,126949,18,19860,74,1,8869,0.0010019999999999474
1203999,2909,3154,127840,3075,3948,126821,18,19860,74,1,8870,0.0009980000000000544
1204999,2982,3253,127956,3199,3938,126899,18,19860,74,1,8871,0.0009999999999998899
1205999,2877,3241,127806,3108,3897,127030,19,19860,78,1,8872,0.001000000000000112
1206999,2864,3243,127954,3176,3927,126873,17,19860,78,1,8873,0.0009999999999998899
1207999,2838,3239,128003,3163,3933,126867,18,19861,70,1,8874,0.001000000000000112
1208999,2955,3351,127840,3190,3963,126968,18,19860,74,1,8875,0.0009999999999998899
1209999,2925,3138,127914,3162,3849,126990,18,19860,74,1,8876,0.001000000000000112
1210999,3006,3282,127965,2993,3913,126928,19,19860,78,1,8877,0.0009999999999998899
1211999,2852,3195,127878,3121,3959,126884,18,19860,74,1,8878,0.001000000000000112
1212999,2824,3219,127935,2986,3872,126870,17,19860,74,1,8879,0.0009999999999998899
1213999,2872,3192,127868,2998,3884,126994,19,19860,70,1,8880,0.001000000000000112
1214999,2980,3192,127923,3161,3993,126813,19,19860,78,1,8881,0.0009999999999998899
1215999,2862,3244,127902,3009,3844,126915,17,19860,70,1,8882,0.001000000000000112
1216999,2961,3326,127912,3090,3883,127033,18,19860,74,1,8883,0.0009999999999998899
1217999,2832,3209,127784,3027,3987,127082,17,19861,70,1,8884,0.001000000000000112
1218999,2901,3244,127840,3042,3906,126855,18,19861,70,1,8885,0.0009999999999998899
1219999,2836,3170,127896,3039,3900,127016,18,19861,74,1,8886,0.001000000000000112
1220999,2963,3232,127962,3138,3988,126830,18,19860,74,1,8887,0.0009999999999998899
1221999,2892,3187,127879,3201,3805,126947,18,19860,74,1,8888,0.0009999999999998899
1222999,2897,3222,127969,3117,3942,127013,19,19860,78,1,8889,0.001000000000000112
1223999,2750,3301,127825,3125,3827,126937,18,19860,74,1,8890,0.0009999999999998899
1224999,2902,3335,127930,3124,3910,127008,19,19860,74,1,8891,0.001000000000000112
1226003,2789,3176,128025,3033,4019,126917,18,19861,78,1,8892,0.0010040000000000049
1226999,3056,3286,127960,3008,3968,127018,18,19862,74,1,8893,0.0009959999999999969
1228001,2891,3186,127943,3097,3882,126978,18,19860,74,1,8894,0.0010019999999999474
1228999,2947,3317,127948,3129,3868,126956,17,19861,70,1,8895,0.0009980000000000544
1229999,2951,3219,128061,3101,3955,127007,18,19861,74,1,8896,0.0009999999999998899
1230999,2921,3171,127853,3048,3913,127009,18,19861,74,1,8897,0.001000000000000112
1232000,2852,3149,128032,3050,3874,127037,19,19859,74,1,8898,0.0010010000000000296
1233000,2897,3250,128071,3048,3899,126927,19,19861,78,1,8899,0.0009999999999998899
1233999,2864,3209,127927,3198,3915,127027,18,19860,74,1,8900,0.0009989999999999721
1234999,2954,3226,127819,3007,3958,126947,17,19861,70,1,8901,0.001000000000000112
1235999,2814,3317,127861,3125,3914,126999,18,19860,74,1,8902,0.0009999999999998899
1236999,2983,3253,127927,3255,3878,126940,19,19860,78,1,8903,0.001000000000000112
1238000,2873,3216,127908,3054,3982,126905,18,19861,78,1,8904,0.0010010000000000296
1238999,2954,3256,127832,3106,3885,126999,18,19861,74,1,8905,0.0009989999999999721
1239999,2857,3273,127910,3127,3969,127001,18,19861,74,1,8906,0.0009999999999998899
1240999,2881,3199,127903,3079,3902,126881,19,19860,78,1,8907,0.001000000000000112
1241999,2813,3174,127982,3103,3854,126879,17,19860,70,1,8908,0.0009999999999998899
1242999,2961,3168,127951,3150,3932,127016,19,19860,78,1,8909,0.001000000000000112
1244005,2961,3090,128003,3056,3906,126938,18,19860,78,1,8910,0.0010060000000000624
1244999,2825,3350,127902,3124,4040,126969,17,19861,74,1,8911,0.0009939999999999394
1245999,2857,3243,127861,3108,3989,126894,17,19862,70,1,8912,0.0009999999999998899
1246999,2937,3229,127946,3065,3948,127045,19,19860,78,1,8913,0.001000000000000112
1247999,2884,3229,127925,3102,3821,127087,18,19862,74,1,8914,0.0009999999999998899
1248999,2897,3203,128062,3056,3862,126894,18,19862,74,1,8915,0.001000000000000112
1249999,2908,3176,127892,3076,3850,126835,17,19860,74,1,8916,0.0009999999999998899
1250999,2885,3238,127957,150678,3900,126866,18,19860,70,1,8917,0.001000000000000112
1251999,2922,3231,128098,3154,3879,126949,18,19861,74,1,8918,0.0009999999999998899
1252999,2986,3121,127926,3090,3914,126908,20,19859,82,1,8919,0.001000000000000112
1254000,2880,3339,127875,3111,3971,126837,18,19860,74,1,8920,0.0010010000000000296
1254999,2861,3197,127927,3119,3947,126879,19,19860,78,1,8921,0.0009989999999999721
1256000,2972,3235,127795,3068,3950,126819,18,19859,78,1,8922,0.0010010000000000296
1256999,2869,3152,127880,3152,3917,126952,18,19860,74,1,8923,0.0009989999999999721
1257999,2863,3170,127892,3199,3913,126992,18,19861,74,1,8924,0.0009999999999998899
1258999,2828,3217,127928,3087,3856,126966,17,19860,70,1,8925,0.001000000000000112
1260000,2907,3289,127896,3106,3846,126922,18,19860,74,1,8926,0.0010010000000000296
1260999,2857,3172,127849,3136,3950,126963,18,19860,74,1,8927,0.0009989999999999721
1261999,2868,3203,127941,3041,3945,126975,19,19860,74,1,8928,0.0009999999999998899
1263000,2926,3190,127921,3163,3865,126983,17,19860,78,1,8929,0.0010010000000000296
1263999,3025,3210,127926,3026,3987,126832,17,19859,70,1,8930,0.0009989999999999721
1264999,2787,3215,127927,3103,3956,127037,17,19860,70,1,8931,0.001000000000000112
1265999,2936,3220,127797,3053,3848,126933,18,19860,74,1,8932,0.0009999999999998899
1267001,2905,3229,128050,150678,3928,126999,18,19861,74,1,8933,0.0010020000000001694
1268000,2960,3197,127983,3064,3958,126958,18,19861,74,1,8934,0.0009989999999999721
1268999,2852,3255,127953,3006,3933,127008,18,19860,74,1,8935,0.0009989999999999721
1269999,2732,3293,127957,3015,4001,126901,18,19860,74,1,8936,0.0009999999999998899
1271000,2946,3186,127971,3170,3888,127021,18,19860,74,1,8937,0.0010010000000000296
1272001,2907,3315,127947,3011,3875,126775,17,19861,70,1,8938,0.0010010000000000296
1273001,2876,3219,127992,3136,3885,126909,18,19863,74,1,8939,0.001000000000000112
1273999,2906,3320,127943,2992,3935,126916,19,19863,74,1,8940,0.0009979999999998324
1274999,2922,3144,127932,3173,3941,126980,18,19860,78,1,8941,0.001000000000000112
1276000,2982,3254,127795,3125,3949,126756,18,19861,74,1,8942,0.0010010000000000296
1276999,2899,3183,127888,3089,3886,126932,16,19860,66,1,8943,0.0009989999999999721
1277999,2926,3251,127934,3116,3906,127029,18,19861,74,1,8944,0.0009999999999998899
1278999,2844,3221,127897,3116,3926,126895,18,19860,74,1,8945,0.001000000000000112
1279999,2881,3248,127772,3083,3881,127035,17,19860,74,1,8946,0.0009999999999998899
1280999,3009,3234,127881,3079,3907,126846,17,19861,70,1,8947,0.001000000000000112
1281999,2894,3207,127892,3046,4015,126958,17,19860,70,1,8948,0.0009999999999998899
1282999,2906,3230,127953,157846,3896,127146,18,19860,74,1,8949,0.001000000000000112
1283999,2868,3187,127825,3138,3940,126896,17,19860,70,1,8950,0.0009999999999998899
1284999,2806,3228,127955,3092,3905,126861,19,19861,78,1,8951,0.001000000000000112
1285999,2894,3210,127870,3044,3977,126890,19,19861,78,1,8952,0.0009999999999998899
1287000,2873,3233,127928,3021,3979,126935,19,19861,78,1,8953,0.0010010000000000296
1287999,2857,3302,127830,3110,3961,126889,17,19860,78,1,8954,0.0009989999999999721
1288999,2861,3248,127863,3078,3900,126818,17,19860,70,1,8955,0.001000000000000112
1289999,2873,3160,127973,3094,3896,126937,17,19860,70,1,8956,0.0009999999999998899
1291000,2923,3332,127908,3065,3914,126963,19,19860,78,1,8957,0.0010010000000000296
1292000,2993,3246,127843,3007,3944,126855,18,19860,74,1,8958,0.001000000000000112
1293000,2952,3173,127785,3094,3881,126884,18,19861,74,1,8959,0.0009999999999998899
1293999,2845,3213,127935,3074,3889,126919,18,19860,74,1,8960,0.0009989999999999721
1294999,2930,3231,127867,3095,4014,126917,18,19860,74,1,8961,0.001000000000000112
1296000,2966,3231,127827,3009,3953,126802,19,19860,78,1,8962,0.0010010000000000296
1297000,2878,3277,127911,3110,3984,126929,20,19861,82,1,8963,0.0009999999999998899
1297999,2822,3268,127872,3096,3936,126885,17,19861,70,1,8964,0.0009989999999999721
1298999,2880,3239,127882,3069,3860,126983,18,19861,70,1,8965,0.001000000000000112
1299999,2839,3191,127867,3123,3948,127010,17,19860,74,1,8966,0.0009999999999998899
1300999,2956,3296,127860,3189,3929,126891,17,19861,70,1,8967,0.001000000000000112
1301999,2873,3256,127904,3140,3957,127044,17,19860,70,1,8968,0.0009999999999998899
1302999,2951,3204,127848,3066,3927,126982,18,19860,74,1,8969,0.001000000000000112
1303999,2876,3231,127796,3171,3862,126931,18,19860,74,1,8970,0.0009999999999998899
1304999,2992,3214,127774,3080,3993,126985,19,19860,74,1,8971,0.001000000000000112
1305999,2874,3213,127903,3069,3872,126926,18,19861,78,1,8972,0.0009999999999998899
1307001,3020,3278,127796,3110,3975,126985,18,19859,74,1,8973,0.0010019999999999474
1307999,2820,3261,128014,3148,3972,126982,18,19860,74,1,8974,0.0009980000000000544
1309000,2903,3193,127899,3168,3971,126905,17,19862,70,1,8975,0.0010010000000000296
1309999,2870,3173,127868,3134,3878,126915,17,19861,70,1,8976,0.0009989999999999721
1311000,2792,3221,128050,2981,3918,126844,19,19861,70,1,8977,0.0010010000000000296
1312000,2951,3228,127973,3068,3909,127029,19,19861,78,1,8978,0.0009999999999998899
1313002,2798,3270,128062,3131,3847,126926,19,19860,78,1,8979,0.0010020000000001694
1314001,2757,3209,127858,3171,3897,126869,18,19861,74,1,8980,0.0009989999999999721
1315001,2902,3215,127904,3075,3924,126930,17,19860,70,1,8981,0.0009999999999998899
1315999,2855,3147,127900,3198,3847,127007,19,19861,78,1,8982,0.0009980000000000544
1317000,2964,3252,127911,2973,3951,126951,19,19861,78,1,8983,0.0010010000000000296
1317999,2979,3153,127901,3116,3850,127043,19,19861,78,1,8984,0.0009989999999999721
1319000,2857,3193,127895,3049,3994,126878,19,19862,78,1,8985,0.0010010000000000296
1319999,2842,3212,127824,3106,3959,126939,19,19861,78,1,8986,0.0009989999999999721
1320999,2944,3339,127870,3161,3989,126874,17,19861,70,1,8987,0.001000000000000112
1322000,2954,3251,127950,3271,3873,126922,18,19860,74,1,8988,0.0010009999999998076
1322999,2949,3251,127847,3078,3963,127006,18,19860,74,1,8989,0.0009990000000001942
1323999,2807,3189,127910,3143,3999,127028,18,19861,74,1,8990,0.0009999999999998899
1324999,2982,3172,127900,3004,3877,126822,18,19861,74,1,8991,0.001000000000000112
1326005,3017,3295,127947,3151,3931,126945,17,19861,70,1,8992,0.0010059999999998404
1326999,2929,3246,127957,3135,3981,127108,18,19860,74,1,8993,0.0009940000000001614
1327999,2879,3193,127991,3024,3834,127005,18,19861,74,1,8994,0.0009999999999998899
1328999,2859,3256,127896,3028,3897,126865,19,19861,78,1,8995,0.001000000000000112
1329999,2817,3193,127972,3111,3929,126944,18,19859,78,1,8996,0.0009999999999998899
1330999,2948,3232,127798,3128,3927,127050,19,19860,74,1,8997,0.001000000000000112
1331999,2905,3330,127877,3188,3953,126975,19,19860,78,1,8998,0.0009999999999998899
1332999,2892,3303,127823,3046,3976,127015,18,19860,74,1,8999,0.001000000000000112
1333999,2847,3227,127935,3052,3853,126950,19,19860,78,1,9000,0.0009999999999998899
1334999,2867,3209,127855,3105,3847,126922,17,19860,70,1,9001,0.001000000000000112
1335999,2960,3254,127811,3104,3880,127013,18,19861,70,1,9002,0.0009999999999998899
1336999,2799,3221,127910,3099,3895,126904,21,19861,74,1,9003,0.001000000000000112
1338001,2923,3260,127956,3038,3890,126930,21,19861,86,1,9004,0.0010019999999999474
1338999,2859,3186,128001,3138,3957,126947,18,19860,74,1,9005,0.0009980000000000544
1340000,2941,3213,127965,3154,3892,126909,19,19860,78,1,9006,0.0010009999999998076
1340999,2875,3251,127968,3097,3975,126826,18,19860,74,1,9007,0.0009989999999999721
1341999,2836,3214,127857,3093,3886,126972,17,19861,74,1,9008,0.001000000000000112
1342999,2924,3182,127959,3047,3932,126964,16,19861,70,1,9009,0.0009999999999998899
1343999,2809,3195,127972,3143,3931,127079,16,19861,66,1,9010,0.001000000000000112
1344999,2915,3247,127974,3132,3846,126865,18,19861,74,1,9011,0.0009999999999998899
1346000,2873,3224,127986,149654,3970,126996,20,19860,82,1,9012,0.0010010000000000296
1347000,2845,3161,127963,3130,3962,127015,17,19860,70,1,9013,0.001000000000000112
1347999,2890,3282,127823,2958,3959,127021,18,19860,70,1,9014,0.0009989999999999721
1349000,2875,3268,127828,3210,3896,126987,18,19860,74,1,9015,0.0010010000000000296
1349999,2939,3286,127960,3030,3815,126890,18,19862,74,1,9016,0.0009989999999999721
1350999,2817,3235,127894,3059,3869,127158,18,19860,74,1,9017,0.0009999999999998899
1351999,3017,3254,127848,3050,3937,126960,18,19860,74,1,9018,0.001000000000000112
1353000,2890,3157,127943,3088,3928,126997,19,19861,78,1,9019,0.0010010000000000296
1354000,2924,3263,127959,3176,3899,126846,18,19861,78,1,9020,0.0009999999999998899
1355000,2906,3240,127940,3038,3926,126926,20,19861,74,1,9021,0.001000000000000112
1356000,2920,3254,127945,3038,3924,126994,20,19861,82,1,9022,0.0009999999999998899
1356999,2893,3136,127896,3156,3952,126904,18,19860,74,1,9023,0.0009989999999999721
1357999,3003,3241,127937,3032,4044,126989,20,19860,82,1,9024,0.001000000000000112
1359000,2872,3150,127997,3059,3893,126863,17,19860,70,1,9025,0.0010010000000000296
1360000,2869,3269,128014,3040,3863,127023,19,19860,70,1,9026,0.0009999999999998899
1360999,2860,3117,127854,3086,3929,126995,18,19860,78,1,9027,0.0009989999999999721
1361999,2838,3303,127821,158870,3859,126848,18,19860,74,1,9028,0.001000000000000112
1362999,2878,3235,127792,3134,3945,127007,17,19861,70,1,9029,0.0009999999999998899
1363999,2989,3273,127956,3019,3956,127032,18,19861,74,1,9030,0.001000000000000112
1365000,2923,3268,127970,3083,3976,126937,19,19859,78,1,9031,0.0010010000000000296
1366000,2922,3255,127894,3127,3882,126964,17,19859,78,1,9032,0.0009999999999998899
1367000,2871,3212,127940,3159,3937,126801,17,19861,70,1,9033,0.001000000000000112
1367999,2852,3192,127824,3063,3910,126908,17,19860,70,1,9034,0.0009989999999999721
1368999,2963,3181,128082,3155,3885,126921,20,19860,82,1,9035,0.0009999999999998899
1369999,2868,3223,127969,3035,3924,126883,17,19860,70,1,9036,0.001000000000000112
1371000,2941,3178,127951,3057,3920,126812,18,19861,74,1,9037,0.0010010000000000296
1372001,2803,3191,127890,3042,4061,126951,17,19861,74,1,9038,0.0010010000000000296
1372999,2898,3256,127894,3020,3904,126930,19,19861,70,1,9039,0.0009979999999998324
1374001,2905,3267,127847,3109,3886,126942,19,19859,78,1,9040,0.0010020000000001694
1374999,2901,3246,127969,3169,3928,126942,17,19860,70,1,9041,0.0009979999999998324
1375999,2891,3275,127853,3091,3923,127013,18,19861,74,1,9042,0.001000000000000112
1376999,2946,3130,127995,3029,3837,126981,19,19861,78,1,9043,0.0009999999999998899
1377999,2826,3188,127955,158870,3939,126853,19,19861,78,1,9044,0.001000000000000112
1378999,2841,3049,127811,3097,3866,126829,18,19860,78,1,9045,0.0009999999999998899
1380001,2882,3262,127976,3036,3978,126907,18,19861,74,1,9046,0.0010020000000001694
1380999,2860,3155,127917,3152,3884,126848,18,19862,74,1,9047,0.0009979999999998324
1381999,2950,3179,127863,3027,3942,126918,19,19860,78,1,9048,0.001000000000000112
1382999,3026,3241,128045,3060,3876,126908,18,19861,74,1,9049,0.0009999999999998899
1383999,2858,3198,127978,3025,3956,126861,20,19861,82,1,9050,0.001000000000000112
1384999,2912,3341,127852,3061,3985,126950,19,19859,82,1,9051,0.0009999999999998899
1385999,2849,3231,127927,2981,3972,126867,18,19860,78,1,9052,0.001000000000000112
1386999,2822,3294,127881,3089,4004,126873,18,19860,74,1,9053,0.0009999999999998899
1387999,2765,3174,127783,3095,3827,127047,18,19859,74,1,9054,0.001000000000000112
1389000,2918,3269,127812,3170,3880,126932,17,19860,70,1,9055,0.0010010000000000296
1390000,2966,3093,127857,3103,3901,126871,17,19860,70,1,9056,0.0009999999999998899
1390999,2915,3153,128020,3101,3942,127021,19,19860,70,1,9057,0.0009989999999999721
1391999,2858,3237,127773,3064,3946,126964,18,19860,78,1,9058,0.001000000000000112
1392999,2871,3267,127840,3038,3955,126859,18,19862,74,1,9059,0.0009999999999998899
1393999,2851,3148,127900,3095,3977,126920,19,19860,78,1,9060,0.001000000000000112
1394999,2977,3202,127836,2985,3962,126910,18,19861,74,1,9061,0.0009999999999998899
1395999,2853,3211,127942,3072,3747,126890,19,19861,78,1,9062,0.001000000000000112
1396999,2881,3298,127941,3058,3857,127000,17,19861,78,1,9063,0.0009999999999998899
1397999,2817,3220,127904,3059,3829,126894,18,19859,70,1,9064,0.001000000000000112
1398999,2818,3209,127821,3002,3927,126902,18,19860,74,1,9065,0.0009999999999998899
1400000,2993,3158,127938,3040,3917,127000,19,19861,78,1,9066,0.0010010000000000296
1400999,2787,3177,127896,2948,3877,126881,18,19861,74,1,9067,0.0009989999999999721
1401999,2890,3177,127859,3117,3937,127069,17,19862,70,1,9068,0.001000000000000112
1403001,2977,3272,127826,3093,3913,126935,16,19862,70,1,9069,0.0010019999999999474
1403999,2776,3256,127853,3131,3887,126905,18,19859,66,1,9070,0.0009980000000000544
1405009,2829,3167,127866,2978,3963,126755,18,19860,74,1,9071,0.0010099999999999554
1405999,2902,3162,127917,3168,3858,126860,18,19859,74,1,9072,0.0009900000000000464
1406999,2899,3244,127892,3139,3996,126827,17,19859,70,1,9073,0.0009999999999998899
1407999,2911,3255,127858,3095,3822,126972,18,19860,74,1,9074,0.001000000000000112
1408999,2880,3247,127907,3141,3948,126910,18,19860,74,1,9075,0.0009999999999998899
1409999,2998,3293,128022,3180,3806,126936,18,19861,74,1,9076,0.001000000000000112
1410999,2856,3139,127918,3172,3974,126858,18,19861,74,1,9077,0.0009999999999998899
1411999,2944,3257,127975,3160,3928,127106,18,19861,74,1,9078,0.001000000000000112
1412999,2811,3216,127839,3107,3945,126943,17,19860,70,1,9079,0.0009999999999998899
1414006,2895,3212,127800,3072,3853,126864,17,19860,70,1,9080,0.0010069999999999801
1415000,2823,3174,128003,3140,3953,126914,17,19860,70,1,9081,0.0009940000000001614
1415999,2981,3231,127940,3172,3804,127148,16,19862,70,1,9082,0.0009989999999999721
1416999,2756,3179,127965,3123,3894,127019,16,19860,66,1,9083,0.0009999999999998899
1417999,2915,3243,127902,3089,3976,126920,17,19860,70,1,9084,0.001000000000000112
1419001,2841,3252,127820,3050,3895,126949,18,19862,74,1,9085,0.0010019999999999474
1419999,2942,3339,127974,2910,3838,126889,18,19860,74,1,9086,0.0009980000000000544
1421000,2828,3209,127917,3148,3897,126988,17,19860,70,1,9087,0.0010010000000000296
1421999,2878,3247,127833,3070,3961,126932,18,19860,70,1,9088,0.0009989999999999721
1422999,2814,3167,127802,3099,3860,126955,20,19862,74,1,9089,0.0009999999999998899
1423999,2841,3253,127990,3024,3916,126931,20,19859,82,1,9090,0.001000000000000112
1425000,2784,3268,127878,3082,3954,126945,17,19860,70,1,9091,0.0010010000000000296
1426009,2874,3235,127910,3100,3981,126869,19,19860,78,1,9092,0.0010089999999998156
1426999,2903,3311,127871,3067,3995,126903,21,19860,86,1,9093,0.0009900000000000464
1427999,2794,3299,127883,3060,3936,127091,18,19861,86,1,9094,0.001000000000000112
1429009,2781,3196,127836,3110,3904,126947,17,19861,74,1,9095,0.0010099999999999554
1430003,2881,3294,127844,3062,3857,126804,17,19861,70,1,9096,0.0009939999999999394
1431004,2864,3254,127985,3090,3969,127023,18,19861,74,1,9097,0.0010010000000000296
1432001,2900,3244,127816,3097,3960,126904,18,19861,74,1,9098,0.0009969999999999146
1432999,2880,3191,127878,3052,3916,126932,18,19861,74,1,9099,0.0009980000000000544
1433999,2857,3253,127933,3135,3964,126761,17,19862,74,1,9100,0.001000000000000112
1435000,2917,3209,127911,3160,3917,126990,18,19861,70,1,9101,0.0010009999999998076
1435999,2882,3287,127812,3104,3978,126905,18,19860,74,1,9102,0.0009990000000001942
1436999,2902,3247,127920,3247,3851,126883,19,19861,78,1,9103,0.0009999999999998899
1437999,2902,3147,127897,3035,3952,126911,19,19861,78,1,9104,0.001000000000000112
1438999,2898,3178,127936,3127,3925,126863,18,19861,74,1,9105,0.0009999999999998899
1439999,2913,3239,127788,3117,3880,126882,17,19861,74,1,9106,0.001000000000000112
1441000,2846,3215,127856,157846,3921,126905,18,19862,70,1,9107,0.0010009999999998076
1441999,2772,3239,127847,3122,3945,127009,18,19861,74,1,9108,0.0009990000000001942
1442999,2931,3219,127897,3136,3918,126857,18,19860,74,1,9109,0.0009999999999998899
1444002,2964,3275,127855,3120,3979,126910,18,19861,74,1,9110,0.0010030000000000872
1445000,2867,3200,127973,3089,3980,126951,17,19861,70,1,9111,0.0009979999999998324
1446000,2937,3241,127868,2990,3898,126905,21,19861,70,1,9112,0.001000000000000112
1447001,2863,3214,127976,3208,3856,126929,18,19862,86,1,9113,0.0010010000000000296
1447999,2891,3258,127881,3094,3969,126978,18,19861,74,1,9114,0.0009980000000000544
1448999,2910,3198,127850,3123,3981,126971,18,19861,74,1,9115,0.0009999999999998899
1449999,2965,3271,127863,3046,3945,126973,17,19860,70,1,9116,0.001000000000000112
1450999,2910,3227,127896,3111,3840,126936,19,19859,78,1,9117,0.0009999999999998899
1451999,2830,3336,127888,3147,3983,126944,17,19859,78,1,9118,0.001000000000000112
1452999,2797,3213,127740,3153,3846,126952,19,19861,70,1,9119,0.0009999999999998899
1453999,2866,3361,127816,3087,3927,126870,19,19861,78,1,9120,0.001000000000000112
1454999,2825,3191,127990,3132,3965,126970,19,19860,78,1,9121,0.0009999999999998899
1455999,2987,3235,127953,3041,3982,127020,19,19860,78,1,9122,0.001000000000000112
1456999,2864,3258,127886,158870,3945,126984,19,19860,78,1,9123,0.0009999999999998899
1457999,2946,3219,127789,3019,3966,126946,19,19860,78,1,9124,0.001000000000000112
1458999,2838,3120,127910,3045,3906,127061,18,19860,78,1,9125,0.0009999999999998899
1459999,2940,3189,127897,3134,3946,126931,18,19860,74,1,9126,0.0009999999999998899
1460999,2883,3187,127881,3166,3950,126867,18,19860,74,1,9127,0.001000000000000112
1461999,2783,3237,127880,3078,3916,126931,20,19861,82,1,9128,0.0009999999999998899
1462999,2853,3183,127915,2978,3828,127038,19,19860,78,1,9129,0.001000000000000112
1464000,2883,3158,127910,2969,3991,127010,19,19860,78,1,9130,0.0010010000000000296
1465000,2823,3261,127969,3126,3942,126887,19,19859,78,1,9131,0.0009999999999998899
1465999,2929,3278,127998,3156,3911,127079,19,19861,78,1,9132,0.0009989999999999721
1466999,2900,3317,127789,3094,3865,126925,19,19860,78,1,9133,0.001000000000000112
1467999,2791,3202,127688,3031,3993,126803,18,19860,74,1,9134,0.0009999999999998899
1468999,2924,3282,127883,3136,3906,126870,19,19860,78,1,9135,0.001000000000000112
1470001,2917,3280,127853,3113,3942,126903,18,19860,74,1,9136,0.0010019999999999474
1470999,2994,3242,127873,3109,3838,127008,17,19860,74,1,9137,0.0009980000000000544
1471999,2880,3226,127880,3169,3917,126974,18,19861,70,1,9138,0.0009999999999998899
1472999,2928,3277,127856,158870,3999,126923,18,19860,74,1,9139,0.001000000000000112
1473999,2884,3206,127798,3086,3913,126946,20,19861,82,1,9140,0.0009999999999998899
1474999,2908,3384,127878,3046,3896,127090,21,19860,86,1,9141,0.001000000000000112
1475999,2817,3247,127803,3124,3933,126921,19,19860,78,1,9142,0.0009999999999998899
1476999,2974,3271,127910,2998,3890,126884,20,19860,78,1,9143,0.001000000000000112
1477999,2857,3227,127950,3182,3839,127003,20,19862,82,1,9144,0.0009999999999998899
1478999,2907,3227,127906,3126,4019,126937,20,19860,82,1,9145,0.001000000000000112
1479999,2864,3187,127940,3159,3881,127024,18,19859,74,1,9146,0.0009999999999998899
1480999,2785,3267,127827,3032,3938,126925,18,19860,74,1,9147,0.001000000000000112
1482000,2940,3142,128015,3140,3904,127020,18,19860,74,1,9148,0.0010010000000000296
1483002,2893,3191,127898,3058,3874,126867,18,19860,74,1,9149,0.0010019999999999474
1484001,2795,3240,127939,3120,3877,126915,18,19859,74,1,9150,0.0009989999999999721
1484999,2804,3212,127776,3040,3965,126899,18,19859,74,1,9151,0.0009980000000000544
1485999,2903,3256,127896,3151,3904,127077,19,19858,78,1,9152,0.0009999999999998899
1487001,2859,3251,127865,3023,3966,126921,19,19858,78,1,9153,0.0010020000000001694
1488001,2894,3254,127887,3188,3935,126990,18,19861,74,1,9154,0.0009999999999998899
1489001,2845,3224,128113,3040,3927,127010,20,19861,74,1,9155,0.001000000000000112
1490001,2776,3233,127788,3194,3917,126983,17,19861,82,1,9156,0.0009999999999998899
1491000,2922,3243,127864,3090,3927,126912,17,19860,70,1,9157,0.0009989999999999721
1492005,2927,3184,127880,3151,3930,126956,19,19860,78,1,9158,0.0010050000000001447
1493005,2850,3118,127940,3033,3929,126910,19,19859,78,1,9159,0.0009999999999998899
1493999,2866,3220,127873,3187,3832,127091,21,19859,86,1,9160,0.0009939999999999394
1494999,2855,3208,127998,3125,3992,127032,20,19859,86,1,9161,0.001000000000000112
1495999,2788,3206,127889,3105,3862,126894,19,19860,82,1,9162,0.0009999999999998899
1496999,2938,3264,127813,3061,3884,126915,19,19862,78,1,9163,0.001000000000000112
1498001,2879,3239,127884,3159,3950,126905,20,19860,82,1,9164,0.0010019999999999474
1498999,2931,3237,127891,3060,3956,126878,19,19860,78,1,9165,0.0009980000000000544
1499999,2771,3243,127994,3206,3922,126948,19,19861,78,1,9166,0.0009999999999998899
1500999,2854,3242,127961,3144,3941,127081,17,19861,78,1,9167,0.001000000000000112
1502002,2723,3301,127777,3010,3926,126737,20,19860,70,1,9168,0.0010029999999998651
1502999,2827,3186,127830,3055,3971,126801,20,19860,82,1,9169,0.0009970000000001367
1504002,2858,3249,127961,3105,3890,126957,19,19860,78,1,9170,0.0010029999999998651
1505001,2982,3168,127916,3024,3913,127006,19,19860,78,1,9171,0.0009990000000001942
1505999,2880,3240,127907,3091,3894,126892,19,19859,78,1,9172,0.0009979999999998324
1506999,2850,3122,127799,3136,3938,126990,20,19859,78,1,9173,0.001000000000000112
1507999,2806,3201,127869,3116,3904,126913,20,19859,82,1,9174,0.0009999999999998899
1508999,2844,3265,127938,3166,3925,127102,20,19860,82,1,9175,0.001000000000000112
1510001,2794,3203,127913,3074,3892,126916,20,19859,82,1,9176,0.0010019999999999474
1510999,3034,3190,127795,3282,3940,126994,20,19859,82,1,9177,0.0009980000000000544
1511999,2964,3288,127934,3140,3976,126926,20,19860,82,1,9178,0.0009999999999998899
1512999,2829,3235,127928,3171,3922,126963,18,19860,74,1,9179,0.001000000000000112
1513999,2867,3183,127908,3061,3965,127040,19,19861,74,1,9180,0.0009999999999998899
1514999,2903,3278,127873,3069,3848,126891,19,19861,78,1,9181,0.001000000000000112
1515999,2801,3264,127937,3181,3803,126996,19,19861,78,1,9182,0.0009999999999998899
1517000,2807,3211,128061,3217,3924,126933,20,19858,82,1,9183,0.0010010000000000296
1518001,2939,3262,127875,3035,3887,126921,19,19858,78,1,9184,0.0010010000000000296
1518999,2861,3189,128031,3071,3817,126928,18,19858,74,1,9185,0.0009980000000000544
1520000,2859,3172,127898,3026,3980,127047,19,19861,74,1,9186,0.0010010000000000296
1520999,2911,3214,127834,3124,3941,127013,19,19860,78,1,9187,0.0009989999999999721
1521999,2883,3319,128015,3197,3906,126882,19,19860,78,1,9188,0.0009999999999998899
1522999,2852,3175,127852,3170,3837,126991,18,19861,74,1,9189,0.001000000000000112
1524000,2870,3341,127844,3040,3971,126814,18,19859,74,1,9190,0.0010010000000000296
1524999,2786,3319,127857,3113,3932,126979,18,19859,74,1,9191,0.0009989999999999721
1525999,2933,3175,127802,3071,3858,126904,20,19859,74,1,9192,0.0009999999999998899
1526999,3012,3194,127786,3127,3754,126835,20,19860,82,1,9193,0.001000000000000112
1527999,2924,3244,127916,3079,4002,126797,20,19860,82,1,9194,0.0009999999999998899
1528999,2895,3116,127734,3100,3839,126984,19,19861,78,1,9195,0.001000000000000112
1530000,2886,3268,127825,3137,3886,126890,19,19862,78,1,9196,0.0010010000000000296
1530999,2938,3281,127879,3078,3849,126959,20,19861,82,1,9197,0.0009989999999999721
1531999,2839,3244,127773,3062,3958,126852,20,19861,82,1,9198,0.0009999999999998899
1532999,2736,3232,127898,3189,3909,127088,20,19860,82,1,9199,0.001000000000000112
1533999,2807,3211,128029,3092,3962,126979,20,19860,82,1,9200,0.0009999999999998899
1535002,2941,3126,127905,3151,3882,127057,19,19860,78,1,9201,0.0010030000000000872
1535999,2874,3193,128038,150678,3982,126976,18,19859,74,1,9202,0.0009969999999999146
1536999,2926,3261,127931,3099,3927,126925,20,19861,82,1,9203,0.001000000000000112
1537999,2958,3243,127913,3016,3856,126917,17,19861,82,1,9204,0.0009999999999998899
1538999,2866,3148,128002,3131,3830,126963,19,19861,70,1,9205,0.001000000000000112
1539999,2996,3235,127809,3002,3792,126901,19,19860,78,1,9206,0.0009999999999998899
1541000,2954,3261,127954,3093,3865,126798,18,19862,74,1,9207,0.0010010000000000296
1541999,2822,3226,127927,3145,4010,126944,18,19861,74,1,9208,0.0009989999999999721
1542999,2865,3218,127888,3086,3891,126983,20,19860,82,1,9209,0.001000000000000112
1543999,2874,3198,127964,3079,3879,126952,18,19860,82,1,9210,0.0009999999999998899
1544999,2875,3275,127803,3069,3844,126978,19,19859,74,1,9211,0.001000000000000112
1545999,2871,3244,127913,3047,3877,126902,19,19859,78,1,9212,0.0009999999999998899
1546999,2951,3194,127860,3115,3938,127007,19,19860,78,1,9213,0.001000000000000112
1547999,2828,3268,127979,3143,3888,126940,19,19860,78,1,9214,0.0009999999999998899
1548999,2836,3207,127979,3023,3997,126877,18,19860,74,1,9215,0.001000000000000112
1549999,2902,3268,128016,3152,3894,127009,17,19860,74,1,9216,0.0009999999999998899
1551000,2892,3213,127751,3164,3956,126865,18,19860,70,1,9217,0.0010010000000000296
1551999,2856,3107,127856,157846,3914,126948,18,19861,74,1,9218,0.0009989999999999721
1552999,2973,3260,127936,3139,3862,127032,19,19859,78,1,9219,0.001000000000000112
1553999,2901,3188,127943,3132,3864,126852,19,19860,78,1,9220,0.0009999999999998899
1554999,2807,3168,127757,3038,3957,126900,18,19859,74,1,9221,0.001000000000000112
1556000,2904,3243,127953,3180,3866,126854,20,19859,82,1,9222,0.0010009999999998076
1556999,2948,3202,127822,3125,4015,126932,20,19860,82,1,9223,0.0009990000000001942
1557999,2785,3223,127942,3183,3863,127071,19,19860,82,1,9224,0.0009999999999998899
1559000,2928,3226,127869,3156,3948,127006,19,19860,78,1,9225,0.0010010000000000296
1560005,2852,3158,127952,3142,3910,127068,22,19860,90,1,9226,0.0010049999999999226
1560999,2874,3312,127818,3098,3937,126889,19,19860,78,1,9227,0.0009940000000001614
1562002,2809,3265,127922,3115,3979,126951,18,19860,74,1,9228,0.0010029999999998651
1562999,2929,3185,127978,3002,3857,126865,18,19860,74,1,9229,0.0009970000000001367
1564001,2891,3216,127766,3028,3949,127082,18,19859,74,1,9230,0.0010019999999999474
1564999,2942,3219,127734,3036,3889,126970,18,19860,74,1,9231,0.0009980000000000544
1565999,2888,3281,127761,3118,3911,126882,18,19860,74,1,9232,0.0009999999999998899
1566999,2821,3276,127850,3011,3904,126894,20,19860,82,1,9233,0.001000000000000112
1567999,2855,3181,127855,149526,3847,126989,18,19860,74,1,9234,0.0009999999999998899
1568999,2877,3303,127978,3083,3914,126833,19,19860,74,1,9235,0.001000000000000112
1569999,2890,3141,127934,3108,3904,126850,19,19860,78,1,9236,0.0009999999999998899
1570999,2921,3296,127895,3144,3945,126922,19,19860,78,1,9237,0.001000000000000112
1571999,2942,3212,127840,3170,3829,127066,18,19860,74,1,9238,0.0009999999999998899
1572999,2915,3279,127924,2992,3952,126988,20,19859,82,1,9239,0.001000000000000112
1573999,2889,3239,127913,3203,3832,126953,18,19860,74,1,9240,0.0009999999999998899
1574999,2924,3291,127993,2962,3884,126921,20,19860,74,1,9241,0.001000000000000112
1575999,2797,3130,127935,3167,3857,127024,18,19860,82,1,9242,0.0009999999999998899
1576999,2864,3330,127934,3105,3987,126968,18,19860,74,1,9243,0.001000000000000112
1578001,2816,3193,127913,3196,3863,127000,19,19860,78,1,9244,0.0010019999999999474
1578999,2854,3245,127865,2967,3983,126991,18,19860,74,1,9245,0.0009979999999998324
1579999,2950,3150,127759,3138,3854,126931,19,19859,78,1,9246,0.001000000000000112
1580999,2886,3239,127863,3074,3833,126912,18,19859,78,1,9247,0.0009999999999998899
1581999,2875,3221,127931,3108,3928,127016,19,19860,74,1,9248,0.001000000000000112
1582999,2872,3265,127952,2942,3920,126897,19,19860,78,1,9249,0.0009999999999998899
1583999,2831,3180,127847,3087,3898,126941,21,19860,86,1,9250,0.001000000000000112
1584999,2827,3257,127919,3008,3930,126922,19,19860,78,1,9251,0.0009999999999998899
1585999,2932,3119,127762,3161,3865,126999,18,19860,74,1,9252,0.001000000000000112
1586999,2869,3193,127978,3110,3947,126927,19,19860,74,1,9253,0.0009999999999998899
1587999,2885,3187,127861,2978,3964,126879,18,19861,78,1,9254,0.001000000000000112
1588999,2866,3186,127837,3066,3907,127001,18,19859,74,1,9255,0.0009999999999998899
1589999,2834,3254,127906,3063,3915,126911,21,19860,86,1,9256,0.001000000000000112
1590999,2967,3231,127770,3139,3915,126904,20,19860,82,1,9257,0.0009999999999998899
1591999,2963,3293,127886,3062,4006,126858,18,19860,74,1,9258,0.001000000000000112
1593000,2953,3217,127969,3043,3994,127046,19,19860,74,1,9259,0.0010010000000000296
1593999,2902,3232,127924,3084,3923,126959,19,19860,78,1,9260,0.0009989999999999721
1595000,2857,3291,127804,3070,3983,127072,19,19859,78,1,9261,0.0010010000000000296
1595999,2938,3202,127769,3139,3952,126974,20,19860,82,1,9262,0.0009989999999999721
1596999,2894,3161,127913,3123,3954,126950,20,19860,82,1,9263,0.0009999999999998899
1597999,2884,3265,127745,3163,4048,126900,18,19859,74,1,9264,0.001000000000000112
1598999,2970,3206,127890,3146,3897,127102,18,19859,74,1,9265,0.0009999999999998899
1599999,2928,3297,127949,3014,3843,126997,18,19859,74,1,9266,0.001000000000000112
1600999,2879,3232,127763,3111,3955,126938,18,19861,74,1,9267,0.0009999999999998899
1601999,2869,3275,128050,3126,3965,127022,18,19860,74,1,9268,0.001000000000000112
1602999,2835,3232,127785,3054,3798,126875,19,19859,78,1,9269,0.0009999999999998899
1603999,2898,3278,128036,3075,3915,126890,20,19860,82,1,9270,0.001000000000000112
1604999,2860,3252,127946,3083,3906,126989,19,19860,78,1,9271,0.0009999999999998899
1605999,2934,3285,127937,3040,3905,126881,19,19860,78,1,9272,0.001000000000000112
1606999,2874,3176,127949,3029,3821,126939,18,19860,78,1,9273,0.0009999999999998899
1607999,2946,3236,127838,3016,3968,127119,18,19860,74,1,9274,0.001000000000000112
1608999,2820,3273,127851,3051,3864,127032,19,19860,78,1,9275,0.0009999999999998899
1609999,2825,3190,127773,3094,3954,126888,17,19859,70,1,9276,0.001000000000000112
1610999,2933,3219,127869,3202,3991,126917,19,19859,78,1,9277,0.0009999999999998899
1611999,2912,3265,127909,3066,3905,126935,18,19859,78,1,9278,0.001000000000000112
1612999,2871,3180,127836,3125,3925,126968,20,19860,74,1,9279,0.0009999999999998899
1613999,2719,3238,127874,3024,3969,126977,20,19860,82,1,9280,0.001000000000000112
1614999,2908,3230,127969,3205,4026,126951,19,19860,78,1,9281,0.0009999999999998899
1616002,2958,3251,127836,3028,3858,126932,18,19860,74,1,9282,0.0010030000000000872
1617001,2882,3195,127830,3089,3953,127027,20,19861,82,1,9283,0.0009989999999999721
1618001,2978,3297,127929,3079,3974,126961,19,19861,82,1,9284,0.001000000000000112
1618999,2844,3179,127937,3127,3890,126878,19,19860,78,1,9285,0.0009979999999998324
1619999,3022,3226,127910,3067,3854,126906,19,19861,78,1,9286,0.001000000000000112
1620999,2877,3242,127742,3053,3898,126895,19,19860,78,1,9287,0.0009999999999998899
1621999,2844,3285,127887,3024,3872,126815,20,19860,82,1,9288,0.001000000000000112
1622999,2902,3253,127839,3060,3895,126972,18,19860,74,1,9289,0.0009999999999998899
1623999,2870,3297,127953,3090,3946,126911,17,19860,74,1,9290,0.001000000000000112
1624999,2801,3175,127793,3065,3855,126980,17,19860,70,1,9291,0.0009999999999998899
1626004,2858,3226,127849,3023,3909,126937,17,19860,70,1,9292,0.0010050000000001447
1626999,2950,3271,127865,3125,3881,126819,19,19860,78,1,9293,0.0009949999999998571
1627999,2974,3191,127938,3038,3896,127002,19,19860,78,1,9294,0.001000000000000112
1628999,2888,3194,127981,3213,3818,126952,20,19860,82,1,9295,0.0009999999999998899
1629999,2858,3287,127921,3028,4007,127022,21,19860,82,1,9296,0.001000000000000112
1630999,2958,3239,127927,158870,3980,126961,19,19860,86,1,9297,0.0009999999999998899
1631999,2901,3123,127887,3057,3852,126942,19,19860,78,1,9298,0.001000000000000112
1632999,2904,3255,127916,3096,3917,126964,19,19860,78,1,9299,0.0009999999999998899
1633999,2845,3211,127952,3106,3946,126846,21,19861,86,1,9300,0.001000000000000112
1635000,2834,3301,127811,2992,3904,126932,21,19859,86,1,9301,0.0010010000000000296
1635999,2794,3201,128033,3042,3878,126980,20,19859,86,1,9302,0.0009989999999999721
1636999,2907,3276,127785,3089,3885,126871,18,19859,82,1,9303,0.0009999999999998899
1638001,2807,3265,127943,3019,3902,126935,18,19861,74,1,9304,0.0010019999999999474
1639001,2941,3311,127911,3109,3883,126985,20,19860,82,1,9305,0.001000000000000112
1639999,2886,3240,127898,3070,4040,127094,19,19859,78,1,9306,0.0009980000000000544
1640999,2897,3197,127887,3112,3904,126889,21,19860,86,1,9307,0.0009999999999998899
1641999,2914,3152,127977,3204,3960,126874,19,19860,78,1,9308,0.001000000000000112
1642999,2815,3160,128015,2997,3955,126931,18,19860,78,1,9309,0.0009999999999998899
1644000,2843,3223,127959,3121,3888,126941,19,19859,74,1,9310,0.0010010000000000296
1644999,2902,3241,127839,3130,3955,126924,19,19859,78,1,9311,0.0009989999999999721
1645999,2903,3254,127978,3171,3849,127054,20,19860,82,1,9312,0.001000000000000112
1646999,2890,3278,127928,150678,3871,126834,18,19860,74,1,9313,0.0009999999999998899
1647999,2907,3239,127916,3199,3880,127108,21,19860,86,1,9314,0.001000000000000112
1649000,2882,3195,127841,3099,3885,126964,19,19860,86,1,9315,0.0010010000000000296
1649999,2975,3168,127875,3103,3889,126941,20,19860,78,1,9316,0.0009989999999999721
1651000,2985,3232,127730,3164,3942,126841,20,19859,82,1,9317,0.0010010000000000296
1651999,2796,3224,127880,2983,3882,126925,18,19861,74,1,9318,0.0009989999999999721
1653000,2842,3306,127904,3020,3830,126895,19,19862,78,1,9319,0.0010010000000000296
1654001,2926,3224,127797,3070,3875,126723,18,19862,74,1,9320,0.0010009999999998076
1654999,2986,3218,127967,3048,3862,126864,19,19859,74,1,9321,0.0009980000000000544
1655999,2950,3120,127985,3137,3981,126902,18,19860,78,1,9322,0.001000000000000112
1656999,2958,3276,127920,3051,3941,126899,18,19861,74,1,9323,0.0009999999999998899
1657999,2909,3271,127829,3077,3957,127012,19,19860,78,1,9324,0.001000000000000112
1658999,2865,3298,127884,3074,3892,126986,20,19859,82,1,9325,0.0009999999999998899
1659999,2834,3164,127927,3116,3902,126950,19,19860,78,1,9326,0.001000000000000112
1661001,2955,3240,127901,3094,3878,126887,20,19860,78,1,9327,0.0010019999999999474
1662001,2786,3194,127907,3034,3943,126898,19,19860,82,1,9328,0.0009999999999998899
1663001,2844,3216,127857,3065,3887,127010,19,19860,78,1,9329,0.001000000000000112
1663999,2819,3206,127844,3222,3948,126954,20,19859,82,1,9330,0.0009980000000000544
1664999,2913,3224,127679,3044,3966,126978,21,19860,86,1,9331,0.0009999999999998899
1665999,2841,3222,127953,3043,3814,126955,16,19861,66,1,9332,0.001000000000000112
1666999,2889,3358,127831,3048,3932,127012,19,19861,66,1,9333,0.0009999999999998899
1667999,2758,3231,127992,3115,3905,126905,18,19859,78,1,9334,0.001000000000000112
1669004,2819,3290,127847,3050,3983,126937,18,19860,74,1,9335,0.0010049999999999226
1670000,2768,3170,128042,3121,3916,126914,19,19859,78,1,9336,0.0009959999999999969
1670999,2884,3232,128067,3062,3961,126888,20,19861,82,1,9337,0.0009989999999999721
1672001,2910,3187,127876,3161,3909,127032,20,19860,82,1,9338,0.0010019999999999474
1672999,2817,3213,127872,2970,3960,126893,19,19860,82,1,9339,0.0009980000000000544
1673999,2876,3133,127993,3186,3861,126934,19,19860,78,1,9340,0.001000000000000112
1675000,2871,3214,127882,2978,3884,126992,19,19860,78,1,9341,0.0010009999999998076
1675999,2933,3274,127891,3055,3900,126900,18,19859,74,1,9342,0.0009990000000001942
1676999,2864,3262,127910,3121,3879,126985,19,19860,78,1,9343,0.0009999999999998899
1677999,2861,3233,128000,3105,3838,126950,20,19861,82,1,9344,0.001000000000000112
1678999,2847,3173,127969,3065,3868,126918,19,19861,82,1,9345,0.0009999999999998899
1679999,2935,3301,127806,3201,3951,126946,18,19860,78,1,9346,0.001000000000000112
1680999,2954,3222,127898,3109,3987,126972,18,19860,74,1,9347,0.0009999999999998899
1682000,2877,3225,127842,3143,3913,126999,20,19859,82,1,9348,0.0010010000000000296
1682999,2835,3250,127909,3135,3975,126940,20,19860,82,1,9349,0.0009989999999999721
1683999,2928,3338,127858,3130,3944,126931,18,19860,74,1,9350,0.001000000000000112
1684999,2947,3251,127757,3213,3937,126949,19,19860,74,1,9351,0.0009999999999998899
1686012,2849,3315,127970,3050,4001,126873,20,19859,78,1,9352,0.0010129999999999306
1687001,2842,3177,127832,3047,3982,127056,20,19860,82,1,9353,0.0009890000000001287
1687999,2922,3204,127717,3101,4016,127040,18,19861,74,1,9354,0.0009980000000000544
1688999,2726,3177,127694,3142,3900,126811,19,19859,78,1,9355,0.0009999999999998899
1690004,2908,3229,127830,3019,3944,126891,20,19858,82,1,9356,0.0010049999999999226
1691000,2914,3167,127922,3178,3887,126863,19,19858,78,1,9357,0.0009959999999999969
1691999,2832,3267,127903,3112,3963,126890,19,19860,78,1,9358,0.0009990000000001942
1692999,2915,3123,127945,3177,3821,126821,18,19860,78,1,9359,0.0009999999999998899
1693999,2907,3309,127835,3080,3927,126997,18,19860,74,1,9360,0.001000000000000112
1695000,2967,3272,127940,3076,3900,127082,19,19859,78,1,9361,0.0010009999999998076
1695999,2876,3246,127981,3021,3909,126922,19,19862,78,1,9362,0.0009989999999999721
1697000,2925,3213,127897,3163,3885,126967,20,19862,82,1,9363,0.0010010000000000296
1697999,2970,3203,127964,2964,3906,126910,18,19860,82,1,9364,0.0009989999999999721
1698999,2893,3252,127984,3104,3900,126893,19,19861,74,1,9365,0.001000000000000112
1699999,2917,3225,127848,3052,3994,126973,19,19860,78,1,9366,0.0009999999999998899
1700999,2895,3191,127950,3124,3858,126904,19,19860,78,1,9367,0.001000000000000112
1701999,2802,3266,127799,3144,4013,127057,19,19859,78,1,9368,0.0009999999999998899
1702999,2872,3232,127821,3124,3748,126988,19,19859,78,1,9369,0.001000000000000112
1704005,2803,3272,127908,3162,3881,126876,18,19860,78,1,9370,0.0010060000000000624
1705001,2896,3239,127802,3107,3944,126972,19,19860,74,1,9371,0.0009959999999999969
1705999,2965,3155,127866,3070,4011,127007,19,19859,78,1,9372,0.0009979999999998324
1706999,2841,3243,127826,3110,3864,126900,19,19861,78,1,9373,0.001000000000000112
1707999,2848,3311,127970,3039,3964,126866,18,19859,74,1,9374,0.0009999999999998899
1708999,2790,3190,127724,3173,3850,126994,18,19861,74,1,9375,0.001000000000000112
1709999,2842,3290,127977,158870,3932,126949,18,19861,74,1,9376,0.0009999999999998899
1710999,2885,3191,127952,3179,3886,127019,19,19859,74,1,9377,0.001000000000000112
1711999,2918,3319,127954,3163,4066,126931,19,19858,78,1,9378,0.0009999999999998899
1712999,2904,3242,127814,3102,3851,126882,21,19860,86,1,9379,0.001000000000000112
1713999,2875,3276,127927,3140,3845,127053,21,19860,86,1,9380,0.0009999999999998899
1714999,2953,3158,127850,3143,3898,127004,19,19861,78,1,9381,0.001000000000000112
1715999,2874,3238,127869,3143,3918,126946,18,19861,78,1,9382,0.0009999999999998899
1716999,2911,3276,127928,3119,3897,126994,19,19859,74,1,9383,0.001000000000000112
1717999,2977,3267,127944,3091,3887,126880,19,19860,78,1,9384,0.0009999999999998899
1718999,2903,3321,127808,3047,3881,126893,18,19859,74,1,9385,0.001000000000000112
1719999,2866,3223,127937,3032,3913,126987,20,19860,82,1,9386,0.0009999999999998899
1720999,2908,3260,127872,3157,3901,126846,19,19860,78,1,9387,0.001000000000000112
1721999,2855,3228,127970,3090,3962,126913,20,19860,78,1,9388,0.0009999999999998899
1722999,2833,3256,127970,3086,3937,126907,19,19860,82,1,9389,0.001000000000000112
1723999,2861,3253,127888,3183,4012,126876,19,19861,78,1,9390,0.0009999999999998899
1724999,2916,3261,127834,3022,3946,126891,18,19859,74,1,9391,0.001000000000000112
1725999,2833,3221,127855,158870,3863,126971,19,19860,78,1,9392,0.0009999999999998899
1726999,2938,3250,127984,3072,3877,126892,19,19859,78,1,9393,0.001000000000000112
1727999,2839,3190,128033,3112,3838,126904,19,19859,78,1,9394,0.0009999999999998899
1728999,2924,3200,127931,3035,3815,127023,20,19860,78,1,9395,0.001000000000000112
1729999,2801,3180,127919,3094,3925,126918,20,19860,82,1,9396,0.0009999999999998899
1730999,2969,3208,127911,3008,3950,126965,19,19862,78,1,9397,0.001000000000000112
1731999,2846,3161,127903,3154,3964,126940,19,19860,78,1,9398,0.0009999999999998899
1733001,2891,3263,127953,3046,3962,126857,19,19859,78,1,9399,0.0010020000000001694
1733999,2823,3184,127958,3143,3889,126966,18,19859,74,1,9400,0.0009979999999998324
1734999,2946,3235,127872,3095,3864,126865,18,19862,74,1,9401,0.001000000000000112
1735999,2930,3262,127818,3172,3826,127069,18,19859,74,1,9402,0.0009999999999998899
1736999,2747,3233,127940,3133,4008,126918,18,19860,74,1,9403,0.001000000000000112
1737999,2884,3193,127951,3111,3867,126929,19,19859,78,1,9404,0.0009999999999998899
1739002,2801,3328,127927,3007,3834,127028,19,19860,78,1,9405,0.0010030000000000872
1739999,2918,3247,127908,3166,3888,126926,20,19860,82,1,9406,0.0009969999999999146
1741000,2954,3248,127827,3049,3985,126989,17,19859,82,1,9407,0.0010010000000000296
1741999,2749,3142,127846,150678,3944,126954,19,19859,70,1,9408,0.0009989999999999721
1742999,2906,3307,127971,3005,3890,126824,19,19859,78,1,9409,0.001000000000000112
1744000,2947,3172,127910,3129,3847,126951,19,19859,78,1,9410,0.0010010000000000296
1745001,2892,3299,127869,3080,3943,126845,19,19860,78,1,9411,0.0010010000000000296
1745999,2902,3301,128019,3047,3891,126955,19,19860,78,1,9412,0.0009979999999998324
1746999,2940,3297,127921,3073,4010,126953,19,19859,78,1,9413,0.001000000000000112
1747999,2882,3196,127972,3034,3984,126998,20,19860,78,1,9414,0.0009999999999998899
1749000,2913,3297,127863,3071,3961,126986,20,19859,82,1,9415,0.0010010000000000296
1749999,2894,3230,127901,3113,3858,126987,19,19860,78,1,9416,0.0009989999999999721
1751001,2909,3327,127823,3076,3980,126917,19,19860,78,1,9417,0.0010020000000001694
1752001,2876,3127,127943,3052,3944,126941,18,19856,74,1,9418,0.0009999999999998899
1753000,2936,3221,128001,3102,3985,126968,19,19856,74,1,9419,0.0009989999999999721
1754001,2876,3216,127882,3019,3942,126943,19,19860,78,1,9420,0.0010010000000000296
1754999,2963,3255,127820,3090,3938,126996,19,19860,78,1,9421,0.0009980000000000544
1755999,2890,3273,127703,3018,3869,127030,18,19860,74,1,9422,0.0009999999999998899
1756999,2913,3206,127803,3147,3941,127051,18,19860,74,1,9423,0.001000000000000112
1757999,2935,3180,127838,3166,3886,126844,19,19860,78,1,9424,0.0009999999999998899
1758999,2861,3207,127884,3151,3988,126945,18,19860,78,1,9425,0.001000000000000112
1760000,2899,3194,127916,2937,3828,126958,19,19860,74,1,9426,0.0010010000000000296
1760999,2836,3229,127975,3007,3934,127008,19,19859,78,1,9427,0.0009989999999999721
1761999,2878,3236,127939,3192,3879,127001,19,19860,78,1,9428,0.0009999999999998899
1762999,2984,3263,127828,3044,3960,126853,20,19860,82,1,9429,0.001000000000000112
1763999,2977,3210,127864,3044,3928,126951,18,19860,74,1,9430,0.0009999999999998899
1765000,2848,3226,127873,2991,3910,126870,19,19860,74,1,9431,0.0010010000000000296
1765999,2834,3123,127895,3116,3944,127082,19,19859,78,1,9432,0.0009989999999999721
1766999,2950,3279,127878,3125,3820,126986,19,19860,78,1,9433,0.001000000000000112
1768000,2874,3175,127973,3022,3885,126917,21,19860,86,1,9434,0.0010010000000000296
1769005,2930,3311,127857,3063,3927,126836,20,19861,82,1,9435,0.0010049999999999226
1769999,2894,3304,127937,3117,3912,126937,20,19860,82,1,9436,0.0009939999999999394
1771000,2811,3243,127933,3071,3909,126989,17,19860,82,1,9437,0.0010010000000000296
1771999,2973,3233,127959,3073,3973,126799,20,19859,70,1,9438,0.0009989999999999721
1773000,2891,3250,127817,3133,3896,127014,20,19860,82,1,9439,0.0010010000000000296
1773999,2884,3264,127798,3187,3894,126928,18,19860,74,1,9440,0.0009989999999999721
1774999,2904,3235,127951,3136,3958,126812,19,19858,78,1,9441,0.001000000000000112
1775999,2836,3290,127977,3066,4041,127006,20,19859,82,1,9442,0.0009999999999998899
1776999,2793,3193,127887,3192,3958,126991,20,19859,82,1,9443,0.001000000000000112
1777999,2924,3324,127932,3028,3951,126959,19,19859,82,1,9444,0.0009999999999998899
1779001,2836,3168,127847,3035,3902,126873,20,19861,78,1,9445,0.0010019999999999474
1780001,2889,3208,127826,3123,4005,126959,20,19861,82,1,9446,0.001000000000000112
1780999,2862,3250,127843,3159,3931,127055,19,19860,78,1,9447,0.0009980000000000544
1781999,2871,3333,128021,3070,4062,126769,18,19860,74,1,9448,0.0009999999999998899
1782999,2902,3139,127860,3156,3971,127082,19,19860,78,1,9449,0.001000000000000112
1783999,2874,3225,127922,3058,3936,126936,18,19859,78,1,9450,0.0009999999999998899
1784999,2753,3219,127893,3185,3838,126931,20,19861,74,1,9451,0.001000000000000112
1785999,2864,3194,127814,3077,3985,127019,20,19860,82,1,9452,0.0009999999999998899
1787002,2883,3204,127997,3124,3907,126959,17,19858,70,1,9453,0.0010030000000000872
1787999,2888,3288,127959,2999,3977,126911,17,19859,70,1,9454,0.0009969999999999146
1788999,2916,3253,127971,3119,3905,126893,19,19859,78,1,9455,0.001000000000000112
1789999,2923,3218,127879,3043,3868,126888,17,19861,78,1,9456,0.0009999999999998899
1790999,2849,3199,127906,3165,3839,127032,18,19858,70,1,9457,0.001000000000000112
1791999,2872,3268,127933,3021,3969,127041,18,19860,74,1,9458,0.0009999999999998899
1792999,2945,3197,127743,3075,3978,127045,20,19861,82,1,9459,0.001000000000000112
1793999,2956,3102,127967,3072,3807,126917,20,19860,82,1,9460,0.0009999999999998899
1794999,2971,3230,127897,3067,3931,126930,19,19862,78,1,9461,0.001000000000000112
1795999,2851,3171,127929,3031,3910,126852,19,19862,78,1,9462,0.0009999999999998899
1796999,2888,3251,127868,3166,3900,126941,18,19861,78,1,9463,0.001000000000000112
1797999,2848,3164,127958,3044,3997,126904,18,19860,74,1,9464,0.0009999999999998899
1798999,2943,3231,127881,3179,3855,126902,20,19860,82,1,9465,0.001000000000000112
1799999,2905,3262,127781,3154,3962,126900,19,19860,78,1,9466,0.0009999999999998899
1800999,2944,3260,127800,3055,3904,126863,19,19860,78,1,9467,0.001000000000000112
1801999,2894,3268,127796,3173,3890,126936,18,19860,78,1,9468,0.0009999999999998899
1802999,2905,3170,127724,3185,3943,126946,20,19860,74,1,9469,0.001000000000000112
1803999,2842,3183,127970,2973,3966,127031,20,19860,82,1,9470,0.0009999999999998899
1804999,2969,3230,127903,158870,3892,126948,19,19861,78,1,9471,0.001000000000000112
1805999,2883,3237,127940,3141,3985,126918,18,19860,74,1,9472,0.0009999999999998899
1807001,2904,3335,127947,3154,3886,126920,19,19859,78,1,9473,0.0010019999999999474
1807999,2920,3204,127999,3088,3885,126983,18,19859,78,1,9474,0.0009980000000000544
1809000,2808,3224,127896,3134,3954,126902,18,19860,74,1,9475,0.0010010000000000296
1810001,2859,3313,127899,3022,3915,127036,18,19861,74,1,9476,0.0010010000000000296
1811001,2912,3310,127899,3027,3892,126903,21,19860,86,1,9477,0.0009999999999998899
1811999,2945,3185,127965,3145,3942,126992,18,19860,74,1,9478,0.0009980000000000544
1813000,2917,3265,127951,3144,3993,127024,20,19859,82,1,9479,0.0010010000000000296
1813999,2870,3352,127985,3107,3885,126932,19,19859,82,1,9480,0.0009989999999999721
1814999,2937,3271,128058,3082,3891,126871,18,19860,78,1,9481,0.0009999999999998899
1815999,2857,3104,128020,3056,3912,126868,18,19860,74,1,9482,0.001000000000000112
1816999,2877,3336,127984,3033,3971,126835,19,19859,78,1,9483,0.0009999999999998899
1818001,2949,3236,128040,3232,3825,126948,20,19860,82,1,9484,0.0010020000000001694
1818999,2878,3322,127908,3036,3952,127047,19,19861,78,1,9485,0.0009979999999998324
1819999,2916,3201,127917,3144,3817,126834,20,19861,78,1,9486,0.001000000000000112
1820999,2900,3235,128015,150678,3984,126984,20,19860,82,1,9487,0.0009999999999998899
1821999,2970,3290,127871,3091,3908,126873,20,19860,82,1,9488,0.001000000000000112
1822999,2897,3265,127928,3067,3965,126903,18,19859,74,1,9489,0.0009999999999998899
1823999,2882,3257,127885,3144,3862,127015,18,19862,74,1,9490,0.001000000000000112
1824999,2941,3331,127934,3093,3980,126945,18,19861,74,1,9491,0.0009999999999998899
1825999,2854,3207,127960,3190,3918,127029,19,19861,78,1,9492,0.001000000000000112
1826999,2858,3215,127932,3124,3903,126874,19,19859,78,1,9493,0.0009999999999998899
1827999,2885,3231,127928,3040,3892,126895,19,19860,78,1,9494,0.001000000000000112
1828999,2926,3255,127960,3142,3905,126774,19,19860,78,1,9495,0.0009999999999998899
1829999,2872,3256,127839,3075,3972,126923,20,19860,82,1,9496,0.001000000000000112
1830999,2901,3256,127946,3176,3907,126969,19,19861,78,1,9497,0.0009999999999998899
1831999,2885,3171,127863,3124,3874,127022,19,19861,78,1,9498,0.001000000000000112
1832999,2882,3205,127880,3190,3865,126889,20,19860,78,1,9499,0.0009999999999998899
1833999,2784,3152,127819,3159,3976,126975,18,19860,82,1,9500,0.001000000000000112
1835000,3011,3270,127793,3043,3932,126873,18,19861,74,1,9501,0.0010010000000000296
1835999,2797,3318,127923,3085,3946,126932,17,19860,70,1,9502,0.0009989999999999721
1837001,2902,3333,127900,149654,4019,126999,19,19859,78,1,9503,0.0010019999999999474
1837999,2802,3153,128042,3084,3955,126914,20,19859,82,1,9504,0.0009980000000000544
1838999,2869,3247,127953,3167,3877,126867,17,19859,82,1,9505,0.0009999999999998899
1840001,2911,3165,127813,3117,3901,126870,20,19860,70,1,9506,0.0010020000000001694
1840999,2935,3242,127853,3138,3950,127011,20,19860,82,1,9507,0.0009979999999998324
1841999,2927,3279,127878,3121,3950,126974,18,19860,74,1,9508,0.001000000000000112
1842999,2866,3274,127927,3014,3863,126925,20,19861,82,1,9509,0.0009999999999998899
1843999,2861,3253,128017,3071,4032,126971,20,19860,82,1,9510,0.001000000000000112
1844999,2955,3280,127826,3152,3892,126836,19,19860,82,1,9511,0.0009999999999998899
1845999,2893,3227,127768,3065,3917,127057,19,19859,78,1,9512,0.001000000000000112
1846999,2940,3249,128008,3086,3962,126921,19,19861,78,1,9513,0.0009999999999998899
1847999,2912,3204,127855,3083,3806,126961,19,19859,78,1,9514,0.001000000000000112
1848999,2885,3234,127900,3050,3962,126898,19,19860,78,1,9515,0.0009999999999998899
1849999,2949,3294,127865,3048,3904,126959,19,19860,78,1,9516,0.001000000000000112
1850999,2785,3101,127855,3107,3905,126850,18,19860,78,1,9517,0.0009999999999998899
1852000,2780,3213,127863,3051,3888,126993,17,19860,74,1,9518,0.0010010000000000296
1852999,2851,3259,127847,3055,3977,127013,17,19860,70,1,9519,0.0009989999999999721
1854001,3039,3356,127986,3188,3946,126995,18,19860,74,1,9520,0.0010020000000001694
1855001,2883,3196,127958,3071,3939,127044,21,19859,86,1,9521,0.0009999999999998899
1855999,2951,3341,127887,3113,3901,126929,19,19860,78,1,9522,0.0009980000000000544
1856999,2935,3258,127979,3142,3949,126976,17,19860,78,1,9523,0.0009999999999998899
1857999,2938,3323,127953,2933,3965,127001,18,19859,70,1,9524,0.001000000000000112
1858999,2908,3183,127864,3016,3941,126932,18,19860,74,1,9525,0.0009999999999998899
1859999,2880,3248,127872,3041,3933,126964,21,19860,86,1,9526,0.001000000000000112
1860999,2856,3204,127901,3046,3954,127000,18,19860,74,1,9527,0.0009999999999998899
1861999,2847,3267,127990,3032,3904,126831,21,19859,86,1,9528,0.001000000000000112
1862999,2875,3268,127964,3096,3833,127102,18,19859,86,1,9529,0.0009999999999998899
1863999,2885,3214,127861,3103,3878,126952,17,19860,74,1,9530,0.001000000000000112
1865000,2817,3236,128007,3149,3796,126881,17,19860,70,1,9531,0.0010010000000000296
1865999,2949,3336,127800,3076,3894,127013,20,19861,82,1,9532,0.0009989999999999721
1866999,2887,3261,127899,3125,3902,126932,19,19859,78,1,9533,0.0009999999999998899
1867999,2834,3270,127743,3037,3930,127046,19,19860,78,1,9534,0.001000000000000112
1868999,2885,3208,127953,3073,3914,126952,19,19860,78,1,9535,0.0009999999999998899
1869999,2890,3190,127907,3184,3951,127025,18,19859,78,1,9536,0.001000000000000112
1870999,2877,3185,127920,3110,3945,126964,18,19859,74,1,9537,0.0009999999999998899
1871999,2914,3258,127908,3107,3914,127026,18,19860,74,1,9538,0.001000000000000112
1872999,2852,3166,127806,3130,3971,126817,19,19860,78,1,9539,0.0009999999999998899
1873999,2897,3247,127926,3143,3938,126896,19,19860,78,1,9540,0.001000000000000112
1874999,2957,3290,127918,3084,3880,127026,19,19860,78,1,9541,0.0009999999999998899
1876000,2851,3224,127738,3103,3949,126899,20,19860,78,1,9542,0.0010010000000000296
1876999,2877,3100,127987,3131,3895,126923,18,19859,82,1,9543,0.0009989999999999721
1877999,2915,3201,127907,3240,3947,126937,18,19860,74,1,9544,0.001000000000000112
1879000,3009,3284,127935,3103,3927,126985,19,19860,78,1,9545,0.0010010000000000296
1880001,2955,3254,127801,3131,3910,127023,18,19860,74,1,9546,0.0010009999999998076
1881001,2931,3308,127862,3143,3865,127092,19,19860,78,1,9547,0.001000000000000112
1881999,2918,3273,127868,3053,3917,126885,18,19860,78,1,9548,0.0009980000000000544
1882999,2923,3243,127979,3045,3834,126890,18,19859,74,1,9549,0.0009999999999998899
1883999,2914,3248,127864,3099,3849,126877,18,19861,74,1,9550,0.001000000000000112
1884999,2916,3190,127842,3127,3911,126955,18,19860,74,1,9551,0.0009999999999998899
1885999,2927,3293,127903,3238,3966,126796,18,19860,74,1,9552,0.001000000000000112
1886999,2925,3236,128107,3087,3882,126955,20,19860,82,1,9553,0.0009999999999998899
1887999,2825,3303,127839,3147,3866,127048,20,19860,82,1,9554,0.001000000000000112
1888999,2930,3213,127880,3159,3897,127115,19,19860,82,1,9555,0.0009999999999998899
1889999,2871,3223,128048,3159,3907,126871,19,19860,78,1,9556,0.001000000000000112
1890999,2898,3298,127854,3124,3827,126913,17,19860,70,1,9557,0.0009999999999998899
1891999,2881,3210,127877,3103,3852,126911,19,19861,78,1,9558,0.001000000000000112
1892999,2903,3217,127815,3056,3878,127015,20,19858,82,1,9559,0.0009999999999998899
1893999,2782,3259,127906,3118,3865,127041,19,19858,82,1,9560,0.001000000000000112
1894999,2897,3241,127838,3057,3873,126885,19,19860,78,1,9561,0.0009999999999998899
1896001,2815,3211,127826,3176,3974,126885,19,19861,78,1,9562,0.0010019999999999474
1897001,2916,3178,127905,3184,3952,127019,20,19860,82,1,9563,0.001000000000000112
1898001,2824,3154,127885,3073,3915,126874,19,19859,78,1,9564,0.0009999999999998899
1898999,2835,3283,127836,3111,3919,126914,18,19860,74,1,9565,0.0009980000000000544
1899999,2848,3192,127978,158870,3868,126901,18,19860,74,1,9566,0.001000000000000112
1900999,2903,3301,127808,3149,4030,126950,19,19859,74,1,9567,0.0009999999999998899
1901999,2943,3206,127995,3035,3794,126916,19,19858,78,1,9568,0.001000000000000112
1902999,2885,3293,127878,3050,3990,126966,19,19859,78,1,9569,0.0009999999999998899
1903999,2963,3161,127959,3038,3918,126983,19,19860,78,1,9570,0.001000000000000112
1904999,2872,3275,127876,3004,3931,127094,19,19860,78,1,9571,0.0009999999999998899
1905999,2906,3256,127809,3104,3924,126804,19,19860,78,1,9572,0.001000000000000112
1906999,2886,3217,128019,3098,3973,126803,19,19860,78,1,9573,0.0009999999999998899
1907999,2873,3167,127865,3246,3817,126896,19,19861,78,1,9574,0.001000000000000112
1908999,2950,3209,128058,3134,3951,126851,18,19859,74,1,9575,0.0009999999999998899
1909999,2921,3150,127918,3109,3886,126926,19,19860,78,1,9576,0.001000000000000112
1911000,2872,3313,127783,3139,3883,126824,19,19860,78,1,9577,0.0010009999999998076
1911999,2890,3111,127879,3154,3853,126874,20,19860,82,1,9578,0.0009990000000001942
1912999,2902,3310,127718,2999,3859,126929,19,19860,82,1,9579,0.0009999999999998899
1913999,2856,3161,127906,3145,3964,127053,20,19860,78,1,9580,0.001000000000000112
1914999,2868,3196,127948,3075,3871,126939,20,19860,82,1,9581,0.0009999999999998899
1915999,2938,3310,127856,150678,4028,126932,18,19860,74,1,9582,0.001000000000000112
1917000,2850,3238,127821,3089,3900,126965,20,19860,82,1,9583,0.0010009999999998076
1917999,2802,3149,127831,3121,3840,126867,20,19860,82,1,9584,0.0009990000000001942
1918999,2891,3200,127912,3122,3912,126899,18,19859,82,1,9585,0.0009999999999998899
1920001,2986,3213,127852,3132,3886,126995,20,19861,74,1,9586,0.0010019999999999474
1920999,2886,3287,127858,3065,3884,126901,20,19860,82,1,9587,0.0009980000000000544
1921999,2825,3229,127836,3210,3936,126768,19,19859,78,1,9588,0.001000000000000112
1922999,2940,3268,127936,3042,3896,127040,19,19860,78,1,9589,0.0009999999999998899
1923999,2933,3172,128027,3155,3890,127008,19,19860,78,1,9590,0.001000000000000112
1925000,2832,3178,127926,3095,3870,127053,18,19859,78,1,9591,0.0010009999999998076
1925999,2761,3171,127854,3051,3870,126973,19,19859,74,1,9592,0.0009990000000001942
1926999,2754,3216,127926,3051,3901,126950,19,19860,78,1,9593,0.0009999999999998899
1928001,2929,3257,127818,3119,3974,126889,20,19859,82,1,9594,0.0010019999999999474
1929000,2947,3262,127939,3053,3841,126802,18,19860,74,1,9595,0.0009989999999999721
1929999,2937,3322,127854,3148,3916,126960,17,19860,70,1,9596,0.0009990000000001942
1930999,2860,3184,127970,2985,3955,127024,19,19860,70,1,9597,0.0009999999999998899
1931999,2790,3235,127901,150678,3971,127067,18,19860,78,1,9598,0.001000000000000112
1933000,2888,3119,127946,3089,3968,126909,18,19860,74,1,9599,0.0010009999999998076
1934001,2887,3213,127917,3111,3959,126909,18,19859,74,1,9600,0.0010010000000000296
1934999,2889,3266,127810,3123,3947,126912,19,19859,78,1,9601,0.0009980000000000544
1935999,2980,3235,127876,2966,3944,126962,19,19860,78,1,9602,0.0009999999999998899
1936999,2848,3260,128063,3093,3864,126886,18,19860,78,1,9603,0.001000000000000112
1937999,2877,3175,127872,3080,3892,126849,20,19860,74,1,9604,0.0009999999999998899
1939000,2934,3217,127964,3099,3846,127102,20,19860,82,1,9605,0.0010010000000000296
1939999,2936,3197,128027,2975,3877,127016,21,19860,86,1,9606,0.0009989999999999721
1940999,2830,3237,127887,3121,3932,126839,18,19861,74,1,9607,0.001000000000000112
1941999,2886,3233,127935,3012,3883,126902,18,19860,74,1,9608,0.0009999999999998899
1942999,2894,3241,127825,3083,3928,126887,19,19860,74,1,9609,0.001000000000000112
1943999,2898,3177,127879,3051,3845,126970,19,19860,78,1,9610,0.0009999999999998899
1944999,2773,3226,127903,3118,3921,126968,19,19860,78,1,9611,0.001000000000000112
1945999,2830,3129,127969,3130,3857,126991,21,19860,86,1,9612,0.0009999999999998899
1947001,2928,3207,127837,3097,3890,126946,19,19860,78,1,9613,0.0010020000000001694
1947999,2847,3149,127901,3118,3938,126918,19,19860,78,1,9614,0.0009979999999998324
1948999,2851,3178,127909,3188,3986,127018,18,19860,78,1,9615,0.001000000000000112
1949999,2888,3275,127844,3049,3928,127013,18,19860,74,1,9616,0.0009999999999998899
1950999,2822,3123,127784,3084,3973,126902,18,19859,74,1,9617,0.001000000000000112
1951999,2908,3125,127822,3007,3881,126897,19,19859,78,1,9618,0.0009999999999998899
1952999,2808,3175,127912,3117,3967,127019,19,19860,78,1,9619,0.001000000000000112
1954000,2848,3250,127794,3055,3921,126892,18,19860,74,1,9620,0.0010010000000000296
1954999,3070,3238,127912,3138,3811,126865,17,19860,70,1,9621,0.0009989999999999721
1955999,2889,3278,127807,3117,3922,126877,18,19861,70,1,9622,0.0009999999999998899
1956999,2858,3245,127837,3159,3918,127111,18,19862,74,1,9623,0.001000000000000112
1957999,2939,3335,127903,2974,3891,127059,18,19860,74,1,9624,0.0009999999999998899
1958999,2810,3270,127802,3121,3950,126960,19,19860,78,1,9625,0.001000000000000112
1959999,2917,3138,127932,2939,3856,127058,18,19861,74,1,9626,0.0009999999999998899
1961001,2896,3228,127876,3071,3917,126996,18,19861,74,1,9627,0.0010020000000001694
1961999,2899,3221,127916,3059,3950,126947,18,19860,74,1,9628,0.0009979999999998324
1962999,2897,3177,127830,3146,3890,126930,20,19860,74,1,9629,0.001000000000000112
1963999,2819,3234,127913,3112,3973,127058,20,19859,82,1,9630,0.0009999999999998899
1964999,2860,3182,127858,3180,3952,126999,18,19859,74,1,9631,0.001000000000000112
1965999,2939,3219,127982,3104,3863,126961,18,19860,74,1,9632,0.0009999999999998899
1966999,2913,3202,127856,3035,3848,126981,19,19860,78,1,9633,0.001000000000000112
1968000,2885,3225,127958,3024,3952,127005,19,19861,78,1,9634,0.0010010000000000296
1968999,2857,3130,127950,3184,3966,126905,18,19861,78,1,9635,0.0009989999999999721
1969999,2896,3192,127862,3106,3901,126930,18,19860,74,1,9636,0.0009999999999998899
1970999,2875,3256,127906,3113,3949,126963,18,19861,74,1,9637,0.001000000000000112
1971999,2953,3191,127748,3114,3909,127048,19,19858,78,1,9638,0.0009999999999998899
1972999,2850,3207,127851,3155,3900,126919,16,19858,66,1,9639,0.001000000000000112
1973999,2872,3299,127901,3138,4023,126986,19,19861,66,1,9640,0.0009999999999998899
1974999,2860,3297,127874,3111,3897,126965,18,19860,78,1,9641,0.001000000000000112
1976001,2754,3325,128087,3076,3903,127103,18,19860,74,1,9642,0.0010019999999999474
1977000,2920,3324,127851,3039,3901,127009,18,19860,74,1,9643,0.0009989999999999721
1977999,2882,3181,127778,3164,3869,126996,17,19860,70,1,9644,0.0009989999999999721
1978999,2875,3242,127863,3039,3996,126886,18,19860,74,1,9645,0.001000000000000112
1979999,2876,3187,127811,3093,3845,127022,20,19860,74,1,9646,0.0009999999999998899
1980999,2752,3224,127871,3105,3979,126933,19,19861,82,1,9647,0.001000000000000112
1981999,2810,3208,127789,3117,4026,127015,19,19860,78,1,9648,0.0009999999999998899
1982999,2862,3291,127980,3181,3905,126918,19,19860,78,1,9649,0.001000000000000112
1984000,2843,3184,127904,3054,3956,126934,18,19860,74,1,9650,0.0010010000000000296
1984999,2925,3225,127950,3041,3952,127008,18,19860,74,1,9651,0.0009989999999999721
1985999,2888,3282,128017,3101,3846,126965,16,19860,74,1,9652,0.0009999999999998899
1986999,2786,3109,127911,3138,3995,126943,19,19860,66,1,9653,0.001000000000000112
1987999,2832,3190,127845,3157,3788,126821,19,19861,78,1,9654,0.0009999999999998899
1989000,2948,3293,128011,3098,3847,126889,18,19860,74,1,9655,0.0010010000000000296
1989999,2814,3276,127931,3117,3941,127033,18,19859,74,1,9656,0.0009989999999999721
1991001,2942,3188,127838,3037,3860,126933,18,19862,74,1,9657,0.0010020000000001694
1991999,2843,3221,127908,3055,3939,126859,18,19862,74,1,9658,0.0009979999999998324
1992999,2838,3253,127936,3087,3907,126886,18,19860,74,1,9659,0.001000000000000112
1993999,2950,3242,127993,3132,3911,126903,18,19860,74,1,9660,0.0009999999999998899
1994999,2874,3210,127719,158870,3949,126832,17,19860,70,1,9661,0.001000000000000112
1995999,2894,3278,127846,3260,3955,126908,18,19861,74,1,9662,0.0009999999999998899
1996999,2895,3229,127847,3015,3912,126783,18,19859,74,1,9663,0.001000000000000112
1997999,2774,3269,127858,3113,3842,126879,17,19859,74,1,9664,0.0009999999999998899
1998999,2929,3173,127754,3123,3926,126832,17,19862,70,1,9665,0.001000000000000112
2000001,2962,3289,127918,3101,3906,126860,17,19860,70,1,9666,0.0010019999999997253
2001001,2974,3209,127769,3052,3944,126797,18,19861,74,1,9667,0.001000000000000334
2001999,2856,3153,127948,3099,3908,126875,19,19860,78,1,9668,0.0009980000000000544
2003000,2873,3261,127950,3082,3935,126894,19,19860,78,1,9669,0.0010010000000000296
2003999,2862,3219,127944,3104,3835,126879,19,19860,78,1,9670,0.00099899999999975
2005001,2932,3227,127983,3013,3869,126963,18,19861,78,1,9671,0.0010020000000001694
2006000,2883,3247,127949,3116,3882,126865,18,19860,74,1,9672,0.00099899999999975
2006999,2892,3263,127831,3030,3943,126963,18,19862,74,1,9673,0.0009990000000001942
2007999,2894,3180,127991,3111,3831,126969,19,19861,78,1,9674,0.0009999999999998899
2009000,2877,3175,127798,3084,3959,127002,18,19860,74,1,9675,0.0010010000000000296
2009999,2875,3241,127897,3151,3840,126891,18,19860,74,1,9676,0.0009990000000001942
2010999,2871,3146,127850,150678,3907,126915,19,19860,74,1,9677,0.0009999999999998899
2012001,2904,3176,127835,3129,3883,126997,17,19861,78,1,9678,0.0010019999999997253
2013000,2846,3193,127926,3062,3983,126822,17,19859,70,1,9679,0.0009990000000001942
2013999,2804,3213,127954,3085,3808,127106,20,19859,82,1,9680,0.0009990000000001942
2014999,2855,3221,127791,3116,3965,126974,18,19861,74,1,9681,0.0009999999999998899
2015999,2799,3278,128004,3170,3964,127013,19,19861,78,1,9682,0.0009999999999998899
2017001,2912,3164,127858,3109,3966,126934,17,19860,78,1,9683,0.0010020000000001694
2018001,2826,3163,127846,3058,3898,126920,18,19861,70,1,9684,0.0009999999999998899
2019001,2838,3179,127998,3042,3868,126977,18,19860,74,1,9685,0.0009999999999998899
2020001,2902,3320,127828,3033,3882,126887,18,19860,74,1,9686,0.0009999999999998899
2020999,2906,3216,127837,3035,3986,126991,18,19860,74,1,9687,0.0009980000000000544
2021999,2866,3098,127964,3040,3943,127068,18,19860,74,1,9688,0.001000000000000334
2022999,2790,3235,127930,3156,3929,126979,18,19860,74,1,9689,0.0009999999999998899
2023999,2845,3186,127923,2990,3814,127033,17,19861,74,1,9690,0.0009999999999998899
2025002,2773,3137,127925,3082,3984,126868,17,19861,70,1,9691,0.0010029999999998651
2026000,2980,3316,127902,2939,3910,126912,17,19861,70,1,9692,0.0009980000000000544
2027002,2928,3217,127887,150678,3820,126976,18,19861,74,1,9693,0.0010020000000001694
2028001,2958,3183,127776,3107,3907,126881,16,19860,66,1,9694,0.00099899999999975
2028999,2992,3158,127999,3098,3807,126940,18,19860,66,1,9695,0.0009980000000000544
2029999,2763,3162,127974,3010,3962,126990,17,19862,74,1,9696,0.001000000000000334
2030999,2893,3177,127837,3210,3935,126932,17,19860,70,1,9697,0.0009999999999998899
2031999,3007,3284,127939,3136,3944,126852,19,19860,78,1,9698,0.0009999999999998899
2032999,2953,3226,127761,3157,3861,126944,18,19860,74,1,9699,0.0009999999999998899
2033999,2842,3236,127834,3012,3905,126916,19,19861,78,1,9700,0.001000000000000334
2034999,2937,3191,127888,3179,3995,126991,18,19861,78,1,9701,0.0009999999999998899
2035999,2844,3250,127938,3052,3977,126858,18,19860,74,1,9702,0.0009999999999998899
2036999,2907,3176,127911,3145,3946,127040,18,19860,74,1,9703,0.0009999999999998899
2037999,3005,3149,127842,3009,3995,126925,18,19862,74,1,9704,0.001000000000000334
2038999,2895,3313,127904,3162,3915,127003,18,19860,74,1,9705,0.0009999999999998899
2039999,2978,3237,127915,2950,4019,126902,18,19861,74,1,9706,0.0009999999999998899
2040999,2830,3237,127985,3143,3903,127016,17,19861,74,1,9707,0.0009999999999998899
2041999,2891,3221,127865,3044,3897,126930,17,19860,70,1,9708,0.001000000000000334
2042999,2832,3186,128068,3127,3887,126956,17,19861,70,1,9709,0.0009999999999998899
2043999,2920,3233,127972,3055,3993,126835,18,19861,74,1,9710,0.0009999999999998899
2044999,2799,3247,127969,3227,3828,126967,18,19860,74,1,9711,0.0009999999999998899
2045999,2924,3252,127791,3017,3908,126942,18,19862,74,1,9712,0.001000000000000334
2047001,2948,3262,127864,3143,3934,126840,17,19862,70,1,9713,0.0010019999999997253
2047999,2898,3216,127926,3086,3958,126775,19,19860,70,1,9714,0.0009980000000000544
2048999,2902,3211,127982,3138,3861,126849,18,19860,78,1,9715,0.0009999999999998899
2049999,2847,3215,127816,3074,3992,126812,18,19860,74,1,9716,0.001000000000000334
2050999,2986,3192,127934,3088,3886,127010,19,19861,78,1,9717,0.0009999999999998899
2051999,2909,3230,128023,3100,3907,126909,18,19860,74,1,9718,0.0009999999999998899
2052999,2885,3166,127931,3169,3927,126925,16,19860,66,1,9719,0.0009999999999998899
2053999,2887,3190,127908,3007,3968,126989,18,19861,66,1,9720,0.0009999999999998899
2054999,2731,3209,127923,3104,3958,126955,18,19861,74,1,9721,0.001000000000000334
2055999,2843,3264,128071,3068,3915,126884,18,19859,74,1,9722,0.0009999999999998899
2057001,2789,3157,127946,3138,4064,127056,18,19860,74,1,9723,0.0010020000000001694
2058004,2951,3217,127845,3106,3923,126892,19,19860,78,1,9724,0.0010029999999998651
2058999,2938,3262,127810,3035,3946,126790,19,19860,78,1,9725,0.0009950000000000792
2059999,2769,3306,127970,3110,3949,126945,18,19860,78,1,9726,0.0009999999999998899
2061000,2914,3240,127935,3035,3827,126953,18,19860,74,1,9727,0.0010010000000000296
2062002,2879,3205,127853,3177,3856,126902,18,19859,74,1,9728,0.0010020000000001694
2063001,2972,3198,127911,3107,3951,127021,17,19863,70,1,9729,0.00099899999999975
2064002,2869,3172,127976,3077,3916,126999,18,19860,74,1,9730,0.0010010000000000296
2064999,2978,3151,127940,3070,3974,127088,18,19861,74,1,9731,0.0009969999999999146
2065999,2863,3272,127836,3038,4021,127049,19,19861,74,1,9732,0.0009999999999998899
2066999,2911,3256,127888,3108,3978,126899,17,19859,78,1,9733,0.001000000000000334
2067999,2816,3206,127852,3175,3903,126991,17,19861,70,1,9734,0.0009999999999998899
2068999,2946,3313,127767,3016,3892,126975,19,19859,78,1,9735,0.0009999999999998899
2069999,2928,3242,127910,3237,3934,127052,19,19860,78,1,9736,0.0009999999999998899
2070999,2842,3266,127939,3050,3911,126934,18,19860,74,1,9737,0.001000000000000334
2071999,2873,3177,127806,3079,3818,126940,18,19860,74,1,9738,0.0009999999999998899
2072999,2886,3313,127946,3103,3895,126988,18,19862,74,1,9739,0.0009999999999998899
2073999,2880,3175,127834,3078,3979,126990,18,19861,74,1,9740,0.0009999999999998899
2074999,2890,3196,127840,3008,3929,126994,17,19859,70,1,9741,0.001000000000000334
2075999,2899,3154,127803,3056,3920,126957,18,19860,74,1,9742,0.0009999999999998899
2076999,2956,3219,127828,2991,3901,126922,17,19861,70,1,9743,0.0009999999999998899
2077999,2877,3230,127835,3203,3907,126962,18,19861,70,1,9744,0.0009999999999998899
2078999,2836,3164,127728,3146,3908,126869,17,19861,74,1,9745,0.001000000000000334
2079999,2848,3142,127784,3175,3907,126898,17,19860,70,1,9746,0.0009999999999998899
2080999,2823,3239,127933,3101,3945,126980,19,19860,78,1,9747,0.0009999999999998899
2081999,2995,3199,127904,3106,3860,127052,19,19860,78,1,9748,0.0009999999999998899
2082999,2827,3238,127975,3041,4012,127043,18,19860,74,1,9749,0.001000000000000334
2083999,2922,3200,127839,3080,3786,126921,19,19860,74,1,9750,0.0009999999999998899
2084999,2857,3262,127977,3218,3938,126929,17,19861,78,1,9751,0.0009999999999998899
2085999,2925,3175,127926,3123,3956,127060,17,19860,70,1,9752,0.0009999999999998899
2086999,2863,3225,127964,3104,3968,126838,18,19860,74,1,9753,0.001000000000000334
2087999,2860,3217,127953,3129,3911,126974,17,19860,70,1,9754,0.0009999999999998899
2088999,2958,3245,127958,2983,3895,126888,18,19862,74,1,9755,0.0009999999999998899
2089999,3002,3222,128060,150678,3815,127028,17,19862,70,1,9756,0.0009999999999998899
2090999,2969,3272,127873,3058,3965,126883,18,19861,70,1,9757,0.001000000000000334
2091999,2853,3168,127864,3037,3872,126973,18,19861,74,1,9758,0.0009999999999998899
2092999,2881,3159,127958,2988,3916,126906,18,19860,74,1,9759,0.0009999999999998899
2093999,2892,3229,127840,3143,3905,127000,17,19860,70,1,9760,0.0009999999999998899
2094999,2828,3238,127919,3044,3980,126939,18,19861,74,1,9761,0.001000000000000334
2095999,2875,3184,127853,3155,3917,127009,17,19861,70,1,9762,0.0009999999999998899
2096999,2921,3313,127960,3123,3877,126724,18,19860,70,1,9763,0.0009999999999998899
2097999,2899,3276,127853,3153,4017,127019,19,19859,74,1,9764,0.0009999999999998899
2098999,2940,3253,127888,3088,3972,126909,19,19860,78,1,9765,0.001000000000000334
2099999,2914,3239,127836,3087,3877,126903,18,19860,74,1,9766,0.0009999999999998899
2101001,2854,3240,127960,3019,3967,126798,18,19860,74,1,9767,0.0010020000000001694
2102001,2835,3314,127800,3057,3836,126862,18,19860,74,1,9768,0.0009999999999998899
2102999,2915,3226,127927,3075,3909,126976,18,19860,74,1,9769,0.0009980000000000544
2103999,2920,3233,127842,3058,3858,127000,18,19861,74,1,9770,0.0009999999999998899
2105000,2783,3220,127849,3114,3907,127039,18,19860,74,1,9771,0.0010010000000000296
2105999,2868,3283,127883,150678,3849,126955,18,19862,74,1,9772,0.00099899999999975
2107002,2916,3249,127756,3060,3901,126910,19,19860,78,1,9773,0.0010030000000003092
2108001,2984,3267,127993,3129,3898,127087,18,19860,74,1,9774,0.00099899999999975
2108999,2865,3192,127863,3168,3941,126988,19,19860,74,1,9775,0.0009980000000000544
2109999,2909,3248,127919,3019,3920,126808,20,19862,78,1,9776,0.0009999999999998899
2110999,2834,3256,127818,3154,3826,126891,20,19861,82,1,9777,0.001000000000000334
2111999,2896,3303,127964,3024,3949,126906,18,19860,74,1,9778,0.0009999999999998899
2112999,2859,3218,127917,3170,3878,126912,18,19860,74,1,9779,0.0009999999999998899
2113999,2909,3227,127910,3094,3974,126765,17,19860,70,1,9780,0.0009999999999998899
2114999,2840,3193,127864,3092,3959,126987,17,19860,70,1,9781,0.001000000000000334
2115999,2965,3272,127816,3133,3891,127044,18,19861,70,1,9782,0.0009999999999998899
2116999,2826,3204,127864,3156,3960,126968,18,19860,74,1,9783,0.0009999999999998899
2118000,2894,3272,127831,3046,3957,127008,18,19862,74,1,9784,0.0010010000000000296
2118999,2903,3153,127846,3218,3845,126983,18,19861,74,1,9785,0.0009990000000001942
2119999,2800,3250,127809,3104,3967,126985,18,19859,74,1,9786,0.0009999999999998899
2120999,2866,3159,127852,3133,3880,126980,18,19859,74,1,9787,0.0009999999999998899
2122001,2873,3248,127893,149654,3969,126805,18,19861,74,1,9788,0.0010020000000001694
2122999,2920,3195,127801,3151,3883,126912,18,19860,74,1,9789,0.0009980000000000544
2123999,2846,3235,127948,3024,3940,126866,18,19861,74,1,9790,0.0009999999999998899
2124999,2816,3224,127950,3152,3890,127113,19,19858,78,1,9791,0.0009999999999998899
2125999,3038,3186,127852,3094,3919,126963,17,19860,70,1,9792,0.0009999999999998899
2126999,2862,3178,127798,3115,3930,126856,19,19860,70,1,9793,0.001000000000000334
2127999,2918,3285,127966,3156,3986,127000,18,19860,78,1,9794,0.0009999999999998899
2128999,2939,3184,127952,3099,3933,127038,18,19860,74,1,9795,0.0009999999999998899
2129999,2910,3217,127918,3119,3964,126976,18,19860,74,1,9796,0.0009999999999998899
2130999,2929,3210,127884,3231,3887,126940,17,19860,70,1,9797,0.001000000000000334
2131999,2901,3180,128008,2976,4005,127041,18,19862,74,1,9798,0.0009999999999998899
2132999,2903,3218,127930,3006,3830,126830,18,19862,74,1,9799,0.0009999999999998899
2133999,2930,3226,127755,3028,3902,126864,18,19860,74,1,9800,0.0009999999999998899
2134999,2896,3188,127826,3164,3882,127017,18,19860,74,1,9801,0.001000000000000334
2135999,2857,3201,127767,3090,3966,126982,17,19860,70,1,9802,0.0009999999999998899
2136999,2825,3335,127954,3096,3931,126946,17,19860,70,1,9803,0.0009999999999998899
2137999,2905,3266,127917,3071,3982,126859,17,19861,70,1,9804,0.0009999999999998899
2138999,2961,3146,127820,3061,3855,126877,19,19861,78,1,9805,0.001000000000000334
2139999,2883,3309,127961,3083,3943,127041,19,19861,78,1,9806,0.0009999999999998899
2140999,2956,3252,127877,3063,3823,126990,20,19859,78,1,9807,0.0009999999999998899
2141999,2910,3276,127955,3105,3979,126986,20,19860,82,1,9808,0.0009999999999998899
2142999,2800,3291,127868,3168,3918,127096,19,19859,78,1,9809,0.001000000000000334
2144001,2865,3283,128014,3116,3850,126910,18,19862,74,1,9810,0.0010019999999997253
2145002,2757,3253,127930,3116,3860,126903,18,19862,74,1,9811,0.0010010000000000296
2146000,2821,3197,127939,3086,3887,126856,17,19862,74,1,9812,0.0009980000000000544
2147001,2766,3227,127920,3068,3856,127002,18,19861,70,1,9813,0.0010010000000000296
2148000,2885,3230,127869,3091,3960,126921,18,19861,74,1,9814,0.00099899999999975
2148999,2831,3297,127937,3211,3918,127022,18,19861,74,1,9815,0.0009990000000001942
2149999,2819,3256,127789,3167,3859,126984,18,19860,74,1,9816,0.0009999999999998899
2150999,2915,3274,127966,3217,3915,126845,18,19860,74,1,9817,0.001000000000000334
2151999,2852,3182,127935,3125,3914,126899,18,19863,74,1,9818,0.0009999999999998899
2152999,2815,3173,127898,3059,3997,126932,17,19860,74,1,9819,0.0009999999999998899
2153999,2837,3265,128037,3116,3808,126973,17,19860,70,1,9820,0.0009999999999998899
2155001,2921,3246,127990,3140,3991,126947,19,19862,78,1,9821,0.0010020000000001694
2155999,2792,3225,127865,3099,3974,126978,20,19860,82,1,9822,0.0009980000000000544
2157001,2911,3301,127811,3094,4022,126869,22,19859,90,1,9823,0.0010019999999997253
2158004,2834,3185,127740,3165,3840,126997,17,19859,90,1,9824,0.0010030000000003092
2159001,2954,3263,127874,3146,3940,126930,16,19860,70,1,9825,0.0009969999999999146
2159999,2832,3255,127759,3149,4004,126985,16,19861,66,1,9826,0.0009980000000000544
2161000,2920,3280,127909,3101,3942,126960,19,19860,78,1,9827,0.0010010000000000296
2162000,2853,3234,127929,3132,3984,127023,17,19861,70,1,9828,0.0009999999999998899
2162999,2813,3289,128017,3007,3896,126873,17,19860,70,1,9829,0.0009990000000001942
2163999,2923,3138,127924,3116,3923,126980,18,19860,70,1,9830,0.0009999999999998899
2165001,2884,3278,127922,3039,3859,126972,17,19860,74,1,9831,0.0010019999999997253
2166000,2945,3261,127912,3159,3907,127005,17,19860,70,1,9832,0.0009990000000001942
2167001,2939,3313,127834,3030,3915,127020,19,19860,78,1,9833,0.0010010000000000296
2167999,2824,3218,127934,3128,3841,127011,17,19861,70,1,9834,0.0009980000000000544
2168999,2867,3266,128035,3099,3957,127087,19,19860,78,1,9835,0.0009999999999998899
2169999,2914,3322,127963,3169,3911,126837,18,19860,78,1,9836,0.0009999999999998899
2170999,2883,3175,127891,3081,3926,126869,18,19860,74,1,9837,0.001000000000000334
2171999,2870,3271,127951,3164,3967,127025,18,19860,74,1,9838,0.0009999999999998899
2172999,2914,3181,127955,3092,3915,126891,18,19859,74,1,9839,0.0009999999999998899
2173999,2913,3309,127862,3094,3892,126848,17,19860,70,1,9840,0.0009999999999998899
2174999,2907,3289,127916,3082,4017,126914,18,19860,74,1,9841,0.0009999999999998899
2175999,2879,3298,127806,3094,3930,126871,17,19860,74,1,9842,0.001000000000000334
2176999,2863,3262,127983,3081,4008,126893,18,19861,70,1,9843,0.0009999999999998899
2177999,2897,3194,127884,3095,3959,126963,18,19861,74,1,9844,0.0009999999999998899
2178999,2909,3310,127928,3090,4005,126971,18,19862,74,1,9845,0.0009999999999998899
2179999,2799,3160,127833,3135,3916,126938,18,19860,74,1,9846,0.001000000000000334
2180999,2867,3121,127931,3069,3918,126985,18,19861,74,1,9847,0.0009999999999998899
2182001,2888,3196,127903,3180,3908,126965,19,19861,78,1,9848,0.0010020000000001694
2183001,2770,3204,127734,3095,3966,127174,18,19860,78,1,9849,0.0009999999999998899
2183999,2862,3209,127958,3105,3842,126955,18,19860,74,1,9850,0.0009980000000000544
2185000,2899,3232,127783,150678,3998,126935,18,19860,74,1,9851,0.0010010000000000296
2185999,2964,3212,127845,3138,3905,126897,18,19861,74,1,9852,0.00099899999999975
2186999,2996,3280,127910,3067,3888,126942,18,19860,74,1,9853,0.0009999999999998899
2187999,2931,3191,127870,3053,3873,127009,17,19860,70,1,9854,0.001000000000000334
2188999,2856,3232,127874,3148,3958,127044,15,19860,70,1,9855,0.0009999999999998899
2189999,2961,3217,127991,3125,3950,126978,21,19860,61,1,9856,0.0009999999999998899
2190999,2872,3272,128033,3038,4010,126887,21,19862,86,1,9857,0.0009999999999998899
2191999,2919,3214,127784,3130,3985,126912,18,19860,74,1,9858,0.001000000000000334
2193000,2928,3194,127838,3094,3958,126949,18,19859,74,1,9859,0.0010010000000000296
2193999,2915,3200,127869,3049,3853,126899,20,19859,82,1,9860,0.00099899999999975
2194999,2849,3250,127797,3067,3965,126877,18,19861,82,1,9861,0.0009999999999998899
2195999,2783,3320,127997,3103,3979,126917,18,19861,74,1,9862,0.001000000000000334
2196999,2900,3194,127921,3037,3862,126816,18,19860,74,1,9863,0.0009999999999998899
2197999,2913,3342,127884,3128,3954,126891,17,19861,70,1,9864,0.0009999999999998899
2198999,2860,3285,127874,3061,3853,126993,18,19862,74,1,9865,0.0009999999999998899
2199999,2990,3243,127957,3079,3941,126962,18,19861,74,1,9866,0.001000000000000334
2200999,2860,3140,127805,150678,3965,126916,18,19861,74,1,9867,0.0009999999999998899
2201999,2850,3248,128023,3035,3875,126839,18,19861,74,1,9868,0.0009999999999998899
2202999,2888,3247,127800,3031,3866,126935,18,19859,74,1,9869,0.0009999999999998899
2203999,2865,3245,127807,3061,3936,126869,18,19860,74,1,9870,0.001000000000000334
2204999,2813,3147,127933,3186,3873,126893,19,19860,78,1,9871,0.0009999999999998899
2206001,2997,3308,127832,2959,3942,126903,19,19860,78,1,9872,0.0010020000000001694
2207001,2869,3254,127870,3133,3920,126960,17,19860,78,1,9873,0.0009999999999998899
2207999,2855,3206,127881,3128,3863,126913,17,19861,70,1,9874,0.0009980000000000544
2208999,2906,3237,127785,3136,3972,127001,17,19860,70,1,9875,0.0009999999999998899
2209999,2924,3250,127889,3082,3871,126896,18,19860,74,1,9876,0.0009999999999998899
2210999,2901,3191,127750,3139,3848,126912,17,19861,70,1,9877,0.0009999999999998899
2212001,2951,3157,127924,3095,3999,126940,16,19861,66,1,9878,0.0010020000000001694
2212999,2926,3171,127895,3054,3875,126961,19,19861,66,1,9879,0.0009980000000000544
2213999,2803,3317,127961,3081,3863,126919,18,19860,78,1,9880,0.0009999999999998899
2214999,2873,3219,127793,3084,3945,126841,18,19860,74,1,9881,0.0009999999999998899
2216001,2864,3302,127942,3015,3976,126994,18,19860,74,1,9882,0.0010020000000001694
2216999,2813,3175,127920,158870,3927,127001,18,19859,74,1,9883,0.0009980000000000544
2217999,2883,3262,128008,2987,3923,126887,18,19860,74,1,9884,0.0009999999999998899
2219000,2928,3246,127891,2985,3916,127035,18,19860,74,1,9885,0.0010010000000000296
2219999,2853,3198,127797,3087,3924,127027,18,19861,74,1,9886,0.0009990000000001942
2220999,2885,3223,127904,3087,3889,127074,18,19860,74,1,9887,0.0009999999999998899
2221999,2862,3237,127839,3124,3953,126822,17,19860,70,1,9888,0.0009999999999998899
2222999,2936,3298,127856,3099,3903,126898,18,19862,74,1,9889,0.0009999999999998899
2223999,2878,3186,127922,3041,3941,127054,19,19860,78,1,9890,0.001000000000000334
2224999,2854,3282,127901,3054,3982,126990,19,19860,78,1,9891,0.0009999999999998899
2225999,2828,3226,127938,3015,4030,126962,18,19863,78,1,9892,0.0009999999999998899
2226999,2841,3173,127871,3184,3994,126993,16,19860,74,1,9893,0.0009999999999998899
2227999,2910,3295,127948,3082,4055,126996,16,19860,66,1,9894,0.001000000000000334
2229001,2849,3227,127888,3147,3825,127057,18,19861,74,1,9895,0.0010019999999997253
2230000,2893,3146,127902,3099,3926,126864,18,19861,74,1,9896,0.0009990000000001942
2231000,2868,3182,127949,3067,3860,126910,18,19861,74,1,9897,0.0009999999999998899
2231999,2931,3209,127843,3109,3926,126932,18,19862,74,1,9898,0.0009990000000001942
2232999,2854,3241,127835,3095,3856,126929,18,19861,74,1,9899,0.0009999999999998899
2233999,2913,3093,127764,3054,3892,126858,18,19861,74,1,9900,0.0009999999999998899
2234999,2902,3190,127944,3057,3922,126995,17,19860,70,1,9901,0.0009999999999998899
2235999,2905,3290,127884,3107,3982,126910,19,19860,78,1,9902,0.001000000000000334
2236999,2907,3260,127850,3049,3930,127071,17,19860,70,1,9903,0.0009999999999998899
2237999,2805,3219,128018,3099,4042,126904,19,19861,70,1,9904,0.0009999999999998899
2238999,2907,3124,127971,2941,3964,127035,17,19860,78,1,9905,0.0009999999999998899
2239999,2926,3259,127862,3076,3971,126853,17,19860,70,1,9906,0.001000000000000334
2241001,2919,3232,127778,3140,3975,126919,19,19860,78,1,9907,0.0010019999999997253
2241999,2791,3093,127812,3126,3774,127017,19,19860,78,1,9908,0.0009980000000000544
2243000,2957,3273,127877,3082,3886,126946,18,19860,74,1,9909,0.0010010000000000296
2244002,2809,3265,127886,3056,3794,126938,18,19860,74,1,9910,0.0010020000000001694
2244999,2914,3263,128028,3021,3852,126745,19,19861,74,1,9911,0.0009969999999999146
2245999,2873,3180,127879,3064,3928,127082,19,19861,78,1,9912,0.0009999999999998899
2246999,2952,3326,127894,3095,4067,126877,17,19860,70,1,9913,0.0009999999999998899
2247999,2859,3167,127966,3130,3957,126975,18,19861,74,1,9914,0.001000000000000334
2248999,2848,3250,127912,3020,3902,126834,17,19861,70,1,9915,0.0009999999999998899
2250000,2870,3144,128017,3255,3818,126923,18,19861,70,1,9916,0.0010010000000000296
2251000,2862,3292,127748,3025,3891,126939,19,19861,74,1,9917,0.0009999999999998899
2251999,2886,3142,127959,3164,3883,126934,19,19861,78,1,9918,0.0009990000000001942
2252999,2823,3261,127878,3078,3984,127011,20,19860,82,1,9919,0.0009999999999998899
2253999,2884,3247,127962,3122,3913,126913,18,19860,74,1,9920,0.0009999999999998899
2254999,2834,3278,127887,3171,3962,126738,17,19861,70,1,9921,0.0009999999999998899
2255999,2920,3148,127879,3079,3926,126970,17,19861,70,1,9922,0.001000000000000334
2256999,2824,3186,127886,3100,3870,126926,18,19860,70,1,9923,0.0009999999999998899
2257999,2815,3222,127950,3098,3840,127036,18,19862,74,1,9924,0.0009999999999998899
2258999,2908,3311,127944,3080,3913,126942,17,19860,70,1,9925,0.0009999999999998899
2260002,2794,3178,127828,3159,3858,126931,19,19861,78,1,9926,0.0010030000000003092
2261003,2823,3227,127846,3092,3869,126945,18,19860,74,1,9927,0.0010010000000000296
2262002,2883,3212,127950,3048,3892,126907,16,19860,74,1,9928,0.00099899999999975
2263001,2800,3228,127959,3031,3858,126965,18,19860,66,1,9929,0.0009990000000001942
2263999,2876,3182,127950,2989,3927,126830,18,19859,74,1,9930,0.0009980000000000544
2264999,2836,3255,128000,3154,3914,126967,18,19860,74,1,9931,0.0009999999999998899
2265999,2796,3257,127894,3140,3966,127026,18,19861,74,1,9932,0.0009999999999998899
2266999,2968,3261,127979,3053,3952,126824,20,19860,82,1,9933,0.0009999999999998899
2268001,2915,3178,128045,3146,3924,127087,19,19860,82,1,9934,0.0010020000000001694
2268999,2876,3249,128020,3146,3847,126950,18,19860,78,1,9935,0.0009980000000000544
2270000,2888,3189,127830,3028,3886,126925,18,19861,74,1,9936,0.0010010000000000296
2270999,2838,3297,127777,3165,3912,126975,19,19862,78,1,9937,0.00099899999999975
2271999,2884,3242,127954,3167,3944,126995,17,19859,70,1,9938,0.001000000000000334
2273000,2971,3195,127871,3121,4008,126962,17,19861,70,1,9939,0.0010009999999995856
2273999,2991,3178,127947,3172,3855,127016,18,19861,74,1,9940,0.0009990000000001942
2274999,2861,3129,127933,3103,3963,126955,18,19861,74,1,9941,0.0009999999999998899
2276000,2988,3248,127837,3164,3892,127032,16,19860,74,1,9942,0.0010010000000000296
2276999,2975,3223,128057,3012,3937,126848,16,19861,66,1,9943,0.0009990000000001942
2277999,2924,3244,127948,3043,3853,126917,18,19860,74,1,9944,0.0009999999999998899
2278999,2880,3183,127785,3126,3883,127184,18,19860,74,1,9945,0.0009999999999998899
2279999,2917,3233,127958,150678,3947,126909,20,19860,82,1,9946,0.001000000000000334
2280999,2906,3184,127697,3088,3878,126872,18,19860,82,1,9947,0.0009999999999998899
2281999,2740,3213,127967,3079,3907,126930,18,19860,74,1,9948,0.0009999999999998899
2282999,2839,3228,127848,3158,3963,127018,18,19860,74,1,9949,0.0009999999999998899
2284004,2931,3272,127943,3032,3890,126927,18,19863,74,1,9950,0.0010050000000001447
2285001,2946,3308,127916,3115,3911,126875,19,19862,78,1,9951,0.0009969999999999146
2286001,2784,3268,127879,2949,3882,126963,18,19860,74,1,9952,0.0009999999999998899
2287000,2884,3229,127986,3098,3885,126897,18,19860,74,1,9953,0.0009990000000001942
2288000,2841,3228,127845,3119,3958,126883,18,19860,74,1,9954,0.0009999999999998899
2288999,2771,3216,127942,3109,3904,126888,18,19860,74,1,9955,0.0009990000000001942
2289999,2925,3274,127933,3137,3982,126855,18,19861,74,1,9956,0.0009999999999998899
2290999,2921,3144,127965,3102,3825,126979,17,19860,70,1,9957,0.0009999999999998899
2291999,2922,3277,127775,3031,3994,127010,18,19861,74,1,9958,0.0009999999999998899
2292999,2770,3220,127917,3125,3825,126935,20,19861,74,1,9959,0.001000000000000334
2293999,2855,3157,127839,2991,3886,126926,20,19861,82,1,9960,0.0009999999999998899
2295001,2910,3167,127866,2991,3861,126928,20,19861,82,1,9961,0.0010020000000001694
2295999,2899,3286,127971,150678,3989,126994,17,19859,70,1,9962,0.0009979999999996103
2297000,2827,3181,127903,3070,3907,126927,17,19861,70,1,9963,0.0010010000000000296
2297999,2908,3345,127834,3081,3965,126755,16,19860,66,1,9964,0.0009990000000001942
2298999,2915,3221,127799,3167,3992,126906,18,19860,66,1,9965,0.0009999999999998899
2299999,2923,3250,127958,3128,3936,126905,18,19859,74,1,9966,0.0009999999999998899
2300999,2889,3230,127972,3108,3952,126974,18,19861,74,1,9967,0.001000000000000334
2301999,2824,3303,127836,3049,3970,126927,18,19860,74,1,9968,0.0009999999999998899
2302999,2892,3307,127677,3179,3934,126778,17,19860,70,1,9969,0.0009999999999998899
2303999,2933,3223,127914,2980,3878,126860,17,19860,70,1,9970,0.0009999999999998899
2304999,2869,3252,127858,3108,3830,126963,20,19860,70,1,9971,0.001000000000000334
2305999,2818,3225,128034,3083,3926,126906,17,19859,82,1,9972,0.0009999999999998899
2306999,2944,3191,127953,3113,3914,126997,17,19861,70,1,9973,0.0009999999999998899
2307999,2824,3287,128006,3118,3879,126900,18,19861,74,1,9974,0.0009999999999998899
2308999,2908,3323,127941,3178,3927,126897,18,19861,74,1,9975,0.001000000000000334
2309999,2942,3135,127998,3049,3906,126876,19,19861,78,1,9976,0.0009999999999998899
2310999,2857,3285,127785,3147,3910,126979,18,19861,78,1,9977,0.0009999999999998899
2311999,2878,3257,127840,149654,3873,126956,18,19860,74,1,9978,0.0009999999999998899
2312999,2849,3200,127849,3080,3950,127128,18,19862,74,1,9979,0.001000000000000334
2313999,2783,3253,127873,3059,3857,127104,18,19860,74,1,9980,0.0009999999999998899
2314999,2878,3240,127981,3085,3885,127034,17,19861,70,1,9981,0.0009999999999998899
2316001,2854,3213,127990,3178,3946,126899,18,19860,74,1,9982,0.0010020000000001694
2317001,2918,3217,127861,3015,3875,127041,18,19860,74,1,9983,0.0009999999999998899
2317999,2951,3202,127824,3007,3987,127008,18,19861,74,1,9984,0.0009980000000000544
2318999,2825,3258,127894,3103,3967,126935,16,19860,74,1,9985,0.0009999999999998899
2319999,2857,3207,127804,3026,3933,126914,16,19860,66,1,9986,0.0009999999999998899
2320999,2851,3212,128003,3132,3864,126763,18,19860,74,1,9987,0.001000000000000334
2321999,2885,3206,127921,3011,3911,126820,18,19860,74,1,9988,0.0009999999999998899
2322999,2926,3326,127877,3059,3940,126968,17,19860,70,1,9989,0.0009999999999998899
2323999,2799,3162,127913,3129,4060,126966,20,19861,70,1,9990,0.0009999999999998899
2324999,2882,3304,128032,2973,3937,126963,19,19861,82,1,9991,0.001000000000000334
2326003,2843,3155,127901,3115,3880,126826,19,19860,78,1,9992,0.0010040000000000049
2327007,2992,3172,127822,3109,4025,126910,19,19860,78,1,9993,0.0010040000000000049
2328001,2886,3152,127815,3040,3877,126980,17,19862,70,1,9994,0.0009939999999999394
2328999,2881,3240,127867,3119,3909,126944,17,19859,70,1,9995,0.0009980000000000544
2329999,2903,3210,127988,3076,3859,126988,16,19859,70,1,9996,0.0009999999999998899
2330999,2897,3136,127873,3113,3921,126827,19,19861,66,1,9997,0.0009999999999998899
2331999,2945,3200,127903,3141,3868,126976,19,19861,78,1,9998,0.0009999999999998899
2332999,2858,3215,127859,3077,3902,126912,18,19860,74,1,9999,0.001000000000000334
2333999,2902,3146,127849,3114,3858,126997,18,19860,74,1,10000,0.0009999999999998899
2334999,2877,3188,127933,3021,3882,126873,18,19861,74,1,10001,0.0009999999999998899
2335999,2820,3262,127905,3235,3874,127017,19,19861,74,1,10002,0.0009999999999998899
2336999,2886,3200,127852,2967,3910,127007,17,19860,78,1,10003,0.001000000000000334
2337999,2918,3162,127812,3093,3817,127002,17,19861,70,1,10004,0.0009999999999998899
2338999,2911,3242,127897,3156,3890,126971,18,19859,74,1,10005,0.0009999999999998899
2339999,2914,3225,127927,3084,4016,126964,18,19861,74,1,10006,0.0009999999999998899
2340999,2889,3338,127841,3080,3971,126921,18,19859,74,1,10007,0.001000000000000334
2341999,2875,3145,127991,3094,3860,126945,17,19859,74,1,10008,0.0009999999999998899
2343002,2936,3223,127882,3078,3910,126975,17,19861,70,1,10009,0.0010029999999998651
2343999,2831,3244,127932,3170,3915,126832,17,19860,70,1,10010,0.0009969999999999146
2344999,2780,3188,127893,3115,3956,126975,18,19861,74,1,10011,0.001000000000000334
2346002,2904,3264,127852,3097,3963,126950,17,19860,70,1,10012,0.0010029999999998651
2347003,2868,3287,127778,2982,3891,126848,18,19860,74,1,10013,0.0010010000000000296
2347999,2805,3216,127850,3055,3844,127083,18,19860,74,1,10014,0.0009959999999997748
2349000,2967,3237,127961,3107,3981,126953,19,19861,74,1,10015,0.0010010000000000296
2350000,2928,3153,127939,3159,3994,127145,19,19860,78,1,10016,0.001000000000000334
2350999,2907,3284,127898,3145,3994,126925,17,19861,70,1,10017,0.00099899999999975
2351999,2825,3252,127996,3008,3988,126900,18,19861,74,1,10018,0.0009999999999998899
2353000,2942,3250,127932,3168,3875,126886,19,19861,78,1,10019,0.0010010000000000296
2354000,2937,3199,127883,3054,3898,126903,18,19861,78,1,10020,0.001000000000000334
2355000,2856,3286,127940,3056,3815,127043,19,19860,74,1,10021,0.0009999999999998899
2356000,2816,3192,127893,3092,4006,126926,19,19860,78,1,10022,0.0009999999999998899
2357000,2852,3233,127737,3161,3849,126893,17,19859,70,1,10023,0.0009999999999998899
2357999,2903,3294,127975,3086,3799,126909,18,19861,74,1,10024,0.0009990000000001942
2358999,2835,3207,127683,3170,3915,127081,19,19860,78,1,10025,0.0009999999999998899
2359999,2959,3272,127890,3176,3955,127016,17,19860,70,1,10026,0.0009999999999998899
2361000,2917,3192,127845,3117,3873,126902,18,19860,70,1,10027,0.0010010000000000296
2361999,2924,3202,127875,3067,3949,126841,18,19860,74,1,10028,0.0009990000000001942
2363000,2933,3320,127791,3223,3978,126941,18,19860,74,1,10029,0.0010010000000000296
2364000,2941,3313,127909,3061,3910,127047,18,19860,74,1,10030,0.0009999999999998899
2365000,2905,3156,127984,3084,4011,126997,19,19860,78,1,10031,0.0009999999999998899
2365999,3038,3304,127921,3106,4041,126963,17,19860,70,1,10032,0.0009990000000001942
2367000,2746,3098,127931,3087,3820,127081,17,19860,70,1,10033,0.0010010000000000296
2368000,2819,3260,127787,3069,3935,126974,18,19861,70,1,10034,0.0009999999999998899
2369002,2946,3266,127752,3207,3898,126895,18,19860,74,1,10035,0.0010020000000001694
2370001,2874,3275,127994,3061,4022,126942,19,19860,78,1,10036,0.00099899999999975
2370999,2924,3263,127897,2986,3936,127015,19,19862,78,1,10037,0.0009980000000000544
2371999,2928,3344,127942,3157,3887,126876,18,19862,74,1,10038,0.0009999999999998899
2372999,2882,3203,127923,3145,3847,127032,18,19860,74,1,10039,0.001000000000000334
2374000,2834,3194,127942,3120,3927,126970,18,19860,74,1,10040,0.0010010000000000296
2374999,2856,3252,127820,158870,3927,126995,18,19860,74,1,10041,0.00099899999999975
2375999,2909,3274,127951,3145,3935,126837,17,19861,70,1,10042,0.0009999999999998899
2376999,2938,3212,128005,3059,3849,126981,18,19862,74,1,10043,0.001000000000000334
2377999,2871,3333,127925,3018,3991,126967,16,19861,66,1,10044,0.0009999999999998899
2378999,2785,3148,127989,3158,3951,127082,18,19861,66,1,10045,0.0009999999999998899
2379999,2904,3150,127919,3050,3917,126978,18,19860,74,1,10046,0.0009999999999998899
2381001,2854,3213,127938,3188,3985,126893,18,19860,74,1,10047,0.0010020000000001694
2381999,2948,3246,128043,3047,3847,126830,17,19862,70,1,10048,0.0009980000000000544
2382999,2802,3143,127879,3135,3865,126967,17,19860,70,1,10049,0.0009999999999998899
2383999,2795,3247,127815,3029,3902,126822,18,19861,74,1,10050,0.0009999999999998899
2384999,2848,3206,127888,3204,3873,126888,19,19861,74,1,10051,0.001000000000000334
2386001,2850,3184,127990,3044,3915,126827,16,19861,78,1,10052,0.0010019999999997253
2386999,2831,3210,127731,3161,3916,127004,16,19860,66,1,10053,0.0009980000000000544
2387999,2877,3220,127908,3000,3882,126876,19,19860,78,1,10054,0.0009999999999998899
2388999,2926,3246,127841,3067,3884,126969,20,19860,82,1,10055,0.001000000000000334
2389999,2951,3278,127894,3057,3917,126982,19,19860,78,1,10056,0.0009999999999998899
2390999,2797,3232,127983,158870,3941,126929,19,19860,78,1,10057,0.0009999999999998899
2392001,2946,3144,127882,3076,3958,126959,19,19860,78,1,10058,0.0010020000000001694
2392999,2861,3254,127859,3216,3923,127072,19,19860,78,1,10059,0.0009980000000000544
2393999,2860,3185,127934,3040,3925,126968,19,19859,78,1,10060,0.0009999999999998899
2395000,2915,3197,127919,3095,3924,126951,18,19860,74,1,10061,0.0010010000000000296
2395999,2843,3221,128024,3039,3850,126947,19,19860,78,1,10062,0.00099899999999975
2396999,2860,3204,127870,3167,3884,126961,18,19860,78,1,10063,0.001000000000000334
2398002,2949,3186,127889,3203,3902,127011,18,19861,74,1,10064,0.0010029999999998651
2398999,2770,3220,127934,3090,3863,127064,18,19862,74,1,10065,0.0009969999999999146
2399999,2933,3202,127945,3090,3813,127007,18,19860,74,1,10066,0.0009999999999998899
2401002,2912,3223,127935,3040,3870,126886,18,19860,74,1,10067,0.0010030000000003092
2401999,2878,3074,127888,3070,3990,126939,17,19859,70,1,10068,0.0009969999999999146
2402999,2991,3232,127954,3085,4013,127089,17,19859,70,1,10069,0.0009999999999998899
2404000,2728,3232,127794,3153,3925,126924,17,19860,70,1,10070,0.0010010000000000296
2404999,2877,3206,127998,3030,3911,126964,18,19861,70,1,10071,0.0009990000000001942
2405999,2758,3182,127796,3117,3893,126838,18,19860,74,1,10072,0.0009999999999998899
2406999,2861,3313,127766,150678,3954,126894,18,19860,74,1,10073,0.0009999999999998899
2408001,2907,3199,127870,3108,4003,126988,19,19860,78,1,10074,0.0010020000000001694
2408999,3012,3173,127983,3049,3800,126949,18,19860,74,1,10075,0.0009980000000000544
2409999,2909,3133,127981,3201,3958,127066,18,19860,74,1,10076,0.0009999999999998899
2410999,2885,3177,127911,3053,3942,126990,19,19860,74,1,10077,0.0009999999999998899
2411999,2806,3243,127855,3063,3917,127074,19,19861,78,1,10078,0.0009999999999998899
2413004,2886,3231,127794,2974,3956,126896,18,19860,74,1,10079,0.0010050000000001447
2414002,2937,3254,127923,3051,3887,126950,18,19860,74,1,10080,0.0009980000000000544
2414999,2957,3161,127950,3137,3842,127012,18,19860,74,1,10081,0.0009969999999999146
2415999,2779,3144,127861,3049,3919,126916,18,19860,74,1,10082,0.0009999999999998899
2416999,2914,3211,127984,3118,3909,126896,19,19861,74,1,10083,0.0009999999999998899
2418000,2885,3197,127896,3076,3894,126893,19,19861,78,1,10084,0.0010010000000000296
2418999,2846,3133,127845,3133,3987,126861,18,19860,74,1,10085,0.0009990000000001942
2419999,2947,3269,127869,3038,4035,126912,18,19861,74,1,10086,0.0009999999999998899
2420999,2968,3261,127892,3053,3944,126878,18,19861,74,1,10087,0.0009999999999998899
2421999,2942,3253,127810,3121,3933,126953,17,19860,74,1,10088,0.001000000000000334
2422999,2896,3207,127834,3042,3892,126936,19,19861,70,1,10089,0.0009999999999998899
2423999,2868,3263,127780,3125,3886,126937,19,19860,78,1,10090,0.0009999999999998899
2424999,2823,3183,127866,3113,3886,126898,16,19859,66,1,10091,0.0009999999999998899
2425999,2858,3256,127737,3128,3840,126946,18,19861,74,1,10092,0.001000000000000334
2427000,2921,3272,127941,3067,3929,126908,18,19860,74,1,10093,0.0010010000000000296
2427999,2763,3254,127978,3181,3955,126842,20,19860,74,1,10094,0.00099899999999975
2428999,2809,3240,127851,3116,3942,126809,17,19859,82,1,10095,0.0009999999999998899
2430002,2841,3238,127819,3081,3940,127061,17,19860,70,1,10096,0.0010030000000003092
2430999,2975,3305,127995,3014,3900,126885,17,19862,70,1,10097,0.0009969999999999146
2431999,2847,3227,127961,3135,3902,127028,18,19861,74,1,10098,0.0009999999999998899
2432999,2946,3281,127934,3122,3955,126923,19,19860,78,1,10099,0.0009999999999998899
2433999,2954,3164,127967,3083,3967,126920,18,19860,78,1,10100,0.001000000000000334
2434999,2947,3227,127957,3148,3873,126925,18,19859,74,1,10101,0.0009999999999998899
2435999,2862,3206,127865,3055,3907,127054,18,19860,74,1,10102,0.0009999999999998899
2436999,2903,3238,127997,3058,3852,126958,17,19861,70,1,10103,0.0009999999999998899
2437999,2856,3087,127985,3102,3873,126950,18,19860,74,1,10104,0.001000000000000334
2438999,2943,3253,127912,3090,3948,126961,18,19860,74,1,10105,0.0009999999999998899
2439999,2872,3180,127853,3136,3885,126969,16,19860,74,1,10106,0.0009999999999998899
2440999,2882,3269,127791,2898,3937,126913,19,19860,66,1,10107,0.0009999999999998899
2441999,2940,3108,127905,3036,3999,126905,19,19860,78,1,10108,0.001000000000000334
2442999,2898,3233,127885,3111,3925,127015,18,19860,74,1,10109,0.0009999999999998899
2443999,2874,3248,127846,3126,4029,126976,20,19861,82,1,10110,0.0009999999999998899
2444999,2776,3234,127958,3177,3932,126872,18,19862,74,1,10111,0.0009999999999998899
2446001,2907,3172,127933,3150,3995,126871,17,19862,70,1,10112,0.0010020000000001694
2446999,2899,3301,127915,3119,3840,126886,18,19862,70,1,10113,0.0009980000000000544
2447999,2849,3136,127943,2992,3915,127006,18,19860,74,1,10114,0.0009999999999998899
2448999,2981,3188,127880,3188,3799,126994,20,19860,82,1,10115,0.0009999999999998899
2449999,2945,3296,127951,2986,3907,127018,19,19861,78,1,10116,0.001000000000000334
2450999,2892,3211,127902,3004,3863,126966,18,19860,74,1,10117,0.0009999999999998899
2451999,2860,3250,127974,3026,3968,127026,18,19860,74,1,10118,0.0009999999999998899
2452999,2808,3175,127964,3106,3921,127020,21,19860,74,1,10119,0.0009999999999998899
2453999,2884,3246,128014,3040,3855,126864,19,19860,86,1,10120,0.001000000000000334
2455001,2785,3213,127942,3124,3878,126910,19,19860,78,1,10121,0.0010019999999997253
2455999,2980,3291,127972,3060,4031,126982,20,19859,82,1,10122,0.0009980000000000544
2456999,2889,3053,127923,3162,3898,127045,19,19860,78,1,10123,0.0009999999999998899
2458001,2806,3241,127893,3007,3890,126958,18,19860,74,1,10124,0.0010020000000001694
2458999,2954,3269,127886,3136,3962,127032,17,19860,74,1,10125,0.0009980000000000544
2460001,2881,3225,127856,3077,3902,126935,21,19860,70,1,10126,0.0010020000000001694
2460999,2844,3148,127895,3084,3999,127036,21,19859,86,1,10127,0.0009979999999996103
2461999,2918,3315,127977,3034,3953,126942,19,19859,78,1,10128,0.001000000000000334
2462999,2883,3207,127995,3214,3852,126920,20,19860,82,1,10129,0.0009999999999998899
2463999,2878,3262,127985,3072,3847,126853,18,19860,74,1,10130,0.0009999999999998899
2464999,2866,3288,127831,3061,3974,127033,18,19861,74,1,10131,0.0009999999999998899
2465999,2862,3328,127830,3047,3936,126933,20,19860,74,1,10132,0.001000000000000334
2466999,2895,3251,127875,3239,3897,126956,20,19861,82,1,10133,0.0009999999999998899
2467999,2863,3251,127917,3178,3960,126907,19,19861,78,1,10134,0.0009999999999998899
2468999,2929,3278,127843,3050,3850,126899,18,19859,74,1,10135,0.0009999999999998899
2469999,2908,3238,127818,157846,3819,127012,19,19860,78,1,10136,0.001000000000000334
2471000,2895,3123,128041,3156,3970,127037,18,19860,78,1,10137,0.0010010000000000296
2471999,2840,3222,127881,3086,3906,126996,19,19860,74,1,10138,0.00099899999999975
2472999,2869,3243,128054,3188,3929,126997,19,19860,78,1,10139,0.0009999999999998899
2473999,2942,3233,127831,2969,3926,126986,18,19860,74,1,10140,0.001000000000000334
2474999,2925,3257,127830,3186,3966,126909,18,19860,74,1,10141,0.0009999999999998899
2476001,2896,3278,128031,3057,3891,126993,18,19861,74,1,10142,0.0010019999999997253
2476999,2943,3270,127799,3194,3913,127042,21,19861,74,1,10143,0.0009980000000000544
2477999,2811,3299,127808,3045,3796,126878,20,19859,86,1,10144,0.001000000000000334
2479002,2911,3172,127958,3118,3872,126912,20,19859,82,1,10145,0.0010029999999998651
2479999,2911,3213,127862,3087,3911,126936,18,19860,74,1,10146,0.0009969999999999146
2481000,2854,3201,127880,3021,3973,126976,18,19860,74,1,10147,0.0010010000000000296
2482000,2880,3315,128068,3089,3973,126845,19,19860,78,1,10148,0.0009999999999998899
2482999,2897,3196,127949,3078,3891,126927,20,19860,78,1,10149,0.0009990000000001942
2483999,2904,3253,127927,3039,3925,126890,18,19861,82,1,10150,0.0009999999999998899
2484999,2893,3246,127794,3037,3928,126942,18,19861,74,1,10151,0.0009999999999998899
2485999,2917,3288,127943,150678,3942,127071,18,19860,74,1,10152,0.001000000000000334
2486999,2879,3233,127891,3028,3936,126896,19,19861,78,1,10153,0.0009999999999998899
2487999,2851,3256,127836,3162,3942,126939,18,19860,74,1,10154,0.0009999999999998899
2489000,2877,3187,128018,3032,3946,126922,18,19860,74,1,10155,0.0010010000000000296
2489999,2845,3255,127848,3102,3901,126967,19,19859,74,1,10156,0.0009990000000001942
2490999,2890,3302,127853,3140,3937,126987,19,19860,78,1,10157,0.0009999999999998899
2492000,2789,3218,127890,3088,3888,127031,20,19860,82,1,10158,0.0010010000000000296
2493000,2971,3346,127783,3055,3948,126854,20,19859,82,1,10159,0.0009999999999998899
2494000,2890,3283,128083,3144,3921,126952,19,19860,78,1,10160,0.0009999999999998899
2494999,2819,3177,127957,2969,3843,126959,19,19860,78,1,10161,0.0009990000000001942
2495999,2966,3266,128029,3018,3917,126930,18,19860,78,1,10162,0.0009999999999998899
2496999,2748,3213,127953,2986,3894,126801,20,19859,74,1,10163,0.0009999999999998899
2498000,2851,3185,127925,3124,3873,126835,20,19859,82,1,10164,0.0010010000000000296
2499003,2937,3208,127940,3036,3925,126908,18,19861,74,1,10165,0.0010030000000003092
2499999,2907,3258,127831,3096,3886,126956,19,19860,78,1,10166,0.0009959999999997748
2500999,2856,3350,127862,3111,3953,126885,18,19860,74,1,10167,0.0009999999999998899
2502000,2863,3235,127957,150678,3979,127043,18,19861,74,1,10168,0.0010010000000000296
2502999,2895,3304,127925,3068,3804,126964,20,19860,74,1,10169,0.0009990000000001942
2503999,2916,3317,127856,3122,3962,126969,20,19860,82,1,10170,0.0009999999999998899
2505000,2933,3325,127877,3083,3904,126901,19,19861,78,1,10171,0.0010010000000000296
2505999,2899,3261,127937,3128,3985,126965,20,19861,82,1,10172,0.0009990000000001942
2506999,2897,3201,127867,3157,3935,126928,20,19861,82,1,10173,0.0009999999999998899
2507999,2834,3237,127771,3097,3858,126940,18,19860,82,1,10174,0.0009999999999998899
2508999,2915,3233,127721,2970,3920,126992,19,19861,74,1,10175,0.0009999999999998899
2509999,2748,3131,127829,3113,3886,127025,19,19861,78,1,10176,0.001000000000000334
2510999,2883,3292,127924,3052,3968,126856,18,19861,74,1,10177,0.0009999999999998899
2512002,2939,3282,127938,3141,3917,126898,19,19860,78,1,10178,0.0010029999999998651
2512999,2841,3232,128041,3072,3884,127034,19,19859,78,1,10179,0.0009969999999999146
2513999,3041,3233,127947,3081,3886,126986,18,19859,78,1,10180,0.001000000000000334
2514999,2902,3252,127861,3037,3932,127009,19,19860,74,1,10181,0.0009999999999998899
2515999,2799,3206,127984,3077,3792,126857,19,19860,78,1,10182,0.0009999999999998899
2517000,3065,3300,127949,3126,3972,127004,19,19859,78,1,10183,0.0010010000000000296
2518001,2886,3340,127804,3082,3935,126870,19,19859,78,1,10184,0.0010010000000000296
2518999,2934,3215,127758,3040,4010,126837,19,19859,78,1,10185,0.0009980000000000544
2519999,2903,3164,127944,3137,3843,126941,18,19859,78,1,10186,0.0009999999999998899
2520999,2788,3185,127934,3106,3955,126894,19,19860,74,1,10187,0.0009999999999998899
2522005,2964,3201,127929,2947,3849,126865,19,19859,78,1,10188,0.0010060000000002844
2522999,2924,3285,128053,3101,3935,126854,19,19859,78,1,10189,0.0009939999999999394
2523999,2865,3286,127803,3179,3941,127081,18,19860,74,1,10190,0.0009999999999998899
2524999,2828,3269,127866,3024,3902,127000,19,19860,78,1,10191,0.0009999999999998899
2525999,2792,3193,127777,3129,3862,127044,18,19860,78,1,10192,0.001000000000000334
2526999,2833,3076,127953,3054,3826,126964,19,19860,74,1,10193,0.0009999999999998899
2528001,2950,3261,127954,3128,3950,126894,19,19860,78,1,10194,0.0010019999999997253
2528999,2899,3309,127910,3156,3921,126975,18,19860,74,1,10195,0.0009980000000000544
2529999,2862,3120,127940,3032,3877,126893,18,19860,74,1,10196,0.0009999999999998899
2530999,2915,3199,127944,3087,3845,126996,18,19860,74,1,10197,0.001000000000000334
2531999,2797,3163,127874,3114,3888,127072,18,19860,74,1,10198,0.0009999999999998899
2532999,2846,3283,127990,3127,3881,126861,20,19861,74,1,10199,0.0009999999999998899
2534001,2848,3201,127870,3065,3989,126946,20,19860,82,1,10200,0.0010020000000001694
2534999,2858,3184,128003,3115,3900,127011,19,19861,78,1,10201,0.0009980000000000544
2535999,2890,3312,127974,3040,3926,126929,17,19859,70,1,10202,0.0009999999999998899
2536999,2920,3228,128019,3057,3979,126847,18,19860,74,1,10203,0.0009999999999998899
2537999,2856,3303,127955,3049,3875,126935,18,19860,74,1,10204,0.0009999999999998899
2538999,2908,3145,127911,3145,3960,126958,18,19862,74,1,10205,0.001000000000000334
2539999,2902,3264,128022,3065,3963,126923,19,19860,74,1,10206,0.0009999999999998899
2540999,2904,3132,127903,3056,3894,127006,19,19860,78,1,10207,0.0009999999999998899
2541999,2940,3235,127961,3050,3878,126925,19,19859,78,1,10208,0.0009999999999998899
2542999,2877,3236,127880,3149,3919,126974,20,19860,82,1,10209,0.001000000000000334
2544000,2863,3244,127913,3043,3950,126995,20,19860,82,1,10210,0.0010010000000000296
2544999,2860,3214,127979,3147,3916,126888,18,19860,82,1,10211,0.00099899999999975
2545999,2900,3206,127834,2962,3884,127049,18,19858,74,1,10212,0.0009999999999998899
2546999,2970,3281,127974,3183,3949,126966,18,19862,74,1,10213,0.001000000000000334
2547999,2948,3175,127814,3129,3996,126933,19,19860,78,1,10214,0.0009999999999998899
2548999,2921,3185,127879,3081,3808,126990,17,19860,70,1,10215,0.0009999999999998899
2549999,2904,3279,127785,3069,3953,126991,19,19860,78,1,10216,0.0009999999999998899
2550999,2874,3237,127907,3190,3884,126932,18,19862,78,1,10217,0.001000000000000334
2551999,2845,3124,127901,3083,3844,126879,21,19859,74,1,10218,0.0009999999999998899
2552999,2926,3156,127867,3130,3897,126959,21,19860,86,1,10219,0.0009999999999998899
2553999,2923,3312,127788,2998,3874,126882,19,19860,78,1,10220,0.0009999999999998899
2554999,2905,3193,127824,3274,3929,126956,18,19859,74,1,10221,0.001000000000000334
2556000,2931,3166,127750,2966,3888,126893,18,19861,74,1,10222,0.0010010000000000296
2556999,2897,3212,127822,3210,3986,127003,18,19861,74,1,10223,0.00099899999999975
2557999,2948,3251,127915,3095,4015,127018,20,19859,74,1,10224,0.0009999999999998899
2558999,2975,3193,128026,3121,3908,127007,20,19860,82,1,10225,0.001000000000000334
2560002,2879,3204,127856,3010,3982,127007,18,19861,74,1,10226,0.0010029999999998651
2561000,2850,3156,127998,3112,3872,126837,19,19860,78,1,10227,0.0009980000000000544
2561999,2888,3146,127913,3028,3894,126806,20,19859,82,1,10228,0.00099899999999975
2562999,2856,3203,127828,3121,3909,126974,19,19859,82,1,10229,0.001000000000000334
2563999,2886,3253,127896,3098,3894,126887,21,19861,78,1,10230,0.0009999999999998899
2564999,2833,3071,127892,149654,3909,127023,21,19859,86,1,10231,0.0009999999999998899
2565999,2821,3119,128055,3077,3925,126993,18,19860,74,1,10232,0.0009999999999998899
2566999,2883,3266,127956,3124,3975,126994,21,19859,86,1,10233,0.001000000000000334
2567999,2855,3210,127853,3069,3971,126871,18,19861,74,1,10234,0.0009999999999998899
2568999,2868,3221,127858,3114,3942,126974,19,19861,74,1,10235,0.0009999999999998899
2569999,2877,3254,127979,3089,3846,126910,19,19860,78,1,10236,0.0009999999999998899
2570999,2831,3130,127927,3118,3847,126767,19,19858,78,1,10237,0.001000000000000334
2571999,2841,3301,128039,3054,3889,126972,19,19860,78,1,10238,0.0009999999999998899
2572999,2818,3256,127939,3041,3974,127142,19,19860,78,1,10239,0.0009999999999998899
2573999,2827,3312,127805,3096,3881,126939,18,19860,74,1,10240,0.0009999999999998899
2575001,2882,3275,127906,3114,3947,126928,18,19860,74,1,10241,0.0010020000000001694
2575999,2811,3242,127843,3248,3948,126930,19,19861,74,1,10242,0.0009980000000000544
2576999,2986,3197,127796,3115,3848,126960,19,19862,78,1,10243,0.0009999999999998899
2578000,2934,3261,127954,3085,3834,126945,20,19860,82,1,10244,0.0010010000000000296
2578999,2897,3246,127927,3099,4082,126739,18,19860,74,1,10245,0.0009990000000001942
2579999,2880,3142,127880,3077,3987,126879,19,19862,78,1,10246,0.0009999999999998899
2580999,2868,3241,127833,158870,3894,126938,19,19862,78,1,10247,0.0009999999999998899
2581999,2848,3298,127764,3134,3907,126871,20,19858,78,1,10248,0.0009999999999998899
2582999,2811,3294,127872,3098,3923,126905,20,19861,82,1,10249,0.001000000000000334
2583999,2822,3172,127849,3180,3904,126967,17,19860,70,1,10250,0.0009999999999998899
2585001,2917,3263,127855,3016,3862,127003,19,19860,78,1,10251,0.0010020000000001694
2586000,2952,3197,127839,3150,3934,126866,18,19861,74,1,10252,0.00099899999999975
2586999,2917,3246,127816,3010,3957,126890,19,19861,78,1,10253,0.0009990000000001942
2587999,2914,3177,127948,3142,3948,127036,20,19860,78,1,10254,0.0009999999999998899
2588999,2793,3289,127711,3141,3835,126846,18,19859,82,1,10255,0.0009999999999998899
2590000,2917,3162,127864,3121,3814,126883,18,19860,74,1,10256,0.0010010000000000296
2591002,2870,3164,127838,3033,3900,126990,18,19860,74,1,10257,0.0010020000000001694
2591999,2863,3098,127857,3181,3904,126986,19,19860,78,1,10258,0.0009969999999999146
2592999,2886,3301,127904,3131,3972,126909,20,19860,82,1,10259,0.0009999999999998899
2594002,2819,3256,127843,3131,3944,127037,20,19861,82,1,10260,0.0010029999999998651
2594999,2884,3222,127944,3110,3851,126975,18,19860,82,1,10261,0.0009970000000003587
2595999,2846,3291,127877,3058,3931,127060,18,19861,74,1,10262,0.0009999999999998899
2596999,2950,3237,127857,158870,3950,126949,19,19861,78,1,10263,0.0009999999999998899
2597999,2843,3175,127851,3011,3949,127090,21,19860,86,1,10264,0.0009999999999998899
2598999,2956,3254,127955,3059,3949,126972,17,19860,70,1,10265,0.001000000000000334
2599999,2892,3192,127904,3214,3890,126813,19,19860,70,1,10266,0.0009999999999998899
2600999,2856,3244,128096,3182,3943,126993,19,19859,78,1,10267,0.0009999999999998899
2602028,2846,3215,127892,3175,3999,126938,19,19860,78,1,10268,0.0010289999999999466
2602999,2894,3236,128026,3098,3914,126963,19,19859,78,1,10269,0.0009710000000002772
2604000,2871,3223,127998,3114,3841,126989,19,19860,78,1,10270,0.0010010000000000296
2604999,2824,3215,127960,2990,3953,126900,20,19859,82,1,10271,0.00099899999999975
2605999,2989,3239,127999,3155,3916,127017,18,19859,82,1,10272,0.0009999999999998899
2606999,2964,3246,127838,3181,4005,126877,20,19862,74,1,10273,0.001000000000000334
2607999,2855,3153,127864,3110,3930,127012,20,19860,82,1,10274,0.0009999999999998899
2608999,2843,3258,127947,3089,3898,126950,18,19861,74,1,10275,0.0009999999999998899
2609999,2978,3198,127806,2973,3846,127075,18,19860,74,1,10276,0.0009999999999998899
2610999,2932,3196,128060,3103,3995,127026,18,19859,74,1,10277,0.001000000000000334
2612000,2867,3199,127939,3094,3963,127099,17,19859,74,1,10278,0.0010010000000000296
2613000,2863,3208,127942,3019,3875,126998,18,19859,70,1,10279,0.0009999999999998899
2614000,2816,3190,127883,3043,3876,126962,18,19861,74,1,10280,0.0009999999999998899
2615000,2887,3089,128013,3094,3898,126878,19,19859,78,1,10281,0.0009999999999998899
2615999,2940,3218,127842,3049,3966,126917,18,19861,74,1,10282,0.0009990000000001942
2616999,2944,3189,127979,3084,4005,127071,19,19860,78,1,10283,0.0009999999999998899
2617999,2942,3212,127790,3180,3914,126989,20,19860,78,1,10284,0.0009999999999998899
2619000,3059,3326,127818,3176,3919,126893,19,19859,82,1,10285,0.0010010000000000296
2619999,2821,3270,127804,3004,3819,126901,19,19860,78,1,10286,0.0009990000000001942
2620999,2928,3172,127867,3136,3827,126843,18,19860,74,1,10287,0.0009999999999998899
2621999,2859,3172,127884,3103,3814,126855,18,19861,74,1,10288,0.0009999999999998899
2622999,2908,3152,127810,3146,3973,126950,18,19860,74,1,10289,0.001000000000000334
2623999,3027,3284,127843,3067,3799,126943,20,19860,74,1,10290,0.0009999999999998899
2624999,2820,3066,127861,3114,3928,127025,20,19860,82,1,10291,0.0009999999999998899
2625999,2966,3253,128042,3109,3929,126928,20,19859,82,1,10292,0.0009999999999998899
2627000,2808,3173,127804,3176,3845,126810,21,19860,86,1,10293,0.0010010000000000296
2628002,2938,3207,127891,3066,3865,126883,18,19860,74,1,10294,0.0010020000000001694
2628999,2932,3219,127907,2969,3901,127132,20,19860,82,1,10295,0.0009969999999999146
2629999,2838,3232,127928,3149,3906,126929,20,19860,82,1,10296,0.0009999999999998899
2630999,2859,3279,127967,3130,3889,126885,18,19860,82,1,10297,0.001000000000000334
2631999,2931,3169,127987,3072,3931,126938,19,19861,74,1,10298,0.0009999999999998899
2632999,2916,3247,127915,3197,3950,127022,19,19860,78,1,10299,0.0009999999999998899
2633999,2964,3232,127880,3017,3968,127055,18,19859,74,1,10300,0.0009999999999998899
2634999,2906,3188,128059,3199,3911,127125,20,19859,82,1,10301,0.001000000000000334
2635999,2839,3277,127963,3119,3958,126766,19,19859,78,1,10302,0.0009999999999998899
2636999,2891,3233,127769,3158,3907,126999,18,19861,78,1,10303,0.0009999999999998899
2637999,2814,3276,127934,3125,3950,126914,19,19860,74,1,10304,0.0009999999999998899
2638999,2913,3222,127948,3195,3944,126976,19,19859,78,1,10305,0.001000000000000334
2640001,2994,3274,127929,3098,3981,126932,20,19860,82,1,10306,0.0010019999999997253
2641001,2841,3200,127830,3150,3819,126927,19,19860,78,1,10307,0.0009999999999998899
2641999,2896,3305,127904,3035,3866,126795,20,19860,82,1,10308,0.0009980000000000544
2642999,2860,3240,127957,3074,3826,126959,19,19862,82,1,10309,0.001000000000000334
2643999,2890,3198,127785,3021,3861,126947,18,19860,78,1,10310,0.0009999999999998899
2644999,2833,3229,128025,3041,3912,126958,18,19859,74,1,10311,0.0009999999999998899
2645999,2847,3227,128013,3041,3932,126925,18,19859,74,1,10312,0.0009999999999998899
2646999,2894,3224,127948,3197,3929,126899,20,19859,82,1,10313,0.001000000000000334
2647999,2795,3209,127910,3050,3980,126936,19,19860,78,1,10314,0.0009999999999998899
2649000,2912,3160,127902,3127,3858,126976,21,19860,78,1,10315,0.0010010000000000296
2650001,2758,3242,127906,3003,3987,126977,19,19859,86,1,10316,0.0010010000000000296
2650999,2938,3283,127838,3097,3904,126995,19,19860,78,1,10317,0.0009979999999996103
2652002,2903,3291,128024,3037,3965,126880,19,19860,78,1,10318,0.0010030000000003092
2652999,2849,3231,127979,2996,3964,127002,18,19860,74,1,10319,0.0009969999999999146
2653999,2932,3230,127910,3066,3892,126959,20,19860,82,1,10320,0.0009999999999998899
2655000,2865,3243,127819,3071,3981,126893,17,19860,82,1,10321,0.0010010000000000296
2655999,2835,3160,127817,3073,3967,126896,18,19860,70,1,10322,0.0009990000000001942
2656999,2916,3161,127790,3041,3911,126891,18,19859,74,1,10323,0.0009999999999998899
2657999,2797,3236,127889,3053,3919,126889,18,19860,74,1,10324,0.0009999999999998899
2658999,2983,3209,127797,3122,3884,126929,18,19859,74,1,10325,0.0009999999999998899
2660001,2940,3241,127962,149654,3917,127013,17,19860,70,1,10326,0.0010020000000001694
2660999,2857,3145,127983,3071,3936,127041,19,19860,70,1,10327,0.0009980000000000544
2661999,2868,3257,127869,3060,3791,127008,21,19860,78,1,10328,0.0009999999999998899
2662999,2930,3222,127917,3087,3915,126934,21,19860,86,1,10329,0.0009999999999998899
2663999,2830,3157,127992,3046,3849,126896,19,19860,78,1,10330,0.001000000000000334
2664999,3111,3236,127920,3135,3967,126899,21,19860,86,1,10331,0.0009999999999998899
2665999,2852,3268,127907,3130,3838,126990,18,19860,74,1,10332,0.0009999999999998899
2666999,2919,3246,127798,3051,3967,127109,18,19860,74,1,10333,0.0009999999999998899
2667999,2874,3211,127777,3127,3826,126993,20,19860,74,1,10334,0.001000000000000334
2668999,2879,3290,127939,3079,3879,126927,20,19859,82,1,10335,0.0009999999999998899
2669999,2907,3300,127852,3232,3866,127019,19,19860,78,1,10336,0.0009999999999998899
2670999,2861,3303,127981,3104,3915,126945,20,19859,82,1,10337,0.0009999999999998899
2671999,2957,3259,127881,3022,3893,127067,19,19860,78,1,10338,0.001000000000000334
2672999,2882,3168,128073,3018,3937,127012,18,19860,74,1,10339,0.0009999999999998899
2673999,2872,3135,127937,3133,3904,127115,19,19859,74,1,10340,0.0009999999999998899
2674999,3011,3267,127837,3115,3914,126970,18,19860,78,1,10341,0.0009999999999998899
2675999,2879,3159,127948,149654,3960,126981,18,19860,74,1,10342,0.001000000000000334
2676999,2921,3232,127934,3103,3965,126967,20,19859,82,1,10343,0.0009999999999998899
2677999,2729,3223,127889,3120,3927,126891,20,19860,82,1,10344,0.0009999999999998899
2679006,2949,3259,127919,3231,3961,127013,20,19860,82,1,10345,0.0010069999999999801
2679999,2836,3243,127891,3110,3931,126926,20,19859,82,1,10346,0.0009930000000002437
2680999,2920,3270,127826,3048,3945,126780,19,19859,82,1,10347,0.0009999999999998899
2681999,2881,3097,127809,3124,3923,127037,19,19859,78,1,10348,0.0009999999999998899
2682999,2941,3250,127887,3079,4019,126906,20,19860,82,1,10349,0.0009999999999998899
2683999,2945,3201,127997,3151,3865,126958,19,19860,78,1,10350,0.001000000000000334
2684999,2900,3331,127928,2985,3898,127007,19,19860,78,1,10351,0.0009999999999998899
2685999,2883,3255,127808,3062,3915,127002,19,19860,78,1,10352,0.0009999999999998899
2686999,2960,3361,127800,3081,3864,127028,19,19859,78,1,10353,0.0009999999999998899
2688000,2763,3120,127809,3100,3959,126932,19,19859,78,1,10354,0.0010010000000000296
2689003,2967,3100,127915,3040,3952,126915,17,19860,70,1,10355,0.0010030000000003092
2689999,2899,3218,127812,3052,3948,127063,19,19859,78,1,10356,0.0009959999999997748
2690999,2884,3337,127951,3090,3947,126845,20,19860,82,1,10357,0.0009999999999998899
2691999,2874,3126,127978,150678,3904,126903,20,19860,82,1,10358,0.001000000000000334
2692999,2829,3154,127926,3042,3840,126933,18,19860,82,1,10359,0.0009999999999998899
2694000,2852,3157,127842,3182,3878,127090,18,19860,74,1,10360,0.0010010000000000296
2695000,2903,3271,127906,3046,4034,126926,20,19860,82,1,10361,0.0009999999999998899
2695999,2803,3233,128065,3082,3852,126936,18,19859,74,1,10362,0.0009990000000001942
2696999,2896,3263,127916,3160,3903,126971,19,19861,78,1,10363,0.0009999999999998899
2698002,2912,3218,127904,3189,3914,126965,19,19861,78,1,10364,0.0010029999999998651
2699001,2903,3174,127942,3020,3781,126847,18,19860,78,1,10365,0.0009990000000001942
2699999,2836,3249,127802,3019,3838,127007,18,19859,74,1,10366,0.0009980000000000544
2700999,2903,3258,127952,3104,3879,126824,20,19860,82,1,10367,0.0009999999999998899
2701999,3010,3272,127858,3110,3865,126861,18,19860,74,1,10368,0.0009999999999998899
2702999,2827,3252,127906,3111,3875,127012,20,19859,82,1,10369,0.0009999999999998899
2703999,2974,3078,127862,3097,3855,127011,19,19859,82,1,10370,0.001000000000000334
2704999,2920,3244,127844,3151,3927,126853,19,19861,78,1,10371,0.0009999999999998899
2706000,2960,3273,127883,3042,3888,126752,19,19860,78,1,10372,0.0010010000000000296
2706999,2974,3289,127870,2980,3831,127008,19,19859,78,1,10373,0.00099899999999975
2707999,2866,3204,127956,3141,3893,127000,19,19861,78,1,10374,0.001000000000000334
2708999,2910,3313,127924,3182,3960,126924,20,19859,82,1,10375,0.0009999999999998899
2709999,2910,3308,127939,3042,3946,126926,18,19859,82,1,10376,0.0009999999999998899
2710999,2840,3197,127752,3066,3827,126917,18,19860,74,1,10377,0.0009999999999998899
2711999,2951,3168,127809,3052,3910,126831,18,19860,74,1,10378,0.001000000000000334
2712999,2910,3261,128014,3066,3840,126957,18,19861,74,1,10379,0.0009999999999998899
2713999,2893,3230,127824,3113,3891,126785,17,19861,70,1,10380,0.0009999999999998899
2714999,2964,3249,127981,3163,3855,126862,18,19859,74,1,10381,0.0009999999999998899
2715999,2867,3317,127868,3013,4003,126901,18,19859,74,1,10382,0.001000000000000334
2716999,2980,3170,128008,3054,3959,126840,20,19859,74,1,10383,0.0009999999999998899
2717999,2922,3180,127946,3010,3989,126820,18,19861,82,1,10384,0.0009999999999998899
2718999,2868,3268,127857,3261,3935,127034,18,19860,74,1,10385,0.0009999999999998899
2719999,2996,3231,127880,2896,3940,126961,22,19862,90,1,10386,0.001000000000000334
2720999,2857,3203,127936,3159,3958,126830,20,19860,82,1,10387,0.0009999999999998899
2721999,2947,3183,127874,3059,3849,126874,19,19860,78,1,10388,0.0009999999999998899
2723004,2915,3188,127859,3107,3944,126960,21,19860,78,1,10389,0.0010050000000001447
2723999,2950,3194,128038,2985,3949,126884,19,19861,86,1,10390,0.0009950000000000792
2725001,2891,3145,127932,3108,3912,126939,19,19860,78,1,10391,0.0010019999999997253
2726001,2789,3243,127873,3073,3919,126919,20,19860,82,1,10392,0.0009999999999998899
2726999,2942,3260,127935,3018,3899,126969,18,19860,74,1,10393,0.0009980000000000544
2728002,2907,3300,127915,3105,3981,126949,20,19860,82,1,10394,0.0010030000000003092
2728999,2887,3239,127869,3103,3891,127071,20,19860,82,1,10395,0.0009969999999999146
2729999,2866,3260,127946,3087,3877,126947,19,19860,82,1,10396,0.0009999999999998899
2730999,2924,3165,127941,3055,3853,126862,19,19860,78,1,10397,0.0009999999999998899
2731999,2829,3315,127928,3144,3915,126984,19,19859,78,1,10398,0.001000000000000334
2733002,2843,3217,127840,3137,3993,126987,19,19860,78,1,10399,0.0010029999999998651
2733999,2891,3225,127948,3057,3986,127066,20,19860,82,1,10400,0.0009969999999999146
2734999,2870,3272,127869,2997,3950,127084,19,19861,82,1,10401,0.0009999999999998899
2735999,2866,3189,127998,3092,3957,126953,18,19860,78,1,10402,0.001000000000000334
2736999,2900,3150,127742,3061,4004,126848,18,19860,74,1,10403,0.0009999999999998899
2737999,2891,3277,127884,3174,3985,126924,18,19860,74,1,10404,0.0009999999999998899
2738999,2914,3289,127869,158870,4006,126878,19,19859,78,1,10405,0.0009999999999998899
2739999,2979,3335,127952,3070,3966,126980,19,19859,78,1,10406,0.001000000000000334
2740999,2844,3262,127876,3088,3830,126979,18,19859,78,1,10407,0.0009999999999998899
2741999,2961,3261,127937,3012,3993,126937,19,19859,74,1,10408,0.0009999999999998899
2742999,2823,3214,127902,3072,3945,126957,19,19860,78,1,10409,0.0009999999999998899
2743999,2890,3186,127813,3122,3888,126908,18,19858,74,1,10410,0.001000000000000334
2744999,2918,3299,127852,3236,3903,126775,19,19860,78,1,10411,0.0009999999999998899
2745999,2825,3189,127864,3065,3901,126830,19,19859,78,1,10412,0.0009999999999998899
2746999,2905,3265,127890,3164,3890,126915,18,19859,78,1,10413,0.0009999999999998899
2747999,2903,3226,127835,3196,3926,126930,19,19860,74,1,10414,0.001000000000000334
2749000,2824,3222,127873,3100,3972,126874,19,19859,78,1,10415,0.0010009999999995856
2749999,2873,3189,127872,3118,3862,127000,19,19859,78,1,10416,0.0009990000000001942
2750999,3028,3186,127860,3138,3906,126844,19,19859,78,1,10417,0.0009999999999998899
2751999,2851,3230,127964,3125,3935,126950,20,19860,82,1,10418,0.001000000000000334
2752999,2952,3249,127863,3041,3946,127114,19,19860,82,1,10419,0.0009999999999998899
2753999,2909,3184,127825,3165,3913,127156,19,19860,78,1,10420,0.0009999999999998899
2754999,2915,3162,127991,150678,3937,126954,19,19860,78,1,10421,0.0009999999999998899
2755999,2858,3190,128053,3088,3826,126992,19,19860,78,1,10422,0.001000000000000334
2756999,2944,3295,127931,3112,3994,127002,17,19860,70,1,10423,0.0009999999999998899
2758001,2910,3230,127956,3105,3901,127077,17,19860,70,1,10424,0.0010019999999997253
2759000,2924,3239,128005,3008,4037,127002,18,19860,70,1,10425,0.0009990000000001942
2759999,2815,3220,127900,3162,3977,126987,19,19860,74,1,10426,0.0009990000000001942
2761002,2974,3236,127982,3162,3972,126800,19,19858,78,1,10427,0.0010029999999998651
2762002,2956,3277,127867,3082,3803,127024,18,19860,74,1,10428,0.0009999999999998899
2762999,2905,3144,127990,3055,3853,126796,20,19860,82,1,10429,0.0009969999999999146
2764002,2871,3204,127899,3179,3912,127004,19,19860,78,1,10430,0.0010030000000003092
2764999,2877,3239,127993,3011,3946,126993,21,19860,86,1,10431,0.0009969999999999146
2765999,2825,3166,127929,3119,3925,126953,19,19861,86,1,10432,0.0009999999999998899
2766999,2917,3274,127824,3090,3953,126994,20,19859,78,1,10433,0.0009999999999998899
2767999,2851,3269,128060,3072,3884,126936,20,19859,82,1,10434,0.0009999999999998899
2768999,2902,3214,127877,2985,3911,127038,18,19858,74,1,10435,0.001000000000000334
2769999,2797,3209,127825,3047,3844,126961,19,19859,78,1,10436,0.0009999999999998899
2770999,2971,3206,127975,158870,3966,126960,19,19859,78,1,10437,0.0009999999999998899
2772002,2930,3132,127913,3086,3922,126878,18,19860,78,1,10438,0.0010030000000003092
2772999,2843,3247,127868,3026,3867,126819,19,19859,74,1,10439,0.0009969999999999146
2773999,2809,3217,127988,3116,3844,126821,19,19860,78,1,10440,0.0009999999999998899
2774999,2845,3228,127884,3098,3899,126953,19,19861,78,1,10441,0.0009999999999998899
2775999,2806,3208,127951,3113,3858,126982,19,19860,78,1,10442,0.0009999999999998899
2776999,2933,3199,127909,3146,3855,126851,20,19860,82,1,10443,0.001000000000000334
2778001,2905,3217,128019,3080,3877,126931,18,19859,82,1,10444,0.0010019999999997253
2779001,2895,3291,127783,3076,3902,126910,19,19860,74,1,10445,0.001000000000000334
2779999,2980,3233,127822,3068,3856,126916,19,19859,78,1,10446,0.0009979999999996103
2780999,2935,3198,127853,3193,3992,126811,19,19860,78,1,10447,0.001000000000000334
2781999,2861,3240,127909,3096,3882,127067,20,19861,82,1,10448,0.0009999999999998899
2782999,2840,3198,127896,3121,3889,126895,19,19860,78,1,10449,0.0009999999999998899
2783999,2842,3210,127863,3067,3852,127004,20,19860,78,1,10450,0.0009999999999998899
2784999,2781,3198,128002,3172,3964,127003,18,19860,82,1,10451,0.001000000000000334
2785999,2924,3303,127927,3177,3877,126822,18,19860,74,1,10452,0.0009999999999998899
2787001,2953,3283,127951,3106,3880,126932,20,19860,82,1,10453,0.0010020000000001694
2787999,2942,3146,127926,3185,3894,126950,20,19860,82,1,10454,0.0009979999999996103
2788999,2947,3188,127833,3078,3957,126899,18,19859,74,1,10455,0.001000000000000334
2789999,3000,3192,127872,3108,3855,126931,18,19859,74,1,10456,0.0009999999999998899
2791000,2908,3182,127868,3076,3989,126959,20,19860,74,1,10457,0.0010010000000000296
2791999,2927,3238,127997,3090,4004,127063,20,19859,82,1,10458,0.00099899999999975
2793000,2856,3227,127781,3052,3912,126916,19,19860,78,1,10459,0.0010010000000000296
2793999,2914,3358,127846,3055,3998,126968,19,19860,78,1,10460,0.0009990000000001942
2794999,2920,3221,127986,3130,3874,126941,19,19860,78,1,10461,0.0009999999999998899
2796000,2886,3237,127898,3041,3935,126981,19,19860,78,1,10462,0.0010010000000000296
2796999,2888,3220,127743,3157,3875,126972,20,19860,78,1,10463,0.0009990000000001942
2798000,2872,3303,127843,3031,3875,127040,20,19860,82,1,10464,0.0010010000000000296
2798999,2827,3174,128000,3233,3853,126907,21,19859,86,1,10465,0.00099899999999975
2800000,2910,3255,127957,3003,3924,127040,19,19861,78,1,10466,0.0010010000000000296
2800999,2971,3183,128035,3116,3865,126961,18,19860,74,1,10467,0.0009990000000001942
2801999,2888,3179,127857,3109,3916,126865,18,19860,74,1,10468,0.0009999999999998899
2802999,2868,3282,127941,3080,3857,126929,19,19859,74,1,10469,0.0009999999999998899
2804000,2864,3232,127965,3076,3935,127033,19,19860,78,1,10470,0.0010010000000000296
2805000,2862,3210,128054,3109,3924,127074,18,19859,74,1,10471,0.0009999999999998899
2805999,2896,3206,127927,2997,4017,126846,20,19859,82,1,10472,0.0009990000000001942
2806999,2903,3130,127928,3108,3868,126932,19,19859,78,1,10473,0.0009999999999998899
2807999,2847,3206,127916,3067,3941,126852,21,19859,86,1,10474,0.0009999999999998899
2808999,2897,3215,128059,3102,3949,126976,18,19859,86,1,10475,0.001000000000000334
2809999,2884,3287,128034,3131,3923,127041,20,19859,74,1,10476,0.0009999999999998899
2811000,2814,3128,128000,3160,3910,126996,20,19860,82,1,10477,0.0010010000000000296
2811999,2987,3232,128003,3109,3993,126893,19,19860,78,1,10478,0.00099899999999975
2813002,2957,3224,127802,3078,3922,126916,19,19860,78,1,10479,0.0010030000000003092
2813999,2900,3305,128044,3153,3923,126987,19,19860,78,1,10480,0.0009969999999999146
2814999,2836,3305,127856,3188,3924,126983,19,19860,78,1,10481,0.0009999999999998899
2815999,2850,3243,128026,3053,3911,126825,19,19859,78,1,10482,0.0009999999999998899
2816999,2943,3165,127915,3193,4023,126927,19,19860,78,1,10483,0.001000000000000334
2817999,2863,3176,128003,3104,3880,126900,18,19858,74,1,10484,0.0009999999999998899
2818999,2838,3244,127724,3047,3887,126952,18,19861,74,1,10485,0.0009999999999998899
2819999,2962,3222,127866,3078,3983,126952,19,19861,78,1,10486,0.0009999999999998899
2820999,2959,3221,127887,3155,3831,126738,21,19861,78,1,10487,0.001000000000000334
2821999,2892,3147,127785,3190,3873,126831,19,19860,86,1,10488,0.0009999999999998899
2822999,2757,3235,127934,3076,3942,127020,19,19859,78,1,10489,0.0009999999999998899
2823999,2957,3176,127832,3072,3886,126890,20,19860,82,1,10490,0.0009999999999998899
2825001,2914,3249,127801,3119,3909,126990,19,19860,78,1,10491,0.0010020000000001694
2825999,2832,3245,127950,2950,3876,126862,18,19860,74,1,10492,0.0009980000000000544
2826999,2939,3260,127872,3028,3955,126946,21,19860,74,1,10493,0.0009999999999998899
2827999,2788,3249,127872,3160,3903,126914,20,19860,86,1,10494,0.0009999999999998899
2828999,2876,3158,127925,3057,3909,126881,20,19859,82,1,10495,0.001000000000000334
2829999,2908,3273,127966,3101,3891,126856,20,19860,82,1,10496,0.0009999999999998899
2830999,2972,3277,127954,2965,3915,126868,20,19860,82,1,10497,0.0009999999999998899
2832001,2941,3251,128031,3198,3977,126894,20,19861,82,1,10498,0.0010020000000001694
2832999,2903,3344,127885,3132,3966,127019,20,19861,82,1,10499,0.0009980000000000544
2833999,2895,3278,127835,158870,3921,126980,18,19861,82,1,10500,0.0009999999999998899
2834999,2916,3221,128040,3124,3867,126997,18,19860,74,1,10501,0.0009999999999998899
2835999,2867,3231,127975,2970,3921,127026,18,19860,74,1,10502,0.0009999999999998899
2836999,2942,3199,127983,3092,3864,127064,19,19860,78,1,10503,0.001000000000000334
2837999,2844,3222,127906,3106,3958,126952,18,19860,74,1,10504,0.0009999999999998899
2838999,2913,3258,127990,3117,3901,126985,18,19860,74,1,10505,0.0009999999999998899
2839999,2768,3231,127941,3109,3945,127034,20,19861,74,1,10506,0.0009999999999998899
2840999,2920,3275,127853,3013,3964,127089,20,19860,82,1,10507,0.001000000000000334
2842000,2848,3156,127898,3087,3833,127024,18,19858,74,1,10508,0.0010010000000000296
2843001,2936,3225,127881,3076,3920,126994,19,19861,78,1,10509,0.0010009999999995856
2843999,2809,3250,127949,3155,3875,127005,19,19860,78,1,10510,0.0009980000000000544
2845000,2964,3160,127882,2901,3996,126934,21,19860,78,1,10511,0.0010010000000000296
2846001,2801,3215,127959,3113,3858,126925,19,19861,86,1,10512,0.0010010000000000296
2846999,2816,3172,127933,3070,3903,126962,19,19859,78,1,10513,0.0009980000000000544
2848001,2804,3208,127809,3126,3819,127005,19,19860,78,1,10514,0.0010020000000001694
2849001,2883,3276,127885,3055,3848,126934,21,19860,86,1,10515,0.0009999999999998899
2850002,2882,3204,127968,158870,3852,126905,19,19860,78,1,10516,0.0010010000000000296
2851001,2894,3270,127868,3066,3902,126916,20,19860,82,1,10517,0.00099899999999975
2851999,2876,3138,127800,3157,3808,127071,18,19860,82,1,10518,0.0009980000000000544
2852999,2880,3262,127813,3118,3994,126922,20,19860,74,1,10519,0.001000000000000334
2853999,2922,3205,127821,3161,3826,126890,20,19858,82,1,10520,0.0009999999999998899
2854999,2879,3182,127871,3045,4003,126912,20,19860,82,1,10521,0.0009999999999998899
2855999,2838,3238,127923,3130,3858,126960,20,19858,82,1,10522,0.0009999999999998899
2856999,2953,3255,127860,3093,3835,126997,18,19858,74,1,10523,0.001000000000000334
2857999,2854,3179,127920,3036,3911,127019,21,19861,74,1,10524,0.0009999999999998899
2858999,2911,3226,128057,3039,3949,126841,19,19859,86,1,10525,0.0009999999999998899
2859999,2864,3244,127813,3171,3911,127042,19,19861,78,1,10526,0.0009999999999998899
2860999,2865,3329,127899,3125,3960,126832,19,19860,78,1,10527,0.001000000000000334
2861999,2932,3157,127885,3156,3870,126984,20,19859,82,1,10528,0.0009999999999998899
2862999,2992,3173,127836,3196,3856,126859,21,19859,86,1,10529,0.0009999999999998899
2863999,2988,3106,127833,3016,3923,126858,18,19861,86,1,10530,0.0009999999999998899
2865001,3022,3170,127849,3156,3876,127052,20,19860,74,1,10531,0.0010020000000001694
2865999,2843,3221,127892,157846,3881,126954,20,19859,82,1,10532,0.0009980000000000544
2867000,2888,3219,127947,3042,3947,126940,17,19860,70,1,10533,0.0010010000000000296
2868000,2967,3285,127884,3106,3866,126858,19,19861,78,1,10534,0.0009999999999998899
2868999,2886,3248,127940,3158,3936,126903,19,19860,78,1,10535,0.0009990000000001942
2869999,2886,3233,127947,3069,4041,127032,19,19860,78,1,10536,0.0009999999999998899
2870999,2877,3241,127896,3202,3941,126791,18,19860,78,1,10537,0.0009999999999998899
2871999,2835,3253,127953,3059,3943,126923,18,19860,74,1,10538,0.0009999999999998899
2872999,2967,3284,127885,3085,3895,126951,18,19860,74,1,10539,0.001000000000000334
2874000,2993,3241,127912,3122,3992,126982,19,19860,78,1,10540,0.0010009999999995856
2874999,2942,3214,128009,3059,3943,126939,19,19859,78,1,10541,0.0009990000000001942
2875999,2887,3259,127917,2938,3911,126852,20,19859,78,1,10542,0.0009999999999998899
2876999,2890,3219,127927,3127,3977,126889,18,19860,82,1,10543,0.001000000000000334
2877999,2824,3236,128032,2989,3972,126880,18,19860,74,1,10544,0.0009999999999998899
2878999,2907,3137,128025,3109,3930,126881,19,19860,78,1,10545,0.0009999999999998899
2879999,2919,3247,127847,3203,3849,127005,19,19861,78,1,10546,0.0009999999999998899
2880999,2791,3220,127818,3069,3942,126906,19,19860,78,1,10547,0.001000000000000334
2881999,2951,3248,127823,3046,3953,127120,17,19860,78,1,10548,0.0009999999999998899
2883001,2823,3191,127812,3185,3904,126939,19,19860,70,1,10549,0.0010019999999997253
2883999,2932,3298,127997,3011,3880,126887,19,19859,78,1,10550,0.0009980000000000544
2884999,2814,3257,127906,3054,3974,127051,17,19860,70,1,10551,0.001000000000000334
2886000,2949,3277,128057,3009,3913,126834,20,19859,82,1,10552,0.0010009999999995856
2887002,2872,3277,127879,3081,3958,126883,20,19859,82,1,10553,0.0010020000000001694
2888001,2943,3203,127940,2968,3881,126824,17,19859,82,1,10554,0.0009990000000001942
2889001,2886,3280,127894,3114,3953,126990,18,19860,70,1,10555,0.0009999999999998899
2889999,2881,3183,127951,3042,3956,126989,18,19858,74,1,10556,0.0009980000000000544
2890999,2863,3227,127948,3144,3941,126930,18,19859,74,1,10557,0.0009999999999998899
2891999,2911,3252,127918,3125,3974,126827,18,19860,74,1,10558,0.0009999999999998899
2892999,2842,3206,127927,3207,3887,127054,18,19859,74,1,10559,0.0009999999999998899
2893999,2868,3331,127942,2968,3972,126903,18,19859,74,1,10560,0.001000000000000334
2894999,2900,3166,127991,3067,3893,126891,20,19860,74,1,10561,0.0009999999999998899
2896000,2936,3270,128026,3104,3966,126905,20,19859,82,1,10562,0.0010010000000000296
2896999,2953,3194,127874,3122,3903,126939,18,19861,74,1,10563,0.00099899999999975
2897999,2980,3265,127955,3026,3866,126986,19,19860,78,1,10564,0.001000000000000334
2898999,2943,3254,127906,3281,3916,126881,18,19861,74,1,10565,0.0009999999999998899
2900001,2877,3210,127903,3127,3795,126889,18,19861,74,1,10566,0.0010020000000001694
2900999,2937,3235,127874,3096,3994,126894,18,19860,74,1,10567,0.0009979999999996103
2901999,2970,3291,127838,2984,3957,126997,20,19859,74,1,10568,0.001000000000000334
2902999,2835,3216,127931,3118,3930,126951,20,19859,82,1,10569,0.0009999999999998899
2903999,2857,3277,127877,3107,3823,126858,18,19860,74,1,10570,0.0009999999999998899
2904999,2920,3218,127856,3190,3927,126959,19,19860,78,1,10571,0.0009999999999998899
2905999,2875,3263,127907,3150,3928,127008,20,19860,82,1,10572,0.001000000000000334
2906999,2880,3239,127952,3156,3874,126967,18,19861,82,1,10573,0.0009999999999998899
2907999,2824,3240,127991,3121,3906,127004,20,19860,74,1,10574,0.0009999999999998899
2908999,2845,3293,127897,3055,3970,127027,20,19860,82,1,10575,0.0009999999999998899
2909999,2854,3231,127850,3101,3949,126907,18,19860,74,1,10576,0.001000000000000334
2910999,2909,3172,127790,3086,3862,126951,19,19859,78,1,10577,0.0009999999999998899
2911999,2960,3237,127821,3006,3870,127024,19,19859,78,1,10578,0.0009999999999998899
2912999,2935,3215,127866,2984,3876,126974,20,19859,78,1,10579,0.0009999999999998899
2913999,2753,3230,127887,3142,3803,126980,18,19859,82,1,10580,0.001000000000000334
2915002,2907,3210,127925,2977,3921,126802,18,19859,74,1,10581,0.0010029999999998651
2916001,2937,3171,127917,3128,3926,126915,19,19859,78,1,10582,0.0009990000000001942
2916999,2816,3250,128117,3069,3975,126888,18,19859,74,1,10583,0.0009979999999996103
2917999,2891,3280,127812,3053,3895,127026,18,19858,74,1,10584,0.001000000000000334
2918999,2953,3257,127910,3082,3896,126967,17,19858,74,1,10585,0.0009999999999998899
2919999,2814,3208,127950,3214,3921,127017,18,19859,70,1,10586,0.0009999999999998899
2921002,2830,3270,127833,3043,3855,127034,18,19860,74,1,10587,0.0010029999999998651
2922001,2844,3218,127762,3137,3975,126924,20,19859,82,1,10588,0.0009990000000001942
2923001,2955,3256,127837,2996,3829,126963,19,19860,78,1,10589,0.0009999999999998899
2923999,2871,3128,127940,3057,3841,127007,18,19861,74,1,10590,0.0009980000000000544
2924999,2899,3328,127876,3095,3942,127021,20,19861,74,1,10591,0.0009999999999998899
2925999,2894,3260,127948,3269,3876,126934,19,19858,82,1,10592,0.001000000000000334
2926999,2843,3220,127995,3102,3921,126920,19,19859,78,1,10593,0.0009999999999998899
2927999,2890,3215,127826,3046,3955,126923,19,19859,78,1,10594,0.0009999999999998899
2928999,2796,3242,127877,150678,3906,126851,19,19860,78,1,10595,0.0009999999999998899
2929999,2922,3151,127916,3160,3939,126855,19,19860,78,1,10596,0.001000000000000334
2931001,2855,3353,127985,3128,3915,126870,18,19860,78,1,10597,0.0010019999999997253
2931999,2831,3301,127872,3163,3882,126872,19,19860,74,1,10598,0.0009980000000000544
2932999,2876,3118,127951,3113,3934,127021,19,19860,78,1,10599,0.0009999999999998899
2933999,2901,3130,127953,3097,3830,126951,20,19859,82,1,10600,0.001000000000000334
2934999,2905,3257,127971,3066,3977,126979,20,19861,82,1,10601,0.0009999999999998899
2936000,2962,3218,127836,3047,3894,126986,19,19860,78,1,10602,0.0010010000000000296
2936999,2909,3276,127893,3139,3938,126856,20,19860,78,1,10603,0.00099899999999975
2938001,2866,3242,127959,3126,3865,126884,18,19860,82,1,10604,0.0010020000000001694
2939001,2917,3342,127836,3160,3900,126881,18,19859,74,1,10605,0.0009999999999998899
2939999,2883,3126,127902,3161,3846,126980,19,19859,78,1,10606,0.0009980000000000544
2940999,2951,3217,127851,2992,3907,126936,19,19860,78,1,10607,0.0009999999999998899
2941999,2952,3169,127875,3211,3857,126975,18,19860,74,1,10608,0.001000000000000334
2942999,2876,3279,127996,3095,3907,126811,19,19860,78,1,10609,0.0009999999999998899
2943999,2871,3250,128039,3141,3971,126971,18,19860,78,1,10610,0.0009999999999998899
2944999,2846,3215,127772,150678,3861,126802,19,19860,74,1,10611,0.0009999999999998899
2945999,2895,3258,127952,3139,3950,127013,19,19861,78,1,10612,0.001000000000000334
2946999,2915,3249,127818,3136,3922,126979,17,19860,70,1,10613,0.0009999999999998899
2947999,2874,3234,127880,3183,3815,127023,17,19859,70,1,10614,0.0009999999999998899
2948999,2912,3238,127779,3159,3943,126993,19,19859,78,1,10615,0.0009999999999998899
2949999,2983,3131,127898,3104,3879,126957,18,19860,78,1,10616,0.001000000000000334
2950999,2799,3141,127957,3112,3923,127054,16,19863,74,1,10617,0.0009999999999998899
2952001,2840,3244,127769,3049,3918,126977,16,19859,66,1,10618,0.0010019999999997253
2952999,2865,3290,127954,3096,3922,126880,18,19861,74,1,10619,0.0009980000000000544
2954000,2867,3233,127875,2991,3968,126941,17,19859,70,1,10620,0.0010010000000000296
2954999,2889,3312,127931,3034,3842,126806,19,19859,78,1,10621,0.0009990000000001942
2955999,3065,3184,127862,3056,3943,126934,18,19859,78,1,10622,0.0009999999999998899
2956999,2876,3241,127860,3028,3943,126966,18,19860,74,1,10623,0.0009999999999998899
2957999,2846,3244,127840,2968,3915,126941,18,19861,74,1,10624,0.001000000000000334
2958999,2968,3323,127950,3102,3954,126962,18,19861,74,1,10625,0.0009999999999998899
2959999,2952,3258,127934,3123,3969,126975,19,19860,78,1,10626,0.0009999999999998899
2960999,2870,3225,127860,149654,3870,126978,18,19859,74,1,10627,0.0009999999999998899
2961999,2857,3311,127941,3112,3883,126881,18,19859,74,1,10628,0.001000000000000334
2962999,2860,3148,127950,3158,3927,126997,19,19861,74,1,10629,0.0009999999999998899
2963999,2837,3196,127810,3116,3911,126949,19,19861,78,1,10630,0.0009999999999998899
2964999,2966,3303,127935,3183,3951,126855,18,19860,74,1,10631,0.0009999999999998899
2965999,3007,3284,127896,3084,3917,126944,17,19860,70,1,10632,0.001000000000000334
2966999,2878,3272,127965,3134,3904,126916,19,19862,78,1,10633,0.0009999999999998899
2967999,2994,3316,127783,3028,3897,127018,18,19862,78,1,10634,0.0009999999999998899
2968999,2846,3258,127886,3113,3919,126929,18,19861,74,1,10635,0.0009999999999998899
2969999,2937,3266,127908,3025,3938,126940,18,19860,74,1,10636,0.001000000000000334
2970999,2963,3308,127767,3078,3865,126999,19,19860,78,1,10637,0.0009999999999998899
2971999,2785,3212,127815,3001,4030,127015,18,19860,74,1,10638,0.0009999999999998899
2972999,2913,3134,127858,3178,3990,126921,19,19861,78,1,10639,0.0009999999999998899
2973999,2912,3251,127869,3111,3937,126912,17,19861,78,1,10640,0.001000000000000334
2975001,2889,3222,127903,3191,3887,126926,17,19861,70,1,10641,0.0010019999999997253
2975999,2873,3278,127938,3165,3799,127164,17,19862,70,1,10642,0.0009980000000000544
2976999,2893,3155,127972,3138,3935,126808,17,19860,70,1,10643,0.0009999999999998899
2977999,2834,3243,127840,3109,3945,126810,19,19860,78,1,10644,0.001000000000000334
2978999,2863,3183,127806,3201,3948,126892,19,19861,78,1,10645,0.0009999999999998899
2979999,2937,3245,127835,3134,3941,126918,18,19861,78,1,10646,0.0009999999999998899
2981000,2924,3278,127911,3132,3909,127012,20,19861,74,1,10647,0.0010010000000000296
2981999,2942,3281,127796,2942,3861,126962,20,19859,82,1,10648,0.0009990000000001942
2982999,2909,3132,127954,3133,3847,126949,18,19860,74,1,10649,0.0009999999999998899
2984000,2822,3241,127928,3039,4031,126919,18,19860,74,1,10650,0.0010010000000000296
2984999,2928,3268,127795,3189,3942,126891,17,19859,70,1,10651,0.00099899999999975
2985999,2885,3254,128016,3004,3922,126944,16,19859,66,1,10652,0.001000000000000334
2986999,2935,3222,127905,3032,3856,126836,17,19860,66,1,10653,0.0009999999999998899
2988000,2890,3164,127822,3157,3959,126982,17,19860,70,1,10654,0.0010010000000000296
2988999,2868,3195,127988,3068,3818,126956,17,19861,70,1,10655,0.00099899999999975
2989999,2831,3228,127924,3057,4007,127070,18,19861,74,1,10656,0.001000000000000334
2990999,2927,3235,127907,3129,3942,127037,19,19859,78,1,10657,0.0009999999999998899
2991999,2881,3263,127920,3037,3940,127054,18,19859,74,1,10658,0.0009999999999998899
2992999,2803,3271,127836,3064,3906,126907,17,19861,74,1,10659,0.0009999999999998899
2993999,2892,3146,127867,3143,3852,126826,18,19860,70,1,10660,0.001000000000000334
2994999,2967,3153,127944,3090,3802,126905,18,19860,74,1,10661,0.0009999999999998899
2995999,2863,3224,128038,3111,3870,126973,17,19862,70,1,10662,0.0009999999999998899
2996999,2855,3259,127938,3103,3986,126871,18,19860,74,1,10663,0.0009999999999998899
2997999,2827,3192,127875,3095,3899,126862,18,19860,74,1,10664,0.001000000000000334
2998999,2926,3281,127989,2971,3908,126881,18,19860,74,1,10665,0.0009999999999998899
2999999,2776,3224,127991,3112,3945,127129,20,19861,74,1,10666,0.0009999999999998899
3000999,2944,3236,127918,2996,3898,126964,20,19860,82,1,10667,0.0009999999999998899
3001999,2844,3236,127890,3109,3858,126909,18,19862,74,1,10668,0.001000000000000334
3002999,2940,3165,127983,3005,3987,126899,17,19860,70,1,10669,0.0009999999999998899
3003999,2887,3241,128027,3067,3769,126910,18,19860,74,1,10670,0.0009999999999998899
3005000,2852,3233,127850,3054,3991,126980,18,19860,74,1,10671,0.0010010000000000296
3005999,2836,3237,127862,3157,3889,127000,19,19860,74,1,10672,0.00099899999999975
3006999,2820,3200,127997,3008,3834,127005,19,19860,78,1,10673,0.001000000000000334
3007999,2943,3195,127951,3075,3918,126981,19,19860,78,1,10674,0.0009999999999998899
3009000,2851,3227,127921,2968,3930,126978,17,19860,70,1,10675,0.0010010000000000296
3009999,2890,3157,128024,3051,3829,127047,18,19860,74,1,10676,0.00099899999999975
3010999,2928,3349,127838,3051,3914,127032,18,19860,74,1,10677,0.001000000000000334
3012000,2903,3123,127903,3193,3842,127031,17,19860,74,1,10678,0.0010010000000000296
3012999,2878,3191,127902,3089,3935,126859,17,19861,70,1,10679,0.00099899999999975
3013999,2780,3198,127872,3066,3911,126889,19,19860,78,1,10680,0.0009999999999998899
3014999,2942,3188,127993,3052,3894,126966,18,19860,74,1,10681,0.001000000000000334
3016001,2788,3223,127879,3049,3898,126967,17,19861,70,1,10682,0.0010019999999997253
3016999,2903,3264,128008,3072,3919,126984,18,19861,70,1,10683,0.0009980000000000544
3018001,2906,3213,127911,3150,3956,126929,20,19860,74,1,10684,0.0010020000000001694
3018999,2886,3192,127830,3047,3975,126933,20,19858,82,1,10685,0.0009980000000000544
3019999,2911,3222,127873,3192,3939,127048,19,19861,78,1,10686,0.0009999999999998899
3021000,2861,3229,127824,3090,3958,126948,18,19860,74,1,10687,0.0010010000000000296
3021999,2890,3218,127895,3089,3979,126945,17,19860,70,1,10688,0.00099899999999975
3022999,2955,3232,127947,3090,3982,126922,18,19860,70,1,10689,0.001000000000000334
3023999,2870,3131,127919,149654,3865,127052,19,19860,74,1,10690,0.0009999999999998899
3024999,2789,3254,127813,3010,3930,126969,19,19860,78,1,10691,0.0009999999999998899
3026001,2890,3313,127911,3183,3874,127013,18,19861,74,1,10692,0.0010020000000001694
3026999,2942,3272,127870,3161,3976,126939,19,19861,78,1,10693,0.0009980000000000544
3027999,2799,3215,127825,3113,3888,127058,18,19859,74,1,10694,0.0009999999999998899
3028999,2906,3219,127889,3044,3853,126888,17,19859,70,1,10695,0.0009999999999998899
3030002,2962,3190,127888,3200,3833,126891,17,19860,70,1,10696,0.0010030000000003092
3030999,2847,3178,127884,3089,3924,126949,17,19860,70,1,10697,0.0009969999999999146
3031999,2845,3204,127958,3151,3934,126871,18,19859,74,1,10698,0.0009999999999998899
3032999,2891,3200,127927,3044,3945,126782,18,19861,74,1,10699,0.0009999999999998899
3033999,3017,3221,127880,3130,3815,126954,18,19859,74,1,10700,0.0009999999999998899
3034999,2824,3296,127995,3025,3869,126897,18,19859,74,1,10701,0.001000000000000334
3036000,2917,3251,127738,3115,3959,126895,19,19859,74,1,10702,0.0010010000000000296
3037000,2919,3330,127952,3037,3933,126964,18,19861,78,1,10703,0.0009999999999998899
3037999,2851,3305,127940,3111,3938,126924,18,19861,74,1,10704,0.00099899999999975
3038999,2884,3209,127909,3109,3942,126841,19,19860,78,1,10705,0.001000000000000334
3039999,2997,3209,127938,157846,4003,126869,18,19860,74,1,10706,0.0009999999999998899
3040999,2874,3237,127914,3163,3891,126890,16,19860,66,1,10707,0.0009999999999998899
3042000,2969,3270,127863,2995,3915,127018,17,19860,66,1,10708,0.0010010000000000296
3042999,2942,3306,127832,3137,3984,126950,18,19860,70,1,10709,0.0009990000000001942
3043999,2924,3331,127932,3106,3903,126952,18,19861,74,1,10710,0.0009999999999998899
3044999,2894,3343,127909,3181,3948,127015,18,19860,74,1,10711,0.0009999999999998899
3045999,2979,3215,127960,3136,3934,126984,18,19862,74,1,10712,0.0009999999999998899
3046999,2879,3210,127927,3071,3960,126821,17,19862,70,1,10713,0.001000000000000334
3047999,2959,3309,127972,3060,3982,126877,18,19860,70,1,10714,0.0009999999999998899
3049000,2865,3226,127896,3112,3904,126948,19,19860,74,1,10715,0.0010010000000000296
3049999,2832,3283,127945,3101,3867,127037,19,19861,78,1,10716,0.00099899999999975
3050999,2769,3219,127885,3186,4044,126922,18,19861,74,1,10717,0.001000000000000334
3051999,2972,3190,127918,3003,3956,126844,18,19860,74,1,10718,0.0009999999999998899
3052999,2875,3141,127886,3154,3823,126881,17,19861,70,1,10719,0.0009999999999998899
3054000,2867,3341,127850,3036,4008,126890,18,19861,70,1,10720,0.0010010000000000296
3054999,2984,3261,127905,3092,3958,126855,17,19859,74,1,10721,0.0009990000000001942
3055999,2859,3197,127852,149654,3935,126847,17,19860,70,1,10722,0.0009999999999998899
3056999,2855,3191,127764,3051,3962,127041,18,19860,74,1,10723,0.0009999999999998899
3057999,2933,3302,127828,3006,3861,126838,19,19860,78,1,10724,0.0009999999999998899
3058999,2960,3305,128019,3149,3931,126917,17,19860,70,1,10725,0.001000000000000334
3059999,2882,3200,127941,3058,3896,127064,19,19860,70,1,10726,0.0009999999999998899
3060999,2831,3190,127834,3080,3882,126885,17,19860,78,1,10727,0.0009999999999998899
3061999,2919,3290,127858,3028,3918,126969,17,19860,70,1,10728,0.0009999999999998899
3062999,2938,3158,127930,3223,3878,126822,18,19860,74,1,10729,0.001000000000000334
3063999,2832,3268,127967,3123,3868,126934,20,19860,82,1,10730,0.0009999999999998899
3064999,2983,3233,127820,3165,3863,126975,19,19861,78,1,10731,0.0009999999999998899
3065999,2861,3202,127792,3037,3979,126878,19,19861,78,1,10732,0.0009999999999998899
3066999,2824,3236,127848,3128,3871,126838,18,19861,78,1,10733,0.001000000000000334
3067999,2867,3164,127822,3056,3926,126930,18,19861,74,1,10734,0.0009999999999998899
3068999,2860,3187,128009,3158,3948,127021,18,19860,74,1,10735,0.0009999999999998899
3069999,2934,3163,127906,3040,3954,127014,18,19859,74,1,10736,0.0009999999999998899
3070999,2795,3160,127996,3179,3872,126962,18,19860,74,1,10737,0.001000000000000334
3071999,2790,3309,127871,2996,3962,126964,15,19860,74,1,10738,0.0009999999999998899
3072999,2947,3216,127904,3118,3873,127040,18,19860,61,1,10739,0.0009999999999998899
3074000,2906,3236,127980,3022,3844,126825,18,19860,74,1,10740,0.0010010000000000296
3074999,2808,3199,128008,3082,3868,126984,18,19860,74,1,10741,0.0009990000000001942
3075999,2941,3277,127929,3099,3973,126834,17,19860,70,1,10742,0.0009999999999998899
3077002,2967,3175,128012,3090,3902,127012,17,19860,70,1,10743,0.0010029999999998651
3077999,2957,3150,127979,2992,3923,127002,18,19860,74,1,10744,0.0009969999999999146
3078999,2862,3264,127887,3139,3899,127163,18,19861,74,1,10745,0.001000000000000334
3079999,2846,3293,127964,2995,3960,126869,19,19859,74,1,10746,0.0009999999999998899
3080999,2793,3186,127866,3125,3866,127095,19,19860,78,1,10747,0.0009999999999998899
3081999,2843,3261,127852,3134,3875,127032,18,19861,74,1,10748,0.0009999999999998899
3083001,2859,3132,127800,3097,3950,126913,17,19861,70,1,10749,0.0010020000000001694
3083999,2865,3253,127960,3163,3949,126916,19,19861,78,1,10750,0.0009980000000000544
3084999,2908,3222,127948,3066,3861,126999,18,19860,78,1,10751,0.0009999999999998899
3085999,2905,3182,127833,3045,3978,126963,19,19858,74,1,10752,0.0009999999999998899
3086999,2892,3256,127841,3070,3882,126993,19,19859,78,1,10753,0.001000000000000334
3088001,2888,3200,127993,3145,3954,126904,17,19861,70,1,10754,0.0010019999999997253
3088999,2913,3342,127879,3127,3958,126979,18,19860,74,1,10755,0.0009980000000000544
3089999,2923,3287,127884,3070,3825,126977,18,19860,74,1,10756,0.0009999999999998899
3090999,2881,3207,127918,3052,3942,126957,17,19860,74,1,10757,0.001000000000000334
3091999,2838,3251,127761,3119,3891,127010,18,19859,70,1,10758,0.0009999999999998899
3092999,2895,3303,127768,2986,3955,126946,18,19861,74,1,10759,0.0009999999999998899
3093999,2863,3191,127873,3082,3913,127012,17,19859,70,1,10760,0.0009999999999998899
3095000,2917,3175,127899,3115,3975,127000,20,19861,82,1,10761,0.0010010000000000296
3096002,2925,3240,128068,3197,3925,126924,17,19860,70,1,10762,0.0010020000000001694
3096999,2877,3299,127865,3072,3965,126798,18,19860,70,1,10763,0.0009969999999999146
3098001,2826,3126,127817,3117,3881,126927,19,19861,74,1,10764,0.0010020000000001694
3099001,2893,3279,127967,2981,3893,127040,19,19860,78,1,10765,0.0009999999999998899
3100001,2855,3197,127777,3102,3925,126972,19,19861,78,1,10766,0.0009999999999998899
3100999,2926,3249,127875,3043,3966,126823,18,19860,74,1,10767,0.0009980000000000544
3101999,2949,3228,127804,3077,3762,126858,18,19860,74,1,10768,0.0009999999999998899
3102999,2956,3201,127739,3060,3912,126863,18,19860,74,1,10769,0.001000000000000334
3103999,2907,3204,127886,3182,3942,126896,17,19861,74,1,10770,0.0009999999999998899
3104999,2921,3174,127948,3092,3911,127035,17,19859,70,1,10771,0.0009999999999998899
3105999,2831,3201,127792,3047,3919,126899,18,19861,74,1,10772,0.0009999999999998899
3106999,2863,3327,127943,3054,3981,126776,18,19861,74,1,10773,0.001000000000000334
3107999,2875,3268,127853,3170,4018,127063,19,19862,78,1,10774,0.0009999999999998899
3108999,2855,3207,127775,3011,4004,126972,19,19862,78,1,10775,0.0009999999999998899
3109999,3042,3143,127962,3097,3845,127017,17,19860,78,1,10776,0.0009999999999998899
3110999,2933,3282,127987,3171,3945,126924,17,19860,70,1,10777,0.001000000000000334
3111999,2918,3229,127900,3075,3829,127011,18,19860,74,1,10778,0.0009999999999998899
3112999,2924,3205,127890,2996,3958,126897,18,19860,74,1,10779,0.0009999999999998899
3113999,2879,3224,127955,3092,3958,127023,18,19860,74,1,10780,0.0009999999999998899
3114999,2895,3306,127819,3123,3903,126971,18,19860,74,1,10781,0.001000000000000334
3115999,2898,3244,127940,3133,3961,127005,18,19860,74,1,10782,0.0009999999999998899
3116999,3014,3252,127946,3017,3903,126902,18,19860,74,1,10783,0.0009999999999998899
3117999,2970,3121,127916,3135,3903,127083,19,19860,78,1,10784,0.0009999999999998899
3118999,2886,3191,127870,150678,4008,126836,18,19862,74,1,10785,0.001000000000000334
3119999,2955,3278,127960,3193,3807,127049,18,19860,74,1,10786,0.0009999999999998899
3120999,2880,3212,127858,3187,3942,126838,18,19860,74,1,10787,0.0009999999999998899
3121999,2912,3147,128047,3007,3952,127047,17,19860,74,1,10788,0.0009999999999998899
3122999,2879,3234,127878,3120,3985,127029,18,19861,70,1,10789,0.001000000000000334
3124002,2871,3135,127980,2998,3970,126864,18,19860,74,1,10790,0.0010029999999998651
3124999,2880,3242,127861,3059,3931,127107,16,19860,66,1,10791,0.0009969999999999146
3125999,2884,3296,127858,3210,3910,126964,19,19860,78,1,10792,0.0009999999999998899
3126999,2833,3173,127913,3140,3878,127051,17,19860,70,1,10793,0.0009999999999998899
3127999,2911,3314,127835,3118,3938,126918,19,19861,70,1,10794,0.001000000000000334
3128999,2840,3256,127887,3152,3863,126937,17,19860,78,1,10795,0.0009999999999998899
3129999,2840,3197,127821,3075,3903,127003,17,19861,70,1,10796,0.0009999999999998899
3130999,2916,3293,127906,3077,3966,127007,18,19860,74,1,10797,0.0009999999999998899
3132000,2996,3257,127865,3067,3920,126997,18,19860,74,1,10798,0.0010010000000000296
3133000,2890,3263,127821,3037,3855,127074,18,19860,74,1,10799,0.001000000000000334
3134000,2832,3243,127849,3066,3981,126923,21,19860,74,1,10800,0.0009999999999998899
3135000,3028,3253,127791,150678,3856,126902,18,19859,86,1,10801,0.0009999999999998899
3135999,2955,3210,127864,3153,3960,126851,18,19859,74,1,10802,0.0009990000000001942
3136999,2819,3072,127907,3110,3871,127006,19,19860,78,1,10803,0.0009999999999998899
3137999,2980,3268,127876,3042,4008,126977,19,19860,78,1,10804,0.0009999999999998899
3138999,2968,3274,127842,3098,3873,126959,18,19862,74,1,10805,0.0009999999999998899
3139999,3008,3232,127876,3126,3881,126852,17,19862,74,1,10806,0.001000000000000334
3140999,2825,3204,127842,3116,3867,126858,18,19860,70,1,10807,0.0009999999999998899
3142000,2931,3261,127923,3110,3869,126743,18,19860,74,1,10808,0.0010010000000000296
3142999,2881,3240,127967,3010,3899,127072,18,19859,74,1,10809,0.00099899999999975
3143999,2940,3238,128032,3093,4070,126939,17,19860,70,1,10810,0.001000000000000334
3144999,2899,3255,127827,3078,3928,126982,17,19860,70,1,10811,0.0009999999999998899
3145999,2925,3128,127858,3058,3875,126801,17,19860,70,1,10812,0.0009999999999998899
3147000,2876,3167,127984,3149,3809,126936,17,19860,70,1,10813,0.0010010000000000296
3148000,2895,3212,127956,3155,3994,126938,17,19861,70,1,10814,0.0009999999999998899
3148999,2984,3274,127951,3107,3901,126880,18,19860,74,1,10815,0.0009990000000001942
3149999,2922,3244,127952,3101,3975,127018,17,19860,70,1,10816,0.0009999999999998899
3150999,2831,3137,127817,158870,3850,126934,20,19860,82,1,10817,0.0009999999999998899
3152001,2937,3283,128052,3055,3995,126928,18,19860,82,1,10818,0.0010020000000001694
3152999,2869,3254,127943,3017,3938,127096,18,19861,74,1,10819,0.0009980000000000544
3153999,2987,3243,127946,3046,3904,126923,18,19860,74,1,10820,0.0009999999999998899
3154999,2923,3173,127858,2994,3877,127007,17,19861,70,1,10821,0.0009999999999998899
3155999,2844,3112,128047,3046,3841,126932,18,19861,74,1,10822,0.001000000000000334
3156999,2878,3265,127990,3048,3978,127032,18,19860,74,1,10823,0.0009999999999998899
3158000,2927,3324,127866,3122,3912,126968,18,19860,74,1,10824,0.0010010000000000296
3158999,2861,3161,127862,2984,3893,126900,18,19860,74,1,10825,0.00099899999999975
3159999,2905,3214,127806,3096,3964,126893,18,19860,74,1,10826,0.001000000000000334
3160999,2897,3133,127980,3184,3955,126942,18,19860,74,1,10827,0.0009999999999998899
3161999,2856,3236,127934,3093,3936,126880,18,19859,74,1,10828,0.0009999999999998899
3162999,2906,3161,127935,3117,3960,126964,17,19860,70,1,10829,0.0009999999999998899
3163999,2928,3274,127941,3145,3941,126942,18,19860,74,1,10830,0.001000000000000334
3164999,2890,3250,127886,3034,3825,126965,19,19860,74,1,10831,0.0009999999999998899
3165999,2858,3215,128044,2988,3897,127019,18,19860,78,1,10832,0.0009999999999998899
3166999,2818,3192,127961,3175,3876,127068,18,19861,74,1,10833,0.0009999999999998899
3167999,2804,3261,127993,3167,3953,126922,19,19861,78,1,10834,0.001000000000000334
3168999,2829,3272,127821,3089,3885,126916,17,19860,70,1,10835,0.0009999999999998899
3169999,2975,3263,127926,3084,3882,126984,18,19860,74,1,10836,0.0009999999999998899
3170999,2869,3187,127834,3038,3969,126920,17,19859,74,1,10837,0.0009999999999998899
3171999,2881,3201,127803,3071,3997,127047,17,19861,70,1,10838,0.001000000000000334
3173000,2841,3242,128009,3032,3929,126913,17,19859,70,1,10839,0.0010010000000000296
3173999,2900,3235,127762,2986,3972,126996,17,19860,70,1,10840,0.00099899999999975
3175000,2922,3169,128025,3090,3947,126984,17,19859,70,1,10841,0.0010010000000000296
3175999,2892,3194,127842,3117,3892,127007,20,19859,82,1,10842,0.0009990000000001942
3176999,2871,3189,127912,3137,3961,126917,18,19860,82,1,10843,0.0009999999999998899
3177999,2826,3198,127892,3187,3952,126915,17,19862,74,1,10844,0.0009999999999998899
3178999,2887,3282,127929,3136,3897,126865,17,19862,70,1,10845,0.0009999999999998899
3180005,2827,3241,127969,3199,3885,126745,18,19861,74,1,10846,0.0010060000000002844
3180999,3011,3239,127823,3003,3925,126879,17,19860,70,1,10847,0.0009939999999999394
3181999,2846,3198,127956,3159,3987,126873,18,19860,74,1,10848,0.0009999999999998899
3182999,2920,3271,127867,3059,3901,126787,19,19860,74,1,10849,0.0009999999999998899
3183999,2830,3183,127857,3177,3857,127086,17,19861,78,1,10850,0.001000000000000334
3184999,2895,3302,128033,3113,3865,126851,17,19861,70,1,10851,0.0009999999999998899
3185999,2819,3247,127916,3103,3859,126881,20,19860,82,1,10852,0.0009999999999998899
3187000,2900,3318,127921,3083,3903,126862,18,19861,74,1,10853,0.0010010000000000296
3188000,2786,3158,127882,3022,3871,126888,18,19860,74,1,10854,0.0009999999999998899
3188999,2874,3220,128029,3093,3883,127000,19,19860,74,1,10855,0.0009990000000001942
3190001,2793,3209,127801,3167,4013,127126,20,19860,78,1,10856,0.0010019999999997253
3190999,2891,3178,127906,3029,3867,126900,20,19860,82,1,10857,0.0009980000000000544
3192001,2857,3289,127833,3184,4006,126983,18,19861,74,1,10858,0.0010020000000001694
3192999,2889,3252,127754,3033,3906,126907,18,19859,74,1,10859,0.0009980000000000544
3194000,2833,3106,127802,3080,3891,126884,18,19860,74,1,10860,0.0010010000000000296
3195001,2892,3330,127907,3076,3964,127006,18,19860,74,1,10861,0.0010010000000000296
3196000,2796,3260,127835,3142,3946,126796,17,19861,74,1,10862,0.00099899999999975
3197001,2826,3255,127816,3095,3917,127009,17,19859,70,1,10863,0.0010010000000000296
3198001,2899,3200,127899,3148,3869,126794,18,19859,74,1,10864,0.0009999999999998899
3198999,2892,3210,127975,3046,3911,127036,18,19861,74,1,10865,0.0009980000000000544
3199999,2871,3185,127971,3158,4022,127014,17,19862,70,1,10866,0.001000000000000334
3200999,2829,3158,127876,3057,3962,126951,18,19862,70,1,10867,0.0009999999999998899
3201999,2821,3119,127956,3014,3868,126962,18,19860,74,1,10868,0.0009999999999998899
3202999,2860,3254,127938,3164,3988,126976,18,19860,74,1,10869,0.0009999999999998899
3203999,2805,3178,127786,3059,3850,127070,18,19860,74,1,10870,0.001000000000000334
3204999,2897,3200,127856,3110,3969,126972,18,19860,74,1,10871,0.0009999999999998899
3206001,2830,3200,127766,3066,3916,127011,18,19859,74,1,10872,0.0010019999999997253
3206999,2957,3298,127912,3058,3941,126825,18,19859,74,1,10873,0.0009980000000000544
3207999,2944,3210,127957,3101,3871,126996,18,19861,74,1,10874,0.001000000000000334
3208999,2849,3198,127918,3018,3978,126871,18,19862,74,1,10875,0.0009999999999998899
3209999,2853,3246,128027,3182,3903,126851,18,19859,74,1,10876,0.0009999999999998899
3210999,2878,3260,127788,3025,3934,126966,18,19860,74,1,10877,0.0009999999999998899
3211999,2943,3241,127865,3039,3949,127053,18,19860,74,1,10878,0.001000000000000334
3212999,2840,3213,127990,3068,3928,126861,18,19860,74,1,10879,0.0009999999999998899
3213999,2900,3251,127918,158870,3872,127019,17,19859,74,1,10880,0.0009999999999998899
3214999,2874,3277,127796,3200,3935,126998,19,19861,70,1,10881,0.0009999999999998899
3215999,2882,3197,127831,3111,3970,126882,19,19860,78,1,10882,0.001000000000000334
3216999,2858,3173,127843,3068,3832,126805,17,19861,70,1,10883,0.0009999999999998899
3217999,2834,3158,127822,3104,3867,126807,18,19859,74,1,10884,0.0009999999999998899
3218999,3012,3134,128059,3102,3870,126941,19,19859,78,1,10885,0.0009999999999998899
3220000,2851,3216,127807,3147,3965,126839,19,19860,78,1,10886,0.0010010000000000296
3220999,2855,3292,127728,3168,3934,126944,17,19861,78,1,10887,0.0009990000000001942
3221999,2880,3167,127853,3069,3891,126819,17,19861,70,1,10888,0.0009999999999998899
3222999,2847,3248,127963,3080,3885,126890,17,19861,70,1,10889,0.0009999999999998899
3223999,2997,3218,127993,3092,3902,126853,18,19862,74,1,10890,0.001000000000000334
3224999,2918,3149,127934,3129,3885,126953,18,19862,74,1,10891,0.0009999999999998899
3225999,2940,3341,127846,3051,3883,127001,19,19858,74,1,10892,0.0009999999999998899
3226999,2865,3213,127875,3073,3901,126870,18,19860,78,1,10893,0.0009999999999998899
3227999,2879,3291,127956,3053,3963,127008,18,19861,74,1,10894,0.001000000000000334
3229000,2820,3154,127887,3065,3969,126937,18,19861,74,1,10895,0.0010009999999995856
3229999,3021,3185,127855,157846,3908,127068,18,19861,74,1,10896,0.0009990000000001942
3231000,2871,3173,127860,3113,3919,126861,18,19860,74,1,10897,0.0010010000000000296
3231999,2866,3275,127991,2988,4069,126859,18,19860,74,1,10898,0.0009990000000001942
3232999,2942,3203,127953,3194,3894,126988,18,19860,74,1,10899,0.0009999999999998899
3233999,2929,3300,127974,3041,3973,126901,18,19859,74,1,10900,0.0009999999999998899
3234999,2855,3157,127801,3061,3832,127011,19,19860,78,1,10901,0.0009999999999998899
3235999,2743,3248,127908,3115,4008,126976,18,19862,74,1,10902,0.001000000000000334
3236999,2819,3227,127972,3088,3912,127015,18,19859,74,1,10903,0.0009999999999998899
3238002,2870,3324,127913,3109,3912,127014,18,19859,74,1,10904,0.0010029999999998651
3238999,2927,3211,127793,3049,3929,126937,19,19860,74,1,10905,0.0009969999999999146
3239999,2848,3147,127976,2993,3953,126988,19,19861,78,1,10906,0.001000000000000334
3240999,2823,3186,127976,3009,3880,127001,19,19860,78,1,10907,0.0009999999999998899
3241999,2894,3184,127855,3139,3866,126969,18,19860,74,1,10908,0.0009999999999998899
3242999,2892,3253,127900,3129,3942,126997,18,19860,74,1,10909,0.0009999999999998899
3243999,2818,3235,127990,3060,3926,126848,17,19860,74,1,10910,0.0009999999999998899
3244999,2904,3190,127855,3047,3887,126846,19,19860,70,1,10911,0.001000000000000334
3245999,2915,3295,127875,150678,3926,126928,19,19861,78,1,10912,0.0009999999999998899
3246999,2796,3246,127905,3022,3901,126870,18,19860,74,1,10913,0.0009999999999998899
3248001,2858,3341,127914,3199,3922,126830,18,19860,74,1,10914,0.0010020000000001694
3249001,2924,3203,127934,3048,3958,126954,18,19860,74,1,10915,0.0009999999999998899
3249999,2907,3256,127977,3090,3941,126813,17,19860,74,1,10916,0.0009980000000000544
3250999,2945,3334,127868,2999,3842,126915,19,19860,70,1,10917,0.0009999999999998899
3251999,2867,3158,127858,3131,3896,126721,19,19860,78,1,10918,0.0009999999999998899
3252999,2820,3242,128049,3123,3923,126877,18,19860,74,1,10919,0.001000000000000334
3253999,2949,3351,127888,3165,3920,127007,16,19860,66,1,10920,0.0009999999999998899
3255000,2976,3177,127835,3142,4010,126888,18,19861,74,1,10921,0.0010010000000000296
3255999,3006,3294,127888,3037,3948,126926,19,19861,78,1,10922,0.00099899999999975
3256999,2849,3238,127858,3044,3832,126857,18,19860,78,1,10923,0.001000000000000334
3257999,2881,3170,127744,2989,3977,126913,19,19860,74,1,10924,0.0009999999999998899
3258999,2906,3245,127888,3158,3897,126975,19,19861,78,1,10925,0.0009999999999998899
3259999,2814,3269,127762,3107,3879,126841,18,19859,74,1,10926,0.0009999999999998899
3260999,2892,3200,128071,3064,3906,126877,18,19861,74,1,10927,0.001000000000000334
3262021,2919,3194,127830,3087,3892,126892,19,19861,78,1,10928,0.0010219999999998564
3262999,2842,3184,127948,3131,3993,126944,18,19861,78,1,10929,0.0009779999999999234
3263999,2917,3315,127842,3065,3890,126914,18,19860,74,1,10930,0.0009999999999998899
3264999,2896,3268,127920,3148,3897,126941,18,19860,74,1,10931,0.001000000000000334
3265999,2885,3211,128057,3138,3877,127113,18,19861,74,1,10932,0.0009999999999998899
3266999,2971,3289,127954,3017,3871,126896,18,19861,74,1,10933,0.0009999999999998899
3267999,2831,3210,127856,3079,3974,126877,19,19861,78,1,10934,0.0009999999999998899
3268999,2957,3343,127883,3071,3982,127074,19,19860,78,1,10935,0.001000000000000334
3269999,2994,3178,127945,3068,3884,127043,18,19860,78,1,10936,0.0009999999999998899
3270999,2863,3229,127912,3099,3920,127132,18,19860,74,1,10937,0.0009999999999998899
3271999,2958,3244,128001,3082,3903,126940,19,19860,78,1,10938,0.0009999999999998899
3272999,2862,3258,127954,3112,3865,126949,19,19860,78,1,10939,0.001000000000000334
3274001,2812,3162,127936,3094,3866,126991,19,19861,78,1,10940,0.0010019999999997253
3274999,2893,3349,127860,3050,3958,126813,19,19861,78,1,10941,0.0009980000000000544
3275999,2821,3163,127920,3178,3850,126929,15,19861,78,1,10942,0.0009999999999998899
3276999,3018,3283,127834,3061,3890,126958,15,19862,61,1,10943,0.001000000000000334
3278002,2815,3084,127966,3105,3901,127120,18,19862,74,1,10944,0.0010029999999998651
3278999,2971,3265,127872,3016,3991,126878,18,19861,74,1,10945,0.0009969999999999146
3280002,3003,3177,127998,3187,3915,126963,19,19860,78,1,10946,0.0010029999999998651
3280999,2949,3224,127831,3070,3996,126964,18,19860,78,1,10947,0.0009970000000003587
3281999,2812,3159,127829,3092,3895,126854,17,19860,74,1,10948,0.0009999999999998899
3283001,2958,3242,127893,3009,3948,126913,17,19860,70,1,10949,0.0010020000000001694
3284006,2827,3166,127698,3094,3832,126871,18,19860,74,1,10950,0.0010049999999997006
3284999,2898,3246,127945,3103,3915,126906,18,19860,74,1,10951,0.0009930000000002437
3285999,2895,3301,127916,3122,3904,126858,19,19860,78,1,10952,0.0009999999999998899
3286999,2909,3338,127983,3145,3940,126950,20,19860,78,1,10953,0.0009999999999998899
3288000,2885,3212,127803,3062,3876,126895,17,19860,82,1,10954,0.0010010000000000296
3289000,2874,3239,127883,3283,3897,126943,17,19860,70,1,10955,0.0009999999999998899
3290000,2879,3253,127890,3045,3872,126910,18,19860,74,1,10956,0.001000000000000334
3290999,2914,3273,127820,3139,3810,126938,19,19859,78,1,10957,0.00099899999999975
3291999,2873,3318,127940,3141,3970,126972,19,19860,78,1,10958,0.0009999999999998899
3292999,2939,3185,127907,3128,3917,126999,19,19860,78,1,10959,0.001000000000000334
3293999,2859,3298,127938,3011,3895,127048,18,19859,78,1,10960,0.0009999999999998899
3294999,2909,3268,127911,3265,3903,127060,18,19860,74,1,10961,0.0009999999999998899
3295999,2916,3195,127966,3061,3901,127024,17,19861,70,1,10962,0.0009999999999998899
3296999,2925,3262,128011,3213,4021,126949,17,19862,70,1,10963,0.001000000000000334
3297999,2851,3281,127927,3148,3921,126909,18,19861,74,1,10964,0.0009999999999998899
3298999,2944,3235,127911,3015,3894,126882,19,19861,78,1,10965,0.0009999999999998899
3299999,2835,3247,128010,3084,3892,126776,19,19860,78,1,10966,0.0009999999999998899
3301000,2926,3165,127860,3092,3933,126921,17,19860,78,1,10967,0.0010010000000000296
3302000,2942,3239,127778,3115,3958,126920,17,19861,70,1,10968,0.001000000000000334
3302999,2896,3261,127999,2988,3828,126818,16,19861,66,1,10969,0.00099899999999975
3303999,3035,3252,127933,3065,3953,126961,19,19862,78,1,10970,0.0009999999999998899
3304999,2946,3228,127927,3126,3872,126933,18,19862,74,1,10971,0.001000000000000334
3305999,2890,3258,127947,2996,3836,127079,18,19860,74,1,10972,0.0009999999999998899
3306999,2869,3251,127901,3097,4017,126872,19,19861,74,1,10973,0.0009999999999998899
3307999,2871,3294,127936,3078,3898,126920,19,19861,78,1,10974,0.0009999999999998899
3308999,2846,3252,127862,157846,3886,126896,18,19861,74,1,10975,0.001000000000000334
3309999,2944,3211,127883,3049,3987,126884,18,19861,74,1,10976,0.0009999999999998899
3311000,2839,3188,127830,3114,3910,126902,18,19861,74,1,10977,0.0010010000000000296
3312000,2843,3242,127868,3021,3935,126980,18,19860,74,1,10978,0.0009999999999998899
3313000,2945,3250,127992,3037,3960,127000,18,19860,74,1,10979,0.0009999999999998899
3314000,2855,3181,127948,3085,3884,126911,18,19861,74,1,10980,0.001000000000000334
3314999,2853,3287,127939,3117,3820,126974,18,19860,74,1,10981,0.00099899999999975
3315999,2856,3272,127994,3015,3963,126916,18,19857,74,1,10982,0.0009999999999998899
3316999,2815,3168,127870,3181,3849,126937,18,19861,74,1,10983,0.001000000000000334
3317999,2912,3265,127900,3027,3904,127007,18,19861,74,1,10984,0.0009999999999998899
3319002,2910,3277,127888,3119,3883,126909,18,19860,74,1,10985,0.0010029999999998651
3320001,2802,3222,127901,3055,4007,127024,18,19860,74,1,10986,0.0009990000000001942
3321002,2858,3272,128007,3096,3807,126966,17,19860,70,1,10987,0.0010010000000000296
3321999,2886,3259,127913,2996,3989,126957,17,19861,70,1,10988,0.0009969999999999146
3322999,2854,3246,127888,3127,3931,126831,19,19860,78,1,10989,0.0009999999999998899
3323999,2824,3319,127881,3068,3992,126854,19,19860,78,1,10990,0.0009999999999998899
3324999,2842,3264,127877,150678,3883,127029,18,19861,78,1,10991,0.001000000000000334
3325999,2843,3221,127814,3084,4001,126824,18,19862,74,1,10992,0.0009999999999998899
3326999,2893,3165,127869,3058,3831,126807,20,19860,82,1,10993,0.0009999999999998899
3327999,2890,3262,127923,3113,3970,126873,18,19861,74,1,10994,0.0009999999999998899
3328999,2906,3284,127852,3169,3906,126904,18,19861,74,1,10995,0.001000000000000334
3329999,2941,3277,127925,3107,3903,126849,17,19861,74,1,10996,0.0009999999999998899
3330999,2977,3199,127944,3192,3935,126997,17,19862,70,1,10997,0.0009999999999998899
3331999,2883,3315,127841,3098,3881,127051,17,19860,70,1,10998,0.0009999999999998899
3332999,2889,3295,127993,2999,3953,126992,18,19861,74,1,10999,0.001000000000000334
3333999,2977,3238,127935,3112,3937,126873,17,19860,70,1,11000,0.0009999999999998899
3334999,2890,3263,127870,3176,3910,126933,17,19860,70,1,11001,0.0009999999999998899
3335999,2871,3158,127933,3103,3879,126902,19,19860,70,1,11002,0.0009999999999998899
3336999,2929,3329,127849,3105,3944,126946,18,19860,78,1,11003,0.001000000000000334
3337999,2855,3141,127934,3184,3947,126864,18,19860,74,1,11004,0.0009999999999998899
3338999,2805,3280,127783,3042,3913,126904,17,19859,70,1,11005,0.0009999999999998899
3339999,2872,3273,127908,3157,3844,126909,17,19860,70,1,11006,0.0009999999999998899
3340999,2888,3315,127960,157846,3949,126942,18,19860,74,1,11007,0.001000000000000334
3341999,2841,3247,127833,3139,3973,126976,18,19860,74,1,11008,0.0009999999999998899
3342999,2931,3297,127818,3100,3933,126917,19,19860,74,1,11009,0.0009999999999998899
3343999,2894,3254,127966,3210,3896,126827,19,19860,78,1,11010,0.0009999999999998899
3344999,2911,3201,127878,3053,4054,126924,18,19861,74,1,11011,0.001000000000000334
3345999,2919,3132,127947,3106,3943,126913,18,19858,74,1,11012,0.0009999999999998899
3346999,2963,3244,127938,3135,3856,126948,18,19860,74,1,11013,0.0009999999999998899
3347999,2850,3274,127897,3167,3824,127058,18,19860,74,1,11014,0.0009999999999998899
3349000,2919,3285,127872,3042,3907,126854,17,19861,74,1,11015,0.0010010000000000296
3349999,2892,3207,127854,3121,3924,126903,19,19861,70,1,11016,0.0009990000000001942
3350999,2867,3228,128002,3044,3924,126893,19,19861,78,1,11017,0.0009999999999998899
3351999,2931,3200,127905,3106,3910,126853,18,19859,74,1,11018,0.0009999999999998899
3353000,2899,3256,127938,3122,3951,126920,18,19860,74,1,11019,0.0010010000000000296
3354002,3036,3239,127891,3147,3763,127035,18,19860,74,1,11020,0.0010020000000001694
3355001,2945,3269,127940,3138,3888,126903,17,19862,74,1,11021,0.00099899999999975
3355999,2920,3164,127965,3108,3964,127075,19,19861,70,1,11022,0.0009980000000000544
3356999,2837,3204,127989,3017,3995,127072,19,19860,78,1,11023,0.001000000000000334
3357999,2866,3175,127843,3056,3867,126921,19,19862,78,1,11024,0.0009999999999998899
3358999,2811,3215,127931,3144,3916,126843,18,19859,74,1,11025,0.0009999999999998899
3359999,2861,3236,127808,3156,3969,127022,18,19859,74,1,11026,0.0009999999999998899
3361000,2931,3227,127889,3062,3870,126983,19,19860,74,1,11027,0.0010010000000000296
3361999,2864,3302,127851,3108,3895,126916,17,19862,78,1,11028,0.0009990000000001942
3362999,2897,3288,127761,3025,3888,127028,17,19860,70,1,11029,0.0009999999999998899
3364000,2809,3162,127934,3110,3861,127085,19,19861,78,1,11030,0.0010010000000000296
3364999,2903,3249,127864,3103,3921,126833,18,19860,74,1,11031,0.00099899999999975
3366002,2961,3257,127967,3102,3905,127051,17,19861,70,1,11032,0.0010030000000003092
3366999,2842,3228,127964,3128,3860,127053,18,19861,70,1,11033,0.0009969999999999146
3367999,2910,3222,127943,3097,3915,126865,18,19860,74,1,11034,0.0009999999999998899
3368999,2907,3195,128035,3111,3971,126862,18,19860,74,1,11035,0.0009999999999998899
3369999,2893,3269,127882,3099,3940,126941,18,19861,74,1,11036,0.001000000000000334
3371000,2820,3200,127801,3070,4029,126857,18,19860,74,1,11037,0.0010010000000000296
3371999,2922,3187,127794,3115,3958,126967,19,19862,78,1,11038,0.00099899999999975
3372999,2997,3176,127929,3098,3913,126879,18,19862,78,1,11039,0.0009999999999998899
3373999,2950,3202,127929,3136,3814,126883,19,19860,74,1,11040,0.001000000000000334
3374999,2829,3368,127880,3089,3855,126956,19,19861,78,1,11041,0.0009999999999998899
3375999,2964,3261,127893,3109,3958,126932,17,19860,70,1,11042,0.0009999999999998899
3376999,2862,3194,128003,3093,3950,127033,20,19860,82,1,11043,0.0009999999999998899
3377999,2910,3274,127856,3116,3853,126952,18,19860,74,1,11044,0.001000000000000334
3378999,2893,3325,127906,3200,3905,126942,19,19860,74,1,11045,0.0009999999999998899
3380000,2872,3194,127926,3057,3955,126967,18,19860,78,1,11046,0.0010010000000000296
3380999,2931,3231,127901,3147,3862,126949,18,19860,74,1,11047,0.00099899999999975
3382000,2882,3222,127841,3049,4019,126909,18,19862,74,1,11048,0.0010010000000000296
3382999,2878,3187,127849,3137,3913,127047,19,19860,78,1,11049,0.0009990000000001942
3384000,2963,3254,127948,3108,3951,127027,18,19860,74,1,11050,0.0010010000000000296
3384999,2876,3223,127938,3184,3957,126922,17,19860,74,1,11051,0.00099899999999975
3385999,2867,3282,127913,3026,3946,126911,19,19860,70,1,11052,0.001000000000000334
3386999,2908,3221,127864,3144,3872,126990,19,19859,78,1,11053,0.0009999999999998899
3387999,2858,3204,127900,3074,3841,127081,19,19860,78,1,11054,0.0009999999999998899
3389000,2898,3247,127772,3175,3960,127012,19,19860,78,1,11055,0.0010010000000000296
3389999,2932,3232,127800,3066,3849,127003,18,19862,74,1,11056,0.0009990000000001942
3390999,2868,3304,127873,3055,3937,126968,20,19862,82,1,11057,0.0009999999999998899
3391999,2880,3237,127850,3026,3949,127015,17,19862,82,1,11058,0.0009999999999998899
3392999,2940,3196,128004,3066,3938,126845,17,19859,70,1,11059,0.0009999999999998899
3393999,2876,3198,128020,3071,3867,126929,17,19860,70,1,11060,0.001000000000000334
3394999,2854,3279,127876,3112,3906,126878,18,19861,74,1,11061,0.0009999999999998899
3395999,2900,3365,127799,2970,3843,126880,18,19860,74,1,11062,0.0009999999999998899
3396999,2931,3233,127848,3157,3964,126993,20,19860,82,1,11063,0.0009999999999998899
3397999,2898,3291,127800,3172,3874,126917,16,19862,82,1,11064,0.001000000000000334
3399000,2877,3225,127834,3042,3966,126928,19,19860,66,1,11065,0.0010010000000000296
3399999,2769,3129,127843,3137,3926,127061,19,19862,78,1,11066,0.00099899999999975
3400999,2943,3114,127943,3106,3934,126901,18,19860,74,1,11067,0.0009999999999998899
3401999,2952,3286,127894,2979,3999,127006,20,19861,82,1,11068,0.001000000000000334
3402999,2882,3223,127935,3120,3949,126977,17,19861,70,1,11069,0.0009999999999998899
3403999,2943,3260,127998,150678,3896,126906,17,19861,70,1,11070,0.0009999999999998899
3404999,2903,3306,127964,3067,3957,127059,17,19861,70,1,11071,0.0009999999999998899
3405999,2840,3401,127867,3097,3873,126945,17,19860,70,1,11072,0.001000000000000334
3406999,2866,3179,127900,3093,3930,126843,18,19862,74,1,11073,0.0009999999999998899
3408000,2965,3192,127937,3015,3966,127001,18,19861,74,1,11074,0.0010010000000000296
3408999,2945,3148,127832,3084,4012,126860,18,19861,74,1,11075,0.00099899999999975
3409999,2867,3288,127882,3049,3982,126905,17,19861,74,1,11076,0.001000000000000334
3410999,2847,3178,127761,3200,3942,126954,19,19862,70,1,11077,0.0009999999999998899
3412000,2900,3205,127722,3028,4026,126895,19,19861,78,1,11078,0.0010010000000000296
3412999,2848,3159,127878,3217,3932,126931,18,19861,74,1,11079,0.00099899999999975
3413999,2907,3109,127950,3009,3892,126979,18,19859,74,1,11080,0.001000000000000334
3414999,2962,3199,127816,3085,3960,126931,18,19861,74,1,11081,0.0009999999999998899
3415999,2856,3195,127984,3092,3965,126948,18,19861,74,1,11082,0.0009999999999998899
3417000,2989,3190,127953,3111,3896,126890,19,19862,74,1,11083,0.0010010000000000296
3417999,2885,3188,127846,3217,3974,126970,19,19861,78,1,11084,0.0009990000000001942
3419000,2864,3228,127913,3082,3996,126849,20,19862,82,1,11085,0.0010010000000000296
3419999,2782,3312,127921,158870,3924,126800,19,19860,78,1,11086,0.00099899999999975
3420999,2985,3196,128048,3064,3888,126918,18,19860,74,1,11087,0.0009999999999998899
3421999,2864,3205,127802,3152,3914,126906,19,19860,74,1,11088,0.001000000000000334
3422999,2959,3238,127994,3073,4010,126954,19,19860,78,1,11089,0.0009999999999998899
3423999,2906,3315,127901,3095,3914,126927,19,19860,78,1,11090,0.0009999999999998899
3424999,2812,3243,127783,3057,3932,126966,18,19860,74,1,11091,0.0009999999999998899
3425999,2852,3251,127939,3170,3924,126867,19,19860,78,1,11092,0.001000000000000334
3427001,2886,3266,127821,3025,3952,127012,17,19860,70,1,11093,0.0010019999999997253
3428001,2831,3167,127803,3072,3961,126920,19,19860,70,1,11094,0.0009999999999998899
3429001,2930,3296,128044,3023,4058,126949,18,19860,78,1,11095,0.001000000000000334
3430000,2886,3201,128000,3149,3929,127047,18,19860,74,1,11096,0.00099899999999975
3430999,2932,3281,127885,3015,3877,127042,18,19860,74,1,11097,0.0009990000000001942
3431999,2833,3211,127944,3076,3918,126877,18,19861,74,1,11098,0.0009999999999998899
3432999,2882,3242,127894,3026,3839,126941,18,19860,74,1,11099,0.0009999999999998899
3433999,2864,3256,127915,3091,3864,126910,17,19860,70,1,11100,0.001000000000000334
3434999,2849,3199,128016,3085,3868,126865,18,19861,70,1,11101,0.0009999999999998899
3435999,2762,3212,127823,149654,3927,126925,19,19860,74,1,11102,0.0009999999999998899
3436999,2939,3220,127928,3117,3971,126963,19,19861,78,1,11103,0.0009999999999998899
3437999,2881,3270,127793,3106,3952,126967,18,19861,74,1,11104,0.001000000000000334
3438999,2854,3219,127848,2960,3996,127026,19,19861,78,1,11105,0.0009999999999998899
3439999,2908,3212,127827,3135,3896,126932,18,19861,74,1,11106,0.0009999999999998899
3440999,2884,3117,127790,3032,3932,126913,20,19860,74,1,11107,0.0009999999999998899
3441999,3041,3191,127964,3174,3982,126894,20,19861,82,1,11108,0.001000000000000334
3442999,2963,3249,127967,3003,3960,126956,20,19860,82,1,11109,0.0009999999999998899
3443999,2715,3188,127896,3044,3921,126918,18,19860,74,1,11110,0.0009999999999998899
3445003,2946,3198,127823,3091,3950,127028,19,19860,78,1,11111,0.0010040000000000049
3445999,2869,3155,127878,3061,3878,126981,19,19860,78,1,11112,0.000996000000000219
3446999,3006,3300,127808,3027,3954,126942,19,19859,78,1,11113,0.0009999999999998899
3447999,2903,3177,127805,3128,3831,126963,20,19859,78,1,11114,0.0009999999999998899
3448999,2823,3227,127956,3045,3945,126838,20,19860,82,1,11115,0.0009999999999998899
3449999,2869,3274,127898,3129,3850,126905,18,19861,74,1,11116,0.001000000000000334
3450999,2886,3212,127996,3017,3858,127019,18,19861,74,1,11117,0.0009999999999998899
3452001,2926,3182,127922,3026,3976,126977,19,19860,78,1,11118,0.0010019999999997253
3453001,2935,3262,127934,2984,3878,126905,20,19860,78,1,11119,0.001000000000000334
3454001,2892,3191,127993,3229,3945,126946,19,19860,82,1,11120,0.0009999999999998899
3454999,2918,3294,127874,2991,3944,127095,19,19860,78,1,11121,0.0009980000000000544
3455999,2827,3200,127890,3170,3836,126848,18,19863,74,1,11122,0.0009999999999998899
3456999,2827,3207,127755,3068,3860,126973,20,19860,82,1,11123,0.0009999999999998899
3457999,2919,3186,127929,3133,3856,126870,19,19861,78,1,11124,0.001000000000000334
3458999,2918,3286,127940,3111,3960,126939,19,19861,78,1,11125,0.0009999999999998899
3459999,2971,3213,127913,3146,3921,127001,19,19860,78,1,11126,0.0009999999999998899
3460999,2957,3273,127953,3145,3926,126962,19,19860,78,1,11127,0.0009999999999998899
3461999,3007,3149,127919,3013,3959,127052,20,19858,82,1,11128,0.001000000000000334
3462999,2997,3229,127879,3101,3844,126925,18,19860,74,1,11129,0.0009999999999998899
3463999,2992,3289,127923,3042,3963,126954,17,19860,70,1,11130,0.0009999999999998899
3464999,2892,3138,127934,3131,3907,126899,21,19860,70,1,11131,0.0009999999999998899
3465999,2954,3184,127945,3016,3952,126994,18,19861,86,1,11132,0.001000000000000334
3466999,2981,3225,127743,3075,3939,127077,18,19860,74,1,11133,0.0009999999999998899
3467999,2919,3245,127901,3115,3915,126855,18,19859,74,1,11134,0.0009999999999998899
3468999,2851,3291,127913,3129,3883,126923,19,19859,78,1,11135,0.0009999999999998899
3469999,2815,3245,127894,3025,3976,126755,19,19859,78,1,11136,0.001000000000000334
3470999,2860,3268,127932,3060,3951,126936,19,19859,78,1,11137,0.0009999999999998899
3471999,2855,3261,127950,3050,3972,126868,18,19860,78,1,11138,0.0009999999999998899
3473000,2870,3139,127814,3096,3900,127025,18,19861,74,1,11139,0.0010010000000000296
3473999,2893,3288,127863,3184,3929,127002,19,19860,78,1,11140,0.0009990000000001942
3474999,2872,3325,127837,3153,3900,126917,20,19860,82,1,11141,0.0009999999999998899
3475999,2849,3229,127863,3088,3875,126792,18,19859,74,1,11142,0.0009999999999998899
3476999,2900,3216,127985,3077,3944,126891,20,19859,82,1,11143,0.0009999999999998899
3477999,2853,3237,127818,3059,4008,126895,18,19860,82,1,11144,0.001000000000000334
3478999,2803,3258,127977,3146,4056,126969,19,19860,74,1,11145,0.0009999999999998899
3479999,2966,3222,127858,3131,3853,126944,19,19860,78,1,11146,0.0009999999999998899
3481001,2813,3176,127897,3145,3972,127000,20,19860,82,1,11147,0.0010020000000001694
3482001,2959,3276,127977,3082,3940,126823,18,19860,74,1,11148,0.0009999999999998899
3483001,2812,3255,128003,3182,3937,127028,20,19860,82,1,11149,0.0009999999999998899
3484001,2863,3307,127879,3070,3995,126956,19,19860,82,1,11150,0.0009999999999998899
3484999,2916,3165,127928,3061,3854,126878,18,19858,78,1,11151,0.0009980000000000544
3485999,2957,3244,128019,3111,3913,127000,18,19859,74,1,11152,0.0009999999999998899
3486999,2870,3266,127941,2996,3877,126936,20,19860,82,1,11153,0.001000000000000334
3488000,2860,3261,127985,3000,3919,126841,20,19858,82,1,11154,0.0010010000000000296
3489000,2936,3196,127924,3103,3908,126927,18,19858,74,1,11155,0.0009999999999998899
3489999,2895,3327,127874,3046,4026,126930,18,19858,74,1,11156,0.00099899999999975
3490999,2855,3175,127875,3054,3974,127037,19,19860,74,1,11157,0.001000000000000334
3491999,3002,3360,127719,3113,3951,127033,19,19860,78,1,11158,0.0009999999999998899
3492999,2930,3173,127800,3180,3850,126990,19,19861,78,1,11159,0.0009999999999998899
3493999,2763,3255,127942,3083,3960,126855,18,19861,74,1,11160,0.0009999999999998899
3495000,2932,3296,128001,3144,3891,126936,18,19859,74,1,11161,0.0010010000000000296
3496001,2922,3258,127951,3139,3987,127017,19,19859,74,1,11162,0.0010010000000000296
3496999,2953,3197,127945,3154,3821,127027,18,19861,78,1,11163,0.0009980000000000544
3497999,2875,3198,127816,2926,3870,126932,18,19861,74,1,11164,0.0009999999999998899
3498999,2800,3193,127863,150678,3886,126979,19,19860,78,1,11165,0.001000000000000334
3499999,2806,3225,128025,2981,4041,126899,18,19860,74,1,11166,0.0009999999999998899
3501002,2945,3280,127850,3123,3963,126933,19,19861,78,1,11167,0.0010029999999998651
3501999,2841,3157,127872,3109,3970,126890,19,19861,78,1,11168,0.0009969999999999146
3502999,2931,3185,127966,3130,3859,127014,19,19860,78,1,11169,0.001000000000000334
3503999,2795,3201,127815,3140,3902,127111,19,19860,78,1,11170,0.0009999999999998899
3505000,2948,3120,127979,3108,3932,127046,19,19859,78,1,11171,0.0010010000000000296
3505999,2786,3194,127982,3132,3875,127068,19,19860,78,1,11172,0.00099899999999975
3506999,2914,3307,127838,3056,3935,126990,19,19860,78,1,11173,0.001000000000000334
3507999,2897,3277,127864,3123,3914,126930,20,19860,78,1,11174,0.0009999999999998899
3508999,3066,3244,127911,3040,3920,127011,20,19860,82,1,11175,0.0009999999999998899
3509999,2842,3252,128003,3119,3908,126952,20,19860,82,1,11176,0.0009999999999998899
3510999,2925,3225,127927,3084,3813,126995,18,19859,74,1,11177,0.001000000000000334
3512000,2919,3163,127813,3162,3916,127070,19,19860,78,1,11178,0.0010010000000000296
3512999,3011,3228,128020,3075,3932,127086,18,19861,74,1,11179,0.00099899999999975
3513999,2847,3202,127939,3033,3913,127094,19,19861,74,1,11180,0.0009999999999998899
3515000,2944,3236,128015,158870,3870,127007,18,19860,78,1,11181,0.0010010000000000296
3515999,2835,3249,127996,3123,3967,126881,18,19860,74,1,11182,0.0009990000000001942
3517000,2884,3224,128103,3086,3967,126938,19,19860,78,1,11183,0.0010010000000000296
3517999,2947,3199,127929,3100,3831,126959,19,19859,78,1,11184,0.00099899999999975
3518999,2877,3236,127919,3121,3931,126857,19,19861,78,1,11185,0.001000000000000334
3519999,3035,3222,127935,3090,3812,126960,19,19861,78,1,11186,0.0009999999999998899
3521000,2923,3271,127845,3010,3943,126827,19,19860,78,1,11187,0.0010010000000000296
3521999,2845,3206,127906,3061,3904,126959,19,19860,78,1,11188,0.00099899999999975
3522999,2883,3316,127876,3013,3908,126897,20,19860,82,1,11189,0.001000000000000334
3523999,2872,3231,127809,3024,3936,126833,18,19860,74,1,11190,0.0009999999999998899
3524999,2874,3270,127919,3015,3898,126926,18,19860,74,1,11191,0.0009999999999998899
3526000,2857,3208,128041,3079,3992,126930,20,19860,82,1,11192,0.0010010000000000296
3526999,2950,3239,127980,3224,4031,126879,20,19860,82,1,11193,0.0009990000000001942
3528000,2822,3352,127953,3035,3886,126972,19,19859,82,1,11194,0.0010010000000000296
3528999,2888,3283,128062,3095,3942,126932,19,19860,78,1,11195,0.00099899999999975
3529999,2812,3150,127777,3093,3954,127109,19,19859,78,1,11196,0.0009999999999998899
3530999,2856,3246,127951,158870,3950,126884,20,19860,82,1,11197,0.001000000000000334
3532000,2885,3301,127795,3092,3885,126929,21,19860,86,1,11198,0.0010010000000000296
3533001,2971,3212,127959,3043,3957,126750,19,19860,86,1,11199,0.0010010000000000296
3533999,2880,3207,127893,3197,3789,126955,20,19860,78,1,11200,0.0009979999999996103
3534999,2837,3266,127878,2962,3950,126912,20,19860,82,1,11201,0.001000000000000334
3535999,2833,3142,128013,2966,3920,126943,20,19860,82,1,11202,0.0009999999999998899
3536999,2877,3249,127882,3033,3987,126971,19,19860,78,1,11203,0.0009999999999998899
3537999,2933,3212,127845,3139,3908,126707,19,19860,78,1,11204,0.0009999999999998899
3538999,2839,3301,127926,3057,3929,126922,18,19859,78,1,11205,0.001000000000000334
3539999,2861,3197,127853,3153,3977,126830,19,19859,74,1,11206,0.0009999999999998899
3540999,2825,3267,127778,3079,3809,127030,19,19860,78,1,11207,0.0009999999999998899
3541999,2875,3252,127927,3180,3834,127020,19,19860,78,1,11208,0.0009999999999998899
3542999,2875,3342,127924,3176,3997,126821,20,19859,82,1,11209,0.001000000000000334
3543999,2888,3209,127864,3095,3968,126871,20,19861,82,1,11210,0.0009999999999998899
3544999,2850,3280,127929,3005,3880,126816,18,19861,82,1,11211,0.0009999999999998899
3545999,2873,3295,127828,3063,3892,126947,20,19858,74,1,11212,0.0009999999999998899
3546999,2860,3309,127839,3079,3954,126949,20,19859,82,1,11213,0.001000000000000334
3547999,2836,3299,127917,3060,3969,126959,20,19860,82,1,11214,0.0009999999999998899
3548999,2865,3225,127767,3101,4003,127039,18,19860,74,1,11215,0.0009999999999998899
3549999,2872,3181,127960,2994,3857,126936,19,19860,78,1,11216,0.0009999999999998899
3550999,2930,3265,127884,3042,3931,126852,19,19860,78,1,11217,0.001000000000000334
3551999,2879,3188,127921,3187,3974,126921,20,19860,78,1,11218,0.0009999999999998899
3552999,2838,3242,127874,3136,3982,127072,20,19860,82,1,11219,0.0009999999999998899
3553999,3007,3227,127726,3091,3922,126868,20,19860,82,1,11220,0.0009999999999998899
3554999,2889,3228,127860,3141,3971,126941,17,19860,70,1,11221,0.001000000000000334
3555999,2960,3219,127908,3102,3976,126879,20,19860,82,1,11222,0.0009999999999998899
3556999,2911,3163,127835,3229,3899,126978,18,19860,82,1,11223,0.0009999999999998899
3558001,2908,3227,127912,3002,3908,126942,19,19862,74,1,11224,0.0010020000000001694
3558999,2966,3233,128036,3003,3912,126922,19,19860,78,1,11225,0.0009980000000000544
3559999,2893,3144,127889,3020,3928,126949,19,19861,78,1,11226,0.0009999999999998899
3560999,2887,3213,127928,3157,3877,126818,19,19860,78,1,11227,0.0009999999999998899
3561999,2953,3173,127737,3086,3927,127074,20,19860,82,1,11228,0.0009999999999998899
3562999,2857,3264,127901,3111,3907,126949,20,19860,82,1,11229,0.001000000000000334
3563999,2797,3153,127793,2972,3960,126891,18,19861,82,1,11230,0.0009999999999998899
3564999,2848,3256,127762,3198,3913,127055,18,19859,74,1,11231,0.0009999999999998899
3566001,2924,3236,127879,3052,3995,126999,19,19860,78,1,11232,0.0010020000000001694
3567001,2986,3229,127862,3229,3809,126974,19,19860,78,1,11233,0.0009999999999998899
3568000,2823,3216,127909,3090,3939,127007,20,19861,82,1,11234,0.0009990000000001942
3568999,2925,3150,128001,3080,3966,126886,19,19861,78,1,11235,0.00099899999999975
3569999,2913,3288,127972,2998,3789,126830,20,19860,78,1,11236,0.0009999999999998899
3570999,2813,3199,127824,3107,3930,126916,18,19860,82,1,11237,0.001000000000000334
3572000,2924,3285,127895,3049,3909,127051,18,19860,74,1,11238,0.0010009999999995856
3572999,2787,3246,127833,3158,3881,126920,20,19860,82,1,11239,0.0009990000000001942
3573999,2917,3216,127931,3177,3885,126806,18,19860,74,1,11240,0.0009999999999998899
3575001,2886,3198,127823,3123,3877,127066,18,19860,74,1,11241,0.0010020000000001694
3575999,2884,3176,127863,3063,4015,126968,20,19860,74,1,11242,0.0009980000000000544
3576999,2857,3187,127927,3103,3870,127072,20,19860,82,1,11243,0.0009999999999998899
3577999,2901,3251,127898,3071,3949,127087,20,19859,82,1,11244,0.0009999999999998899
3579000,2826,3182,127842,3183,3854,126920,18,19859,74,1,11245,0.0010010000000000296
3579999,2946,3295,127958,3086,3951,126886,18,19859,74,1,11246,0.0009990000000001942
3581001,2860,3177,127975,3129,3893,126955,20,19859,82,1,11247,0.0010019999999997253
3581999,2897,3266,127932,2955,3850,126998,19,19860,82,1,11248,0.0009980000000000544
3582999,2835,3221,127919,3121,3937,126943,20,19860,78,1,11249,0.001000000000000334
3584001,2856,3198,127895,3042,3866,126859,20,19859,82,1,11250,0.0010019999999997253
3584999,2938,3171,127962,3227,3967,126972,20,19860,82,1,11251,0.0009980000000000544
3585999,2821,3268,127975,3029,3833,126916,20,19859,82,1,11252,0.0009999999999998899
3586999,2858,3170,127964,3152,3947,126951,19,19860,78,1,11253,0.001000000000000334
3587999,2818,3287,127887,3008,3907,126921,19,19860,78,1,11254,0.0009999999999998899
3588999,2907,3205,127859,3180,3844,127076,20,19861,78,1,11255,0.0009999999999998899
3589999,2944,3304,127727,3084,3988,126895,20,19861,82,1,11256,0.0009999999999998899
3590999,2896,3232,127939,3113,3914,126949,19,19860,78,1,11257,0.001000000000000334
3591999,2848,3327,127926,3041,3926,126976,20,19861,82,1,11258,0.0009999999999998899
3592999,2882,3261,127688,3071,3983,126913,18,19859,74,1,11259,0.0009999999999998899
3593999,2807,3206,127942,158870,3970,126878,20,19859,74,1,11260,0.0009999999999998899
3595004,2915,3223,127951,3004,3894,126911,18,19860,82,1,11261,0.0010050000000001447
3596000,2837,3259,127908,3038,3978,126799,18,19860,74,1,11262,0.0009959999999997748
3597001,2859,3164,127996,3072,3814,126850,19,19860,78,1,11263,0.0010010000000000296
3597999,2892,3249,127792,3171,3952,126889,19,19860,78,1,11264,0.0009980000000000544
3599000,2935,3191,127858,3084,3937,126831,18,19860,74,1,11265,0.0010010000000000296
3600002,2855,3268,127906,3132,3920,126990,19,19860,74,1,11266,0.0010020000000001694
3600999,2946,3234,127956,3091,3893,126910,18,19861,78,1,11267,0.0009969999999999146
3601999,2891,3257,127868,3118,3962,127015,18,19859,74,1,11268,0.0009999999999998899
3602999,2926,3207,127807,3062,3926,126943,21,19860,86,1,11269,0.0009999999999998899
3603999,2838,3244,127829,3132,3875,126882,18,19861,74,1,11270,0.001000000000000334
3605000,2913,3291,127767,3073,3977,126997,19,19861,78,1,11271,0.0010010000000000296
3605999,2922,3187,127817,3065,3894,126835,20,19861,78,1,11272,0.00099899999999975
3606999,2927,3256,128005,3054,4063,126872,18,19860,82,1,11273,0.0009999999999998899
3607999,2924,3230,127952,3203,3774,126825,18,19859,74,1,11274,0.001000000000000334
3608999,2826,3267,127979,3175,3891,126943,19,19859,78,1,11275,0.0009999999999998899
3610001,3041,3171,128007,157846,3866,126924,19,19859,78,1,11276,0.0010020000000001694
3611001,2866,3294,127891,2978,3958,126791,20,19858,82,1,11277,0.0009999999999998899
3612001,2766,3186,127841,3106,3915,126765,18,19858,74,1,11278,0.0009999999999998899
3612999,2967,3251,127942,2995,4013,126765,18,19861,74,1,11279,0.0009980000000000544
3613999,2865,3169,127956,3007,3842,126947,18,19860,74,1,11280,0.0009999999999998899
3614999,2860,3216,127767,3139,3872,127008,18,19859,74,1,11281,0.0009999999999998899
3616000,2856,3195,127861,3120,3908,126965,18,19860,74,1,11282,0.0010010000000000296
3616999,2788,3292,127963,2976,3928,126994,18,19860,74,1,11283,0.0009990000000001942
3617999,2948,3153,127852,3161,3930,126926,18,19860,74,1,11284,0.0009999999999998899
3619002,2884,3340,127961,3016,3980,126960,19,19859,74,1,11285,0.0010030000000003092
3620001,2942,3236,128015,3187,3886,127129,18,19859,78,1,11286,0.00099899999999975
3620999,2812,3216,127893,3086,3861,126869,18,19859,74,1,11287,0.0009980000000000544
3622000,2903,3150,127933,3158,3932,126889,20,19860,82,1,11288,0.0010010000000000296
3623001,2962,3279,127869,3104,3888,127009,19,19860,78,1,11289,0.0010010000000000296
3623999,2920,3234,127980,3059,3840,126913,18,19860,74,1,11290,0.0009980000000000544
3624999,2961,3183,127895,3193,3904,126895,19,19860,74,1,11291,0.0009999999999998899
3625999,2802,3202,127951,150678,3904,127008,20,19859,78,1,11292,0.0009999999999998899
3626999,2874,3205,127895,3090,3880,127058,20,19860,82,1,11293,0.0009999999999998899
3628002,2898,3196,127873,3115,3911,126933,19,19860,78,1,11294,0.0010030000000003092
3628999,2768,3174,127857,3021,3949,126938,19,19859,78,1,11295,0.0009969999999999146
3630005,2964,3332,127830,3140,3932,126945,20,19860,82,1,11296,0.0010059999999998404
3631004,2917,3190,127906,2991,3962,126977,19,19860,82,1,11297,0.0009990000000001942
3631999,2859,3220,127887,3189,3906,127048,20,19860,78,1,11298,0.0009950000000000792
3632999,2874,3170,128005,3087,3981,126834,20,19861,82,1,11299,0.0009999999999998899
3634000,2812,3130,127932,3053,3936,126890,18,19859,74,1,11300,0.0010010000000000296
3634999,2912,3224,127766,3184,3948,126973,18,19859,74,1,11301,0.00099899999999975
3636000,2963,3307,127833,3064,3974,126968,18,19860,74,1,11302,0.0010010000000000296
3637001,2899,3209,127979,3065,3855,126898,19,19860,74,1,11303,0.0010010000000000296
3637999,2959,3272,127967,3054,3985,126831,19,19860,78,1,11304,0.0009980000000000544
3638999,2898,3263,127954,3144,3869,126956,19,19860,78,1,11305,0.0009999999999998899
3639999,2900,3113,127848,3148,3989,126912,20,19861,82,1,11306,0.001000000000000334
3640999,2753,3179,127871,3184,3880,126836,19,19860,78,1,11307,0.0009999999999998899
3641999,2883,3174,127803,3145,3919,127032,19,19859,78,1,11308,0.0009999999999998899
3643000,2936,3274,127910,3035,3912,127050,18,19859,78,1,11309,0.0010010000000000296
3643999,2950,3238,128000,3072,3987,127039,19,19860,74,1,11310,0.0009990000000001942
3645000,2975,3204,127874,3076,3952,126815,19,19859,78,1,11311,0.0010010000000000296
3645999,2930,3293,127840,3134,3858,126873,20,19860,82,1,11312,0.00099899999999975
3646999,2955,3267,127958,3209,3932,126988,20,19859,82,1,11313,0.0009999999999998899
3647999,2888,3187,127854,3010,3973,126936,19,19860,78,1,11314,0.001000000000000334
3648999,2878,3177,127816,3082,3813,126942,18,19860,78,1,11315,0.0009999999999998899
3649999,2928,3302,128013,3104,3885,127068,19,19859,74,1,11316,0.0009999999999998899
3650999,2841,3264,127929,3076,3902,126871,19,19860,78,1,11317,0.0009999999999998899
3651999,2792,3271,127860,3040,3901,126864,17,19860,70,1,11318,0.001000000000000334
3652999,2914,3300,127957,3149,3983,126853,20,19861,82,1,11319,0.0009999999999998899
3653999,2793,3221,127879,3075,3931,126954,18,19860,74,1,11320,0.0009999999999998899
3654999,2853,3300,128007,3074,3912,127064,20,19860,82,1,11321,0.0009999999999998899
3656001,2879,3195,127877,2997,3961,126818,20,19859,82,1,11322,0.0010020000000001694
3656999,2887,3243,127883,3175,3878,127040,20,19859,82,1,11323,0.0009980000000000544
3657999,2846,3296,127986,3069,3901,127002,16,19860,66,1,11324,0.0009999999999998899
3658999,2863,3262,127817,3177,3888,126974,19,19859,78,1,11325,0.0009999999999998899
3659999,2880,3242,127932,3046,3923,126991,19,19860,78,1,11326,0.001000000000000334
3660999,2923,3280,127969,3130,3825,127015,20,19860,82,1,11327,0.0009999999999998899
3661999,2899,3228,128077,3052,3940,126787,20,19860,82,1,11328,0.0009999999999998899
3662999,2937,3317,128041,3102,3986,126954,19,19861,82,1,11329,0.0009999999999998899
3663999,2821,3256,127905,2971,3866,126875,19,19859,78,1,11330,0.001000000000000334
3664999,2849,3205,127985,3127,3904,126915,19,19860,78,1,11331,0.0009999999999998899
3665999,2836,3406,127771,3064,3895,126892,19,19860,78,1,11332,0.0009999999999998899
3666999,2921,3246,127934,3152,3928,126936,20,19860,82,1,11333,0.0009999999999998899
3667999,2892,3244,127908,3112,3911,126816,20,19859,82,1,11334,0.001000000000000334
3668999,2945,3176,127789,3071,3945,126865,19,19859,82,1,11335,0.0009999999999998899
3669999,2804,3212,127824,3045,3985,126992,19,19860,78,1,11336,0.0009999999999998899
3670999,2968,3337,127815,3127,3840,126767,18,19859,74,1,11337,0.0009999999999998899
3672001,2782,3243,127909,3135,3957,127006,19,19860,78,1,11338,0.0010020000000001694
3673000,2961,3268,127962,150678,3959,127078,21,19860,86,1,11339,0.0009990000000001942
3673999,2830,3248,127919,2850,3887,126841,19,19860,86,1,11340,0.00099899999999975
3674999,3022,3242,127949,3068,3946,126992,19,19860,78,1,11341,0.0009999999999998899
3676000,2776,3207,127867,3115,3851,127022,19,19860,78,1,11342,0.0010010000000000296
3677000,2960,3291,127892,3124,3941,127029,19,19860,78,1,11343,0.001000000000000334
3678002,2912,3286,127850,3040,3953,126919,20,19860,82,1,11344,0.0010019999999997253
3678999,2905,3254,128004,3039,3875,127083,19,19859,78,1,11345,0.0009969999999999146
3679999,2856,3172,127783,3098,3925,126970,18,19859,78,1,11346,0.001000000000000334
3680999,2918,3204,127794,3046,3947,126813,20,19858,74,1,11347,0.0009999999999998899
3681999,2862,3224,127849,3118,3926,126885,20,19859,82,1,11348,0.0009999999999998899
3682999,3043,3359,127837,3088,3827,126863,18,19860,74,1,11349,0.0009999999999998899
3683999,2841,3244,127800,3110,3958,126905,18,19859,74,1,11350,0.001000000000000334
3684999,2937,3238,127876,3150,4020,126888,19,19859,78,1,11351,0.0009999999999998899
3685999,3006,3220,127898,3181,3974,126911,19,19859,78,1,11352,0.0009999999999998899
3686999,2938,3219,127920,3070,3909,127007,19,19861,78,1,11353,0.0009999999999998899
3687999,2960,3168,128088,3215,3893,126883,19,19860,78,1,11354,0.001000000000000334
3688999,2947,3129,127990,150678,3975,127010,18,19859,74,1,11355,0.0009999999999998899
3689999,3000,3226,127883,3107,3957,126917,18,19860,74,1,11356,0.0009999999999998899
3691000,2862,3208,127882,2994,3918,126819,18,19861,74,1,11357,0.0010010000000000296
3691999,2859,3205,127771,3184,3845,126942,19,19861,74,1,11358,0.0009990000000001942
3692999,2807,3279,127928,3063,3967,126980,19,19859,78,1,11359,0.0009999999999998899
3693999,2936,3114,127862,3097,3866,126997,19,19861,78,1,11360,0.0009999999999998899
3695001,2894,3224,127890,3028,3848,126938,19,19860,78,1,11361,0.0010020000000001694
3695999,2910,3254,127756,3147,3895,126969,19,19859,78,1,11362,0.0009980000000000544
3696999,2893,3284,127968,3151,3978,126916,20,19860,82,1,11363,0.0009999999999998899
3697999,2861,3227,127945,3050,3901,127031,20,19860,82,1,11364,0.0009999999999998899
3698999,2940,3249,127846,3043,3992,126907,20,19858,82,1,11365,0.0009999999999998899
3699999,2860,3258,127831,3020,3816,126954,20,19860,82,1,11366,0.001000000000000334
3701000,2849,3303,127924,2945,3921,127000,20,19860,82,1,11367,0.0010009999999995856
3701999,2810,3320,127889,3102,3970,127059,21,19859,86,1,11368,0.0009990000000001942
3703000,2965,3265,127861,3108,3814,126928,17,19861,70,1,11369,0.0010010000000000296
3704001,2947,3254,127945,3086,3971,127124,19,19861,78,1,11370,0.0010010000000000296
3704999,2883,3220,127994,157846,3966,126900,19,19860,78,1,11371,0.0009980000000000544
3706000,3014,3233,127816,3122,3774,126959,19,19859,78,1,11372,0.0010010000000000296
3706999,2806,3242,127952,3018,3886,126984,19,19860,78,1,11373,0.00099899999999975
3707999,2936,3216,127953,3066,3949,127072,17,19858,70,1,11374,0.001000000000000334
3709001,2852,3152,127945,3097,3971,126954,17,19861,70,1,11375,0.0010019999999997253
3709999,2880,3281,127816,3038,3935,127044,18,19861,74,1,11376,0.0009980000000000544
3710999,2935,3244,127925,3159,3845,126983,18,19860,74,1,11377,0.0009999999999998899
3711999,2917,3270,127875,3133,3966,126979,19,19861,74,1,11378,0.001000000000000334
3712999,2779,3241,127951,3113,3889,126860,19,19860,78,1,11379,0.0009999999999998899
3713999,2903,3348,127987,3056,3797,127006,17,19859,70,1,11380,0.0009999999999998899
3715001,2850,3191,127761,3083,3913,126973,18,19858,74,1,11381,0.0010020000000001694
3715999,2961,3251,127979,3056,3880,126968,19,19858,78,1,11382,0.0009980000000000544
3716999,2793,3263,127879,3128,3961,126868,19,19860,78,1,11383,0.0009999999999998899
3717999,2877,3287,127950,3094,3882,126982,20,19860,78,1,11384,0.0009999999999998899
3719000,2910,3177,127994,3151,4004,126883,20,19860,82,1,11385,0.0010010000000000296
3720000,2908,3263,127959,3093,3853,126942,18,19860,74,1,11386,0.0009999999999998899
3720999,2871,3199,128004,3161,3902,126898,18,19861,74,1,11387,0.0009990000000001942
3721999,2878,3242,127958,3242,3956,126906,20,19859,82,1,11388,0.0009999999999998899
3722999,2815,3177,127775,3156,4017,126926,19,19859,82,1,11389,0.0009999999999998899
3723999,2839,3315,127891,3118,3850,126977,18,19860,78,1,11390,0.0009999999999998899
3724999,2822,3208,127894,3190,3919,127000,18,19859,74,1,11391,0.001000000000000334
3726001,2908,3237,127858,3158,3964,126922,19,19859,78,1,11392,0.0010019999999997253
3726999,2851,3209,127897,3163,3985,126925,17,19862,70,1,11393,0.0009980000000000544
3727999,2943,3301,128035,3162,3941,126922,18,19859,74,1,11394,0.0009999999999998899
3728999,2904,3185,127933,3055,3953,126767,18,19859,74,1,11395,0.001000000000000334
3729999,2843,3275,127839,3081,3944,126830,19,19859,74,1,11396,0.0009999999999998899
3730999,2825,3254,127952,3024,3853,126879,19,19859,78,1,11397,0.0009999999999998899
3731999,2912,3221,128030,3046,3880,126846,19,19862,78,1,11398,0.0009999999999998899
3732999,2756,3184,127908,3146,3995,127010,18,19860,74,1,11399,0.001000000000000334
3733999,2835,3235,128033,3104,3875,126885,18,19860,74,1,11400,0.0009999999999998899
3735000,2923,3154,127875,3170,3916,126973,18,19860,74,1,11401,0.0010010000000000296
3735999,2858,3285,127945,3022,3902,127007,21,19860,74,1,11402,0.00099899999999975
3736999,2889,3276,127937,3110,3900,127054,21,19860,86,1,11403,0.001000000000000334
3737999,2835,3229,127864,3019,3905,126969,19,19859,78,1,11404,0.0009999999999998899
3738999,2874,3179,127882,3216,3870,126850,20,19860,82,1,11405,0.0009999999999998899
3739999,2831,3185,127850,2995,3824,126945,18,19859,74,1,11406,0.0009999999999998899
3740999,2898,3252,127891,3068,3981,126951,21,19859,74,1,11407,0.001000000000000334
3741999,2968,3213,127905,3023,3902,126957,19,19860,86,1,11408,0.0009999999999998899
3742999,2844,3242,127873,3174,3961,127096,19,19860,78,1,11409,0.0009999999999998899
3743999,2828,3190,127826,3078,3971,126965,18,19860,74,1,11410,0.0009999999999998899
3744999,2825,3145,127893,3138,3935,126967,21,19860,86,1,11411,0.001000000000000334
3745999,2889,3234,127871,3076,3874,126955,18,19859,74,1,11412,0.0009999999999998899
3746999,2939,3145,128044,3096,3924,126881,18,19859,74,1,11413,0.0009999999999998899
3747999,2865,3188,127867,3085,3911,126981,18,19861,74,1,11414,0.0009999999999998899
3748999,2898,3177,127747,3142,3927,126958,18,19860,74,1,11415,0.001000000000000334
3749999,2950,3194,127957,3122,3931,126867,18,19860,74,1,11416,0.0009999999999998899
3750999,2882,3218,127725,3182,3926,127031,18,19860,74,1,11417,0.0009999999999998899
3751999,2899,3252,127898,3010,3951,126949,19,19860,78,1,11418,0.0009999999999998899
3752999,2897,3200,127856,3062,3925,126948,19,19860,78,1,11419,0.001000000000000334
3753999,2883,3266,127955,3088,3967,127021,20,19862,78,1,11420,0.0009999999999998899
3754999,2893,3321,127911,3078,3980,127013,19,19859,82,1,11421,0.0009999999999998899
3755999,2820,3175,127799,3092,3980,126936,19,19860,78,1,11422,0.0009999999999998899
3756999,2949,3298,127912,3041,3948,126883,19,19859,78,1,11423,0.001000000000000334
3757999,2951,3117,127969,3158,3868,126851,19,19861,78,1,11424,0.0009999999999998899
3758999,2874,3277,127885,3117,3927,126966,21,19860,86,1,11425,0.0009999999999998899
3759999,2884,3139,127995,3194,3898,126923,18,19860,86,1,11426,0.0009999999999998899
3761001,2935,3236,128022,3041,3944,126924,19,19860,74,1,11427,0.0010020000000001694
3761999,2930,3216,127798,3252,3825,126924,19,19859,78,1,11428,0.0009980000000000544
3762999,2902,3154,127813,3058,3942,126750,20,19859,82,1,11429,0.0009999999999998899
3763999,2835,3178,127890,3130,3881,126834,18,19860,74,1,11430,0.0009999999999998899
3764999,2880,3200,127819,3142,3821,127028,19,19859,78,1,11431,0.001000000000000334
3766000,2889,3200,127955,3060,3846,126947,20,19859,78,1,11432,0.0010010000000000296
3766999,2895,3204,127947,3121,3907,127048,19,19860,82,1,11433,0.00099899999999975
3767999,2766,3125,127872,158870,4014,126912,19,19860,78,1,11434,0.0009999999999998899
3768999,2801,3256,128009,3123,3947,126986,18,19860,74,1,11435,0.001000000000000334
3770001,2865,3241,127843,3061,3926,127046,18,19859,74,1,11436,0.0010019999999997253
3771000,2886,3308,127915,3040,3803,127027,19,19861,78,1,11437,0.0009990000000001942
3772000,2899,3227,127895,3079,3971,126912,18,19861,78,1,11438,0.0009999999999998899
3772999,2835,3176,127987,2960,3937,126875,20,19859,74,1,11439,0.0009990000000001942
3773999,2874,3259,127912,3060,3944,126843,20,19860,82,1,11440,0.0009999999999998899
3774999,2934,3226,127850,3072,3903,126963,20,19860,82,1,11441,0.0009999999999998899
3775999,2820,3194,127935,3073,3868,126938,18,19860,74,1,11442,0.0009999999999998899
3776999,2876,3158,128028,3096,3883,126854,19,19860,78,1,11443,0.001000000000000334
3777999,2817,3170,128057,3127,3977,127004,19,19860,78,1,11444,0.0009999999999998899
3778999,2981,3272,127872,2929,3921,126958,19,19860,78,1,11445,0.0009999999999998899
3779999,2873,3267,127895,3181,3877,126809,19,19859,78,1,11446,0.0009999999999998899
3780999,2883,3167,128017,3087,3861,126913,19,19860,78,1,11447,0.001000000000000334
3781999,2870,3170,127933,3122,3898,126906,18,19859,74,1,11448,0.0009999999999998899
3782999,2902,3253,127995,3046,3957,126759,19,19859,78,1,11449,0.0009999999999998899
3783999,2891,3219,127969,157846,3901,127019,19,19859,78,1,11450,0.0009999999999998899
3784999,3001,3198,128014,3047,3879,126874,20,19861,78,1,11451,0.001000000000000334
3785999,2928,3206,128093,3215,3789,126930,20,19858,82,1,11452,0.0009999999999998899
3786999,2922,3254,127977,3034,3922,126878,20,19861,82,1,11453,0.0009999999999998899
3787999,2781,3255,127982,3064,3817,126969,18,19859,74,1,11454,0.0009999999999998899
3788999,2931,3282,127953,3040,3908,126908,18,19860,74,1,11455,0.001000000000000334
3790000,2867,3267,127777,3154,3977,126934,20,19860,82,1,11456,0.0010010000000000296
3790999,2910,3232,127814,3083,3915,126983,20,19859,82,1,11457,0.00099899999999975
3791999,2875,3301,127980,3133,3953,126892,20,19861,82,1,11458,0.0009999999999998899
3792999,2817,3244,127971,3038,3855,126999,18,19860,74,1,11459,0.001000000000000334
3793999,2886,3216,127858,3119,3940,127043,19,19861,78,1,11460,0.0009999999999998899
3794999,2802,3182,127851,3018,3947,126891,18,19860,74,1,11461,0.0009999999999998899
3795999,2845,3144,127849,3165,3853,127000,19,19860,78,1,11462,0.0009999999999998899
3796999,2999,3216,127970,3149,3952,126921,17,19860,78,1,11463,0.001000000000000334
3797999,2701,3274,127797,3103,3943,127054,20,19860,70,1,11464,0.0009999999999998899
3799000,2866,3110,127860,3148,3930,126907,20,19861,82,1,11465,0.0010010000000000296
3800001,2898,3270,127866,157846,3980,126859,18,19861,74,1,11466,0.0010010000000000296
3800999,2901,3174,127874,3084,3962,126991,20,19858,82,1,11467,0.0009980000000000544
3801999,2953,3265,127882,3179,3887,127071,18,19858,74,1,11468,0.0009999999999998899
3803000,2974,3191,127815,3108,4001,127007,20,19859,74,1,11469,0.0010010000000000296
3803999,2901,3208,127978,3123,3968,126965,18,19860,82,1,11470,0.00099899999999975
3804999,2963,3221,127908,3141,3984,126810,18,19860,74,1,11471,0.001000000000000334
3805999,2878,3246,128168,3108,4050,127030,18,19860,74,1,11472,0.0009999999999998899
3806999,2768,3155,128057,3100,3943,127104,20,19860,82,1,11473,0.0009999999999998899
3807999,2938,3223,127913,3039,3919,126974,19,19860,78,1,11474,0.0009999999999998899
3809001,2904,3322,127821,3102,3959,126920,19,19860,78,1,11475,0.0010020000000001694
3809999,2954,3288,127952,3067,3916,126988,20,19859,78,1,11476,0.0009980000000000544
3810999,2835,3147,127995,3040,3942,127079,20,19860,82,1,11477,0.0009999999999998899
3812000,2868,3294,127920,3023,3936,126906,18,19860,74,1,11478,0.0010010000000000296
3812999,2772,3240,128035,3112,3869,126838,18,19861,74,1,11479,0.0009990000000001942
3813999,2912,3319,127950,3093,3941,126878,18,19860,74,1,11480,0.0009999999999998899
3814999,2959,3209,127846,3057,3837,126944,19,19860,74,1,11481,0.0009999999999998899
3815999,2858,3224,127904,3005,3896,126999,20,19861,78,1,11482,0.0009999999999998899
3816999,2871,3225,127815,3134,3912,126924,20,19860,82,1,11483,0.001000000000000334
3818000,2915,3178,127947,3121,3941,126881,21,19861,86,1,11484,0.0010009999999995856
3819000,2876,3197,127883,3095,3957,126950,18,19861,74,1,11485,0.001000000000000334
3819999,2853,3232,127979,3094,4024,127011,18,19859,74,1,11486,0.00099899999999975
3820999,2859,3181,127742,3150,3885,126833,19,19859,74,1,11487,0.001000000000000334
3821999,2873,3265,127912,3051,3932,127095,18,19860,78,1,11488,0.0009999999999998899
3822999,2737,3167,127938,3194,3906,126926,18,19858,74,1,11489,0.0009999999999998899
3824002,2907,3221,127790,2956,4021,126995,19,19859,78,1,11490,0.0010029999999998651
3825001,2864,3314,127972,3000,3964,126960,19,19859,78,1,11491,0.0009990000000001942
3825999,2924,3270,127838,3057,3950,126962,20,19860,82,1,11492,0.0009980000000000544
3827000,2865,3160,127878,3146,3872,127022,19,19860,82,1,11493,0.0010010000000000296
3827999,2948,3178,127847,3033,4011,126878,19,19861,78,1,11494,0.00099899999999975
3828999,2951,3258,127866,3091,3819,127013,19,19860,78,1,11495,0.001000000000000334
3829999,2785,3295,127964,2996,3943,127135,19,19860,78,1,11496,0.0009999999999998899
3830999,2858,3248,127905,3089,3848,126910,19,19860,78,1,11497,0.0009999999999998899
3832002,2894,3260,127938,3119,3958,126918,20,19860,82,1,11498,0.0010029999999998651
3833001,2976,3158,127821,3192,3780,126841,17,19860,82,1,11499,0.0009990000000001942
3833999,2934,3120,127902,3029,3874,126978,18,19860,70,1,11500,0.0009980000000000544
3834999,2890,3192,127902,3189,3927,126850,18,19860,74,1,11501,0.0009999999999998899
3835999,2818,3271,127891,2978,3874,126917,19,19859,78,1,11502,0.0009999999999998899
3836999,2896,3259,127918,3072,3838,126946,18,19859,74,1,11503,0.0009999999999998899
3837999,2771,3219,127939,2914,3860,126966,19,19861,78,1,11504,0.001000000000000334
3839001,2894,3232,127926,2969,3960,126911,18,19861,74,1,11505,0.0010019999999997253
3840001,2810,3307,127915,3053,4000,126867,17,19860,74,1,11506,0.001000000000000334
3840999,2821,3201,127947,3017,3843,126940,20,19859,70,1,11507,0.0009979999999996103
3842002,2811,3148,127955,3070,3939,126791,20,19861,82,1,11508,0.0010030000000003092
3842999,2921,3205,127880,3086,3974,126913,19,19860,78,1,11509,0.0009969999999999146
3844000,2844,3174,127837,3095,3858,126923,19,19859,78,1,11510,0.0010010000000000296
3844999,2945,3298,127901,3127,3907,126936,18,19859,74,1,11511,0.00099899999999975
3845999,2810,3265,127875,3108,3925,126836,18,19858,74,1,11512,0.001000000000000334
3847000,2880,3217,127982,3107,3875,126957,20,19860,74,1,11513,0.0010010000000000296
3848001,2819,3001,127935,3164,3918,126915,20,19860,82,1,11514,0.0010010000000000296
3849000,2895,3185,127805,3103,3888,127030,22,19860,90,1,11515,0.00099899999999975
3849999,2935,3244,127839,3229,3828,126946,19,19859,78,1,11516,0.0009990000000001942
3850999,2857,3255,127921,3040,3860,127027,19,19859,78,1,11517,0.0009999999999998899
3851999,2888,3227,127863,3018,3928,126920,19,19859,78,1,11518,0.0009999999999998899
3852999,2951,3175,128022,2983,3934,127002,19,19862,78,1,11519,0.0009999999999998899
3853999,2965,3203,127990,3134,3921,126966,19,19860,78,1,11520,0.001000000000000334
3854999,2861,3210,127850,3125,3962,127010,19,19860,78,1,11521,0.0009999999999998899
3855999,2822,3137,127936,3111,4008,126925,19,19860,78,1,11522,0.0009999999999998899
3856999,2893,3294,127880,3025,3927,126915,19,19860,78,1,11523,0.0009999999999998899
3857999,2751,3160,127968,3063,3986,126939,19,19860,78,1,11524,0.001000000000000334
3859001,2914,3152,127932,3053,3911,126956,18,19860,78,1,11525,0.0010019999999997253
3860001,2841,3259,127868,3157,3888,127011,18,19860,74,1,11526,0.001000000000000334
3861001,2954,3148,127882,3125,3877,126909,18,19860,74,1,11527,0.0009999999999998899
3862001,2798,3243,127845,3052,3839,127077,19,19860,78,1,11528,0.0009999999999998899
3862999,2803,3146,127976,150678,3862,126911,20,19860,82,1,11529,0.0009980000000000544
3864000,2955,3203,127867,2992,3866,126975,18,19860,82,1,11530,0.0010010000000000296
3864999,2850,3194,127942,2987,3949,126937,19,19860,74,1,11531,0.00099899999999975
3866001,2842,3227,127811,3177,3911,126976,19,19861,78,1,11532,0.0010020000000001694
3866999,2865,3214,128010,3105,3944,127022,19,19859,78,1,11533,0.0009980000000000544
3867999,2865,3140,127882,3110,3927,126814,20,19860,82,1,11534,0.0009999999999998899
3868999,2820,3231,127969,3140,3946,126970,20,19859,82,1,11535,0.0009999999999998899
3869999,2922,3299,127882,3112,4034,126915,19,19859,82,1,11536,0.001000000000000334
3871000,2933,3260,128021,3150,3979,126921,18,19860,78,1,11537,0.0010010000000000296
3871999,2972,3248,127865,3155,3926,126821,18,19861,74,1,11538,0.00099899999999975
3872999,2840,3192,127960,3089,3899,127005,18,19859,74,1,11539,0.0009999999999998899
3873999,2829,3188,127850,3138,3873,126766,17,19859,70,1,11540,0.001000000000000334
3875000,2867,3256,127944,3085,3979,126838,19,19860,78,1,11541,0.0010010000000000296
3875999,3015,3310,127938,3189,3986,127000,18,19860,78,1,11542,0.00099899999999975
3876999,3012,3272,127982,3078,3890,126904,19,19860,74,1,11543,0.0009999999999998899
3877999,2918,3262,127914,3083,3914,126928,19,19860,78,1,11544,0.001000000000000334
3878999,2854,3216,127989,158870,3898,126943,19,19859,78,1,11545,0.0009999999999998899
3879999,2819,3229,128021,3084,3909,126940,18,19859,74,1,11546,0.0009999999999998899
3880999,2915,3216,128026,3042,3980,126916,18,19860,74,1,11547,0.0009999999999998899
3881999,2881,3178,127794,3140,3873,126943,17,19860,70,1,11548,0.001000000000000334
3882999,2916,3236,127719,2980,3981,126945,19,19859,70,1,11549,0.0009999999999998899
3884000,2905,3251,127776,3143,3993,126902,19,19860,78,1,11550,0.0010010000000000296
3885000,2912,3097,128056,3048,3821,126824,19,19860,78,1,11551,0.0009999999999998899
3885999,2955,3165,127938,3073,3910,126961,22,19859,90,1,11552,0.0009990000000001942
3886999,2791,3151,127904,3042,3908,127103,19,19858,78,1,11553,0.0009999999999998899
3887999,2955,3307,127820,3176,3958,126941,19,19858,78,1,11554,0.0009999999999998899
3889001,2976,3174,127937,3103,3880,126877,19,19859,78,1,11555,0.0010020000000001694
3890001,3054,3265,127956,3095,3854,127032,19,19860,78,1,11556,0.0009999999999998899
3890999,2782,3198,127946,3179,3861,127023,19,19860,78,1,11557,0.0009980000000000544
3891999,2801,3220,127886,3160,3904,126922,20,19859,82,1,11558,0.0009999999999998899
3892999,2727,3201,127917,3201,3977,126987,19,19859,78,1,11559,0.0009999999999998899
3894001,2992,3261,127922,3042,3905,126847,18,19859,74,1,11560,0.0010020000000001694
3894999,2923,3116,127944,150678,3945,127025,18,19860,74,1,11561,0.0009980000000000544
3895999,2898,3275,127912,3002,3877,126785,20,19860,74,1,11562,0.0009999999999998899
3896999,2898,3238,127892,3157,3954,126958,20,19861,82,1,11563,0.0009999999999998899
3897999,2842,3213,127870,3037,3867,127039,18,19860,74,1,11564,0.001000000000000334
3898999,2918,3165,127855,3163,3928,127039,18,19858,74,1,11565,0.0009999999999998899
3899999,2923,3251,127768,3144,3912,126878,18,19860,74,1,11566,0.0009999999999998899
3900999,2858,3250,127884,3076,3937,126970,19,19860,74,1,11567,0.0009999999999998899
3901999,2851,3250,127895,2992,3900,126905,19,19860,78,1,11568,0.001000000000000334
3902999,2931,3321,127765,3146,3933,126805,19,19859,78,1,11569,0.0009999999999998899
3903999,2764,3222,127903,3024,3854,126902,19,19861,78,1,11570,0.0009999999999998899
3904999,2864,3239,127889,3059,3985,126928,19,19860,78,1,11571,0.0009999999999998899
3905999,2893,3323,127793,3124,3920,126795,19,19860,78,1,11572,0.001000000000000334
3906999,2869,3255,127740,3085,3945,126993,19,19860,78,1,11573,0.0009999999999998899
3907999,2789,3236,127931,3052,3947,127032,19,19859,78,1,11574,0.0009999999999998899
3908999,2882,3158,127921,3170,3879,126982,19,19859,78,1,11575,0.0009999999999998899
3910001,2980,3220,127918,3048,3900,126966,19,19860,78,1,11576,0.0010020000000001694
3910999,2792,3177,127896,3193,3983,126843,18,19860,74,1,11577,0.0009980000000000544
3911999,2941,3222,127864,3155,3909,126775,19,19859,78,1,11578,0.0009999999999998899
3912999,2846,3283,127954,3138,3885,126942,19,19859,78,1,11579,0.0009999999999998899
3913999,2962,3258,127868,3015,3904,126896,19,19860,78,1,11580,0.001000000000000334
3914999,2854,3187,127971,3185,3994,126917,19,19860,78,1,11581,0.0009999999999998899
3915999,2834,3308,128047,3131,3893,126878,20,19860,82,1,11582,0.0009999999999998899
3916999,2864,3209,127840,3171,3989,127035,19,19860,78,1,11583,0.0009999999999998899
3917999,2911,3210,127843,3084,3919,126913,18,19859,74,1,11584,0.001000000000000334
3918999,2920,3152,128042,3190,3973,126975,21,19859,74,1,11585,0.0009999999999998899
3920000,2944,3208,127838,3086,3921,126914,19,19860,86,1,11586,0.0010010000000000296
3921000,2786,3230,127857,3117,3979,126864,19,19859,78,1,11587,0.0009999999999998899
3921999,2919,3275,127978,3091,3920,127036,19,19861,78,1,11588,0.0009990000000001942
3923002,2878,3187,127853,3138,3865,127119,18,19860,74,1,11589,0.0010029999999998651
3923999,2916,3182,127813,3071,3997,126885,19,19860,78,1,11590,0.0009969999999999146
3924999,2895,3152,127912,3113,3800,127021,18,19860,74,1,11591,0.0009999999999998899
3925999,2900,3342,127900,3099,4014,126939,18,19858,74,1,11592,0.001000000000000334
3926999,2935,3214,127960,3159,3831,127152,19,19859,74,1,11593,0.0009999999999998899
3927999,2939,3124,127856,3032,4028,126965,19,19860,78,1,11594,0.0009999999999998899
3929000,2838,3192,127807,3066,3881,126975,19,19860,78,1,11595,0.0010010000000000296
3929999,2962,3181,127911,3148,3919,126900,18,19860,74,1,11596,0.0009990000000001942
3930999,2861,3111,127901,3165,3992,126975,18,19860,74,1,11597,0.0009999999999998899
3931999,2835,3175,127951,3088,3880,127007,18,19859,74,1,11598,0.0009999999999998899
3932999,2956,3299,127864,3052,3959,126892,20,19860,74,1,11599,0.0009999999999998899
3933999,2808,3122,127913,3077,3842,126967,20,19859,82,1,11600,0.001000000000000334
3934999,2926,3229,127929,3135,3922,126896,19,19860,78,1,11601,0.0009999999999998899
3936001,2837,3204,128010,3106,4046,127144,19,19861,78,1,11602,0.0010019999999997253
3936999,2899,3216,127912,3022,3953,126858,18,19861,74,1,11603,0.0009980000000000544
3938001,2864,3218,127939,3087,3987,126899,18,19860,74,1,11604,0.0010020000000001694
3939000,2836,3167,127861,3020,3839,126895,18,19861,74,1,11605,0.00099899999999975
3939999,2867,3146,127924,3129,3887,126954,18,19859,74,1,11606,0.0009990000000001942
3941000,2910,3282,127826,3090,3955,126981,19,19859,78,1,11607,0.0010010000000000296
3941999,2887,3164,127884,3173,3986,126799,18,19860,74,1,11608,0.0009990000000001942
3942999,2947,3236,127961,3002,3946,126894,18,19860,74,1,11609,0.0009999999999998899
3943999,2814,3283,127859,3075,3983,127004,18,19860,74,1,11610,0.0009999999999998899
3944999,2918,3192,127859,3162,4040,126950,18,19861,74,1,11611,0.0009999999999998899
3946006,2874,3161,127965,3134,3832,126840,18,19860,74,1,11612,0.0010069999999999801
3947000,2860,3164,127931,2991,3938,126991,18,19859,74,1,11613,0.0009939999999999394
3947999,2894,3167,127888,3257,3881,127006,18,19861,74,1,11614,0.0009990000000001942
3948999,2922,3172,127892,2959,3975,126939,20,19859,82,1,11615,0.0009999999999998899
3950000,2849,3315,127927,3214,3852,126956,17,19859,82,1,11616,0.0010010000000000296
3950999,2848,3210,127917,3141,3998,126998,18,19861,70,1,11617,0.0009990000000001942
3952000,3013,3214,127819,3167,4005,126849,18,19860,74,1,11618,0.0010010000000000296
3953000,2872,3288,127961,3154,3973,126870,16,19858,66,1,11619,0.0009999999999998899
3953999,2913,3182,127759,3074,3865,126928,18,19861,74,1,11620,0.0009990000000001942
3955000,2858,3214,127828,3117,3993,126906,18,19860,74,1,11621,0.0010009999999995856
3955999,2848,3278,127880,3085,3931,126983,18,19860,74,1,11622,0.0009990000000001942
3957000,2827,3253,127830,3088,4000,126939,18,19862,74,1,11623,0.0010010000000000296
3958000,2811,3326,127892,157846,3944,126890,18,19860,74,1,11624,0.0009999999999998899
3958999,2777,3205,127974,3088,3897,126867,18,19860,74,1,11625,0.0009990000000001942
3960001,2941,3194,127844,3160,3877,126987,17,19860,70,1,11626,0.0010019999999997253
3960999,2831,3219,127819,3072,3852,126883,19,19860,78,1,11627,0.0009980000000000544
3961999,2843,3326,127825,3072,3828,126911,19,19860,78,1,11628,0.0009999999999998899
3962999,2786,3276,127862,3005,3968,126991,18,19860,78,1,11629,0.001000000000000334
3964018,2778,3288,127897,3153,3887,126952,18,19861,74,1,11630,0.0010189999999998811
3965002,2913,3243,127991,3011,3914,126866,19,19860,78,1,11631,0.0009839999999998739
3966009,2879,3291,127766,3111,3843,126918,16,19859,66,1,11632,0.0010069999999999801
3966999,2840,3176,127710,3137,4003,127020,18,19860,74,1,11633,0.0009900000000002684
3967999,2965,3313,127908,2985,3937,126928,18,19860,74,1,11634,0.0009999999999998899
3968999,2827,3172,127993,2971,3949,126921,20,19860,74,1,11635,0.0009999999999998899
3970000,2912,3254,128028,3151,3836,126929,20,19860,82,1,11636,0.0010010000000000296
3970999,2893,3242,127924,3007,3955,127050,19,19861,78,1,11637,0.0009990000000001942
3971999,2884,3255,127848,3184,3980,126862,19,19860,78,1,11638,0.0009999999999998899
3972999,2893,3152,127959,3117,3975,126870,17,19863,70,1,11639,0.0009999999999998899
3973999,2941,3232,127905,149654,3974,126923,18,19863,74,1,11640,0.0009999999999998899
3975000,2938,3237,127764,3186,3926,126907,19,19860,74,1,11641,0.0010010000000000296
3975999,2880,3186,127826,3107,3982,126822,17,19861,78,1,11642,0.0009990000000001942
3976999,2874,3180,127825,3156,3879,127007,17,19860,70,1,11643,0.0009999999999998899
3977999,2932,3403,127931,3135,3992,126896,18,19860,74,1,11644,0.0009999999999998899
3979000,2830,3237,127760,3078,3880,126912,19,19861,78,1,11645,0.0010010000000000296
3979999,2842,3183,127960,3040,3821,126972,19,19861,78,1,11646,0.0009990000000001942
3981000,2844,3092,127956,3094,3904,126997,18,19861,78,1,11647,0.0010010000000000296
3981999,2878,3224,127857,3122,3981,126818,18,19860,74,1,11648,0.00099899999999975
3983000,2837,3120,127896,3048,3862,126913,18,19860,74,1,11649,0.0010010000000000296
3984000,2799,3270,127994,3068,3912,126888,18,19860,74,1,11650,0.001000000000000334
3985000,2796,3178,127939,3153,3946,126876,18,19860,74,1,11651,0.0009999999999998899
3985999,2944,3236,127886,3140,3865,126981,19,19860,78,1,11652,0.00099899999999975
3987001,2892,3185,127876,3173,3939,126981,19,19860,78,1,11653,0.0010020000000001694
3987999,2964,3229,127787,3071,4049,127059,18,19858,78,1,11654,0.0009980000000000544
3988999,2858,3197,127882,3167,3917,126912,18,19861,74,1,11655,0.0009999999999998899
3989999,2858,3278,127930,157846,3947,126839,18,19861,74,1,11656,0.0009999999999998899
3990999,2884,3177,128019,3059,3868,126915,16,19859,66,1,11657,0.001000000000000334
3991999,2871,3185,127877,3000,4000,127019,19,19860,78,1,11658,0.0009999999999998899
3992999,2872,3252,127809,3187,3983,126968,18,19860,78,1,11659,0.0009999999999998899
3993999,2910,3165,127880,3124,3905,126968,18,19859,74,1,11660,0.0009999999999998899
3994999,2933,3151,128000,3125,3896,126859,18,19861,74,1,11661,0.001000000000000334
3995999,2907,3216,127844,3073,3974,126846,17,19862,70,1,11662,0.0009999999999998899
3996999,2913,3276,127920,3155,3923,126975,18,19859,74,1,11663,0.0009999999999998899
3997999,2951,3153,127795,3149,3989,126887,18,19861,74,1,11664,0.0009999999999998899
3998999,2842,3197,127775,3040,3890,127034,18,19861,74,1,11665,0.001000000000000334
3999999,2840,3217,128007,3039,3879,127001,18,19860,74,1,11666,0.0009999999999998899
4000999,2796,3172,127927,3032,3902,126975,18,19860,74,1,11667,0.001000000000000334
4001999,2832,3118,127982,3064,3888,126884,16,19862,66,1,11668,0.0009999999999994458
4002999,2921,3277,127884,3014,3911,127037,19,19860,78,1,11669,0.001000000000000334
4003999,2752,3198,127919,3077,3978,126945,20,19861,82,1,11670,0.0009999999999994458
4004999,2924,3303,127830,3087,3863,126891,18,19861,82,1,11671,0.001000000000000334
4005999,2849,3294,127965,3039,3860,127018,19,19860,74,1,11672,0.001000000000000334
4006999,2821,3221,127844,3180,3896,126931,19,19860,78,1,11673,0.0009999999999994458
4007999,2801,3166,127944,3143,3947,126985,18,19862,74,1,11674,0.001000000000000334
4008999,2869,3153,127867,3177,3906,126917,19,19861,78,1,11675,0.001000000000000334
4010001,2936,3200,127980,3149,3947,126973,18,19861,74,1,11676,0.0010019999999997253
4010999,2968,3222,127789,3118,3922,126822,18,19861,74,1,11677,0.0009980000000000544
4011999,2954,3198,128011,3065,4019,126900,18,19860,74,1,11678,0.0009999999999994458
4012999,2993,3317,127992,3096,3826,126955,18,19860,74,1,11679,0.001000000000000334
4013999,2872,3232,127991,3132,3934,127009,19,19860,78,1,11680,0.001000000000000334
4014999,3063,3330,127974,3109,3877,126862,18,19860,74,1,11681,0.0009999999999994458
4015999,2761,3049,127884,3004,3901,127006,18,19860,74,1,11682,0.001000000000000334
4016999,2910,3231,127888,3170,3929,127025,18,19860,74,1,11683,0.001000000000000334
4018002,2745,3206,127973,3065,3935,127057,18,19860,74,1,11684,0.0010029999999998651
4018999,2910,3182,127965,3125,3902,126910,18,19860,74,1,11685,0.0009969999999999146
4020001,2889,3206,127878,3167,3927,126877,18,19859,74,1,11686,0.0010019999999997253
4020999,2961,3225,127886,3108,3927,126884,17,19860,70,1,11687,0.0009980000000000544
4021999,2833,3226,127777,3005,3947,126988,18,19860,74,1,11688,0.001000000000000334
4022999,2809,3273,127735,3062,3922,126918,18,19860,74,1,11689,0.0009999999999994458
4023999,2969,3113,127965,3061,3767,126915,18,19860,74,1,11690,0.001000000000000334
4025000,2914,3304,128023,3091,3968,126905,19,19860,74,1,11691,0.0010009999999995856
4025999,2841,3122,128041,3172,3909,127049,19,19861,78,1,11692,0.0009990000000001942
4026999,2824,3170,127794,3157,3976,126992,19,19860,78,1,11693,0.001000000000000334
4028001,2843,3308,127916,3068,3831,126899,18,19861,74,1,11694,0.0010019999999997253
4028999,2878,3322,127940,3007,3828,126929,18,19860,74,1,11695,0.0009980000000000544
4029999,2899,3235,127827,3089,3921,126952,17,19860,74,1,11696,0.001000000000000334
4030999,2918,3235,127848,3054,3970,126898,18,19861,70,1,11697,0.0009999999999994458
4031999,2832,3182,127771,3179,3936,126855,18,19860,74,1,11698,0.001000000000000334
4032999,2992,3240,127930,3131,3939,127046,19,19860,78,1,11699,0.001000000000000334
4034000,2929,3101,127862,3019,3938,127019,17,19859,70,1,11700,0.0010009999999995856
4034999,2915,3265,127829,3040,3941,126885,17,19861,70,1,11701,0.0009990000000001942
4036000,2788,3183,127854,3092,3866,126909,19,19861,70,1,11702,0.0010009999999995856
4037000,2870,3291,127825,3058,3927,126964,19,19860,78,1,11703,0.001000000000000334
4038001,2843,3250,127852,3066,3861,126948,19,19860,78,1,11704,0.0010009999999995856
4038999,2915,3235,127886,3142,3903,126948,18,19861,74,1,11705,0.0009980000000000544
4039999,2838,3135,127911,3117,3906,126934,19,19860,78,1,11706,0.001000000000000334
4040999,2823,3199,127798,3007,3975,126881,18,19859,74,1,11707,0.001000000000000334
4041999,2778,3155,127921,3063,3847,126945,17,19859,74,1,11708,0.0009999999999994458
4042999,2962,3229,127850,3126,3953,126845,17,19861,70,1,11709,0.001000000000000334
4044001,2799,3221,127785,3178,3905,127024,17,19860,70,1,11710,0.0010019999999997253
4045009,2952,3315,127934,3120,3990,126969,18,19860,74,1,11711,0.0010079999999996758
4045999,2897,3313,127912,3109,3773,127100,18,19860,74,1,11712,0.0009900000000007125
4046999,2829,3291,127976,3225,3871,126967,19,19859,78,1,11713,0.0009999999999994458
4047999,2861,3205,127847,3131,3987,126855,17,19859,78,1,11714,0.001000000000000334
4048999,2886,3212,127836,3116,3964,126756,19,19860,70,1,11715,0.001000000000000334
4049999,2903,3199,127901,3168,3880,126936,19,19861,78,1,11716,0.0009999999999994458
4050999,2789,3219,127861,3064,3910,126990,20,19860,82,1,11717,0.001000000000000334
4052001,2912,3225,127993,3139,3878,126908,18,19860,74,1,11718,0.0010019999999997253
4053001,3008,3194,127954,157846,3850,126881,17,19860,70,1,11719,0.001000000000000334
4053999,2964,3191,127901,3108,3896,126947,18,19860,70,1,11720,0.0009980000000000544
4055002,2854,3264,127813,3163,4000,126917,18,19860,74,1,11721,0.0010029999999998651
4055999,2914,3307,127864,3166,3888,126917,18,19861,74,1,11722,0.0009969999999999146
4056999,2879,3226,127800,3105,3970,126842,18,19860,74,1,11723,0.001000000000000334
4057999,2937,3210,127929,3080,3921,127060,20,19861,82,1,11724,0.0009999999999994458
4059000,2844,3247,127879,3155,3967,127000,18,19860,74,1,11725,0.0010010000000004737
4059999,2870,3277,127868,3054,3896,126893,18,19860,74,1,11726,0.000998999999999306
4060999,2862,3291,127898,3050,3962,126923,18,19861,74,1,11727,0.001000000000000334
4061999,2806,3147,127857,3022,3878,126938,18,19860,74,1,11728,0.001000000000000334
4062999,2890,3148,127932,3084,3896,126792,18,19861,74,1,11729,0.0009999999999994458
4064001,2832,3177,127847,3135,3970,126981,18,19861,74,1,11730,0.0010020000000006135
4064999,2899,3216,127809,3167,3909,127021,19,19861,78,1,11731,0.0009980000000000544
4065999,2894,3210,127952,3156,3907,126837,19,19861,78,1,11732,0.0009999999999994458
4066999,2833,3276,127934,3004,3820,126998,17,19860,78,1,11733,0.001000000000000334
4067999,3013,3208,127903,3149,3935,126965,18,19860,70,1,11734,0.0009999999999994458
4068999,2837,3118,128033,150678,3888,126940,18,19860,74,1,11735,0.001000000000000334
4069999,2915,3259,127942,3040,3877,126958,17,19860,70,1,11736,0.001000000000000334
4070999,2833,3212,127937,3106,3796,126910,19,19862,78,1,11737,0.0009999999999994458
4071999,2952,3279,128018,3058,3899,127034,18,19862,74,1,11738,0.001000000000000334
4072999,2832,3206,128021,3046,3924,127019,16,19861,74,1,11739,0.001000000000000334
4073999,2825,3241,127826,3103,3991,127011,18,19860,66,1,11740,0.0009999999999994458
4074999,2970,3230,127871,3044,3823,126964,18,19861,74,1,11741,0.001000000000000334
4075999,2887,3215,127935,3056,4003,126947,16,19859,66,1,11742,0.0009999999999994458
4076999,2873,3217,127894,3093,3893,127080,16,19861,66,1,11743,0.001000000000000334
4077999,2843,3251,127919,3127,3919,126809,19,19860,78,1,11744,0.001000000000000334
4078999,2843,3246,127937,3102,3920,126967,18,19860,78,1,11745,0.0009999999999994458
4079999,2773,3201,127881,3154,3939,126838,17,19861,74,1,11746,0.001000000000000334
4081001,2797,3253,127928,3083,3820,127080,17,19861,70,1,11747,0.0010019999999997253
4082001,2766,3207,127904,3013,4047,126875,17,19862,70,1,11748,0.001000000000000334
4083001,2809,3276,127920,3067,3855,126821,20,19861,82,1,11749,0.0009999999999994458
4083999,2890,3198,127890,3077,3977,126946,17,19859,70,1,11750,0.0009980000000000544
4084999,2988,3231,127849,149654,3938,126967,18,19859,70,1,11751,0.001000000000000334
4085999,2939,3269,127774,3054,3906,126910,19,19861,74,1,11752,0.001000000000000334
4086999,2905,3246,127906,3135,3857,126878,19,19861,78,1,11753,0.0009999999999994458
4087999,2861,3287,127737,3088,3839,127014,18,19860,74,1,11754,0.001000000000000334
4088999,2901,3206,127860,3004,3847,126954,17,19861,70,1,11755,0.0009999999999994458
4089999,2889,3247,127967,3054,3988,126944,18,19861,74,1,11756,0.001000000000000334
4090999,3012,3309,127813,3000,3982,126970,17,19861,74,1,11757,0.001000000000000334
4091999,2917,3273,127980,3173,3987,126997,20,19860,70,1,11758,0.0009999999999994458
4092999,2944,3229,127834,3136,3903,126945,20,19861,82,1,11759,0.001000000000000334
4093999,2907,3235,127842,3234,3911,126907,18,19861,74,1,11760,0.001000000000000334
4094999,3012,3217,127770,3186,3828,126952,20,19861,82,1,11761,0.0009999999999994458
4095999,3007,3195,127911,3003,3990,127015,17,19862,70,1,11762,0.001000000000000334
4096999,2895,3300,127807,3147,4036,126946,17,19862,70,1,11763,0.0009999999999994458
4097999,2868,3208,127982,3168,3939,126916,18,19861,70,1,11764,0.001000000000000334
4098999,2899,3235,127964,3111,3927,127162,18,19860,74,1,11765,0.001000000000000334
4099999,2774,3193,127905,3022,3994,127032,18,19859,74,1,11766,0.0009999999999994458
4101003,2944,3216,127926,3088,3896,126857,18,19860,74,1,11767,0.0010040000000000049
4102001,2888,3244,127928,3098,3885,126999,18,19861,74,1,11768,0.0009980000000000544
4103001,2905,3316,127878,2957,3877,126988,20,19861,74,1,11769,0.001000000000000334
4103999,2882,3188,128040,3083,3934,127033,18,19861,82,1,11770,0.0009980000000000544
4104999,2828,3281,127918,3039,3893,126888,18,19861,74,1,11771,0.0009999999999994458
4105999,2942,3205,127928,3101,3963,127036,18,19859,74,1,11772,0.001000000000000334
4106999,2833,3269,127820,3051,3927,126884,18,19861,74,1,11773,0.001000000000000334
4108000,2955,3323,127796,3091,4020,126982,18,19860,74,1,11774,0.0010009999999995856
4108999,2842,3195,127879,3112,3980,126903,17,19860,70,1,11775,0.0009990000000001942
4109999,2928,3137,127915,3037,3917,126871,18,19861,70,1,11776,0.001000000000000334
4110999,2824,3273,127858,3013,3871,126974,18,19860,74,1,11777,0.0009999999999994458
4111999,2829,3189,127898,3121,3905,127051,18,19861,74,1,11778,0.001000000000000334
4113000,2835,3170,127944,3099,3941,127000,18,19860,74,1,11779,0.0010009999999995856
4113999,2886,3201,127854,3082,3954,127001,18,19860,74,1,11780,0.0009990000000001942
4114999,3011,3169,127891,3063,3815,127032,18,19860,74,1,11781,0.001000000000000334
4116001,2829,3234,127839,3159,3859,126954,19,19861,74,1,11782,0.0010019999999997253
4116999,2930,3283,127941,3038,3992,126992,19,19859,78,1,11783,0.0009980000000000544
4117999,2837,3201,127989,3135,3876,126941,19,19860,78,1,11784,0.001000000000000334
4118999,2935,3215,127785,3125,3942,126914,18,19861,74,1,11785,0.0009999999999994458
4119999,2896,3189,127859,3110,3901,126944,16,19861,66,1,11786,0.001000000000000334
4120999,2754,3305,127806,3079,3914,126904,18,19861,74,1,11787,0.0009999999999994458
4122002,2776,3210,127894,3108,3832,126876,18,19861,74,1,11788,0.0010030000000007533
4122999,2897,3314,127903,3123,3919,126961,18,19860,74,1,11789,0.0009969999999999146
4123999,2908,3198,127954,3122,3879,127124,18,19860,74,1,11790,0.0009999999999994458
4124999,2896,3209,127938,3035,3910,126827,19,19861,78,1,11791,0.001000000000000334
4125999,2771,3208,127832,3175,3856,126790,18,19860,74,1,11792,0.001000000000000334
4127000,2857,3160,127905,3063,3896,126837,18,19861,74,1,11793,0.0010009999999995856
4127999,2905,3199,127821,3064,3893,126796,19,19861,74,1,11794,0.0009990000000001942
4128999,2841,3206,127910,3049,3979,126920,18,19858,78,1,11795,0.0009999999999994458
4129999,2920,3232,128046,3002,3864,126897,18,19860,74,1,11796,0.001000000000000334
4130999,2904,3159,127961,3204,4054,127038,19,19859,78,1,11797,0.001000000000000334
4131999,2919,3235,127839,2978,3868,126908,17,19860,70,1,11798,0.0009999999999994458
4132999,2877,3319,127905,3039,3927,126813,19,19860,78,1,11799,0.001000000000000334
4133999,2957,3341,127813,3124,3899,126941,20,19860,78,1,11800,0.001000000000000334
4134999,2893,3138,127896,3009,3869,126815,18,19861,82,1,11801,0.0009999999999994458
4136000,2979,3179,127835,3041,3879,126886,18,19859,74,1,11802,0.0010010000000004737
4136999,2884,3155,127859,3142,3904,126820,18,19860,74,1,11803,0.000998999999999306
4138000,2870,3296,127886,3121,3851,126913,18,19860,74,1,11804,0.0010010000000004737
4138999,2950,3180,128030,3118,3922,126913,18,19860,74,1,11805,0.0009990000000001942
4140000,2835,3209,127830,2952,3902,127015,18,19860,74,1,11806,0.0010009999999995856
4140999,2862,3193,127884,3117,4004,126940,18,19860,74,1,11807,0.0009990000000001942
4142000,2832,3226,127901,3139,3878,127080,18,19860,74,1,11808,0.0010009999999995856
4142999,2929,3196,127875,3096,3984,126931,18,19861,74,1,11809,0.0009990000000001942
4143999,2992,3253,127805,3075,3980,126951,19,19861,78,1,11810,0.001000000000000334
4145000,2884,3248,127896,3039,3891,126825,18,19861,74,1,11811,0.0010009999999995856
4145999,2840,3243,127813,3066,3799,126892,16,19861,74,1,11812,0.0009990000000001942
4146999,2847,3216,127880,3045,3822,127046,18,19861,66,1,11813,0.001000000000000334
4148000,2839,3250,127926,150678,4034,126894,18,19860,74,1,11814,0.0010009999999995856
4148999,2952,3315,127779,3057,3885,127085,18,19859,74,1,11815,0.0009990000000001942
4149999,3032,3178,127893,3174,3988,127029,19,19860,78,1,11816,0.001000000000000334
4151000,2937,3206,127921,3047,3956,126998,18,19860,74,1,11817,0.0010009999999995856
4151999,2944,3239,127913,3035,3931,126883,18,19860,74,1,11818,0.0009990000000001942
4153000,2837,3244,127885,3142,4038,126936,18,19859,74,1,11819,0.0010009999999995856
4153999,2933,3238,127989,3057,3843,126926,17,19861,74,1,11820,0.0009990000000001942
4154999,2979,3241,127989,3164,3876,126985,17,19861,70,1,11821,0.001000000000000334
4155999,2886,3241,127871,3069,3998,126920,17,19861,70,1,11822,0.0009999999999994458
4156999,2826,3271,127951,3084,3976,127164,18,19861,74,1,11823,0.001000000000000334
4157999,2888,3231,127867,3000,3903,126943,18,19861,74,1,11824,0.001000000000000334
4159001,2837,3125,127829,3120,3958,127007,16,19860,74,1,11825,0.0010019999999997253
4160001,2924,3234,127838,3059,3919,126950,17,19861,66,1,11826,0.0009999999999994458
4160999,2857,3231,127917,3006,3833,126983,17,19860,70,1,11827,0.0009980000000000544
4161999,2906,3237,127869,3106,3906,126907,19,19859,78,1,11828,0.001000000000000334
4162999,2867,3214,127904,3095,3909,126924,18,19861,74,1,11829,0.001000000000000334
4163999,2900,3247,128008,150678,3885,126900,19,19861,78,1,11830,0.0009999999999994458
4164999,2791,3206,127791,3120,3836,126872,17,19860,78,1,11831,0.001000000000000334
4165999,2863,3268,127853,3038,3933,126894,19,19860,70,1,11832,0.001000000000000334
4166999,2929,3223,127912,3253,3836,127025,19,19862,78,1,11833,0.0009999999999994458
4167999,2875,3237,127995,3083,3973,126983,18,19860,74,1,11834,0.001000000000000334
4168999,2888,3250,127753,3016,3977,126994,17,19860,70,1,11835,0.0009999999999994458
4169999,2886,3187,127772,3036,3823,126981,18,19860,74,1,11836,0.001000000000000334
4171000,2885,3293,127813,3163,4038,126824,18,19860,74,1,11837,0.0010009999999995856
4171999,2967,3260,127855,2957,4026,126991,20,19859,74,1,11838,0.0009990000000001942
4172999,2893,3230,128046,3130,3896,126797,20,19862,82,1,11839,0.001000000000000334
4173999,2819,3169,127857,3108,3972,126952,18,19862,74,1,11840,0.001000000000000334
4174999,2891,3208,127881,3176,3879,126967,17,19861,70,1,11841,0.0009999999999994458
4175999,2966,3090,127690,3038,3943,126823,17,19860,70,1,11842,0.001000000000000334
4176999,2955,3182,127949,3090,3894,127006,18,19860,70,1,11843,0.0009999999999994458
4177999,2828,3281,127919,3031,3947,126993,18,19860,74,1,11844,0.001000000000000334
4179000,2903,3214,127860,3063,3804,127008,18,19860,74,1,11845,0.0010009999999995856
4179999,2927,3156,127934,150678,3864,126958,17,19861,70,1,11846,0.0009990000000001942
4180999,2938,3256,127870,3093,3854,127098,19,19859,78,1,11847,0.001000000000000334
4181999,2881,3221,127831,3012,3864,126836,18,19860,74,1,11848,0.001000000000000334
4182999,2862,3141,127932,3143,3934,126868,18,19860,74,1,11849,0.0009999999999994458
4183999,2993,3173,127904,3129,3851,126949,17,19861,74,1,11850,0.001000000000000334
4184999,2923,3220,127960,3026,3915,127083,17,19860,70,1,11851,0.0009999999999994458
4185999,2824,3170,127854,3173,3887,127028,18,19860,74,1,11852,0.001000000000000334
4186999,2887,3218,127888,2986,3890,126964,18,19860,74,1,11853,0.001000000000000334
4187999,2825,3160,127985,3089,3851,126868,18,19859,74,1,11854,0.0009999999999994458
4188999,2911,3078,127938,3105,3883,126912,18,19859,74,1,11855,0.001000000000000334
4189999,2878,3225,128028,3023,3909,126966,21,19860,74,1,11856,0.001000000000000334
4190999,2990,3246,127866,3056,3912,127086,21,19860,86,1,11857,0.0009999999999994458
4191999,2650,3113,127825,3100,3942,126950,18,19860,74,1,11858,0.001000000000000334
4192999,2858,3157,127942,3054,3897,126883,18,19861,74,1,11859,0.0009999999999994458
4194001,2797,3215,127931,3071,3913,126952,19,19860,78,1,11860,0.0010020000000006135
4195000,2825,3175,127981,3036,3851,127098,17,19860,70,1,11861,0.000998999999999306
4196002,2836,3203,127860,3153,3945,127011,18,19860,70,1,11862,0.0010020000000006135
4196999,2879,3213,127859,3076,3965,126925,18,19860,74,1,11863,0.0009969999999999146
4197999,2924,3134,127841,3209,3902,126995,18,19860,74,1,11864,0.0009999999999994458
4198999,2759,3133,127864,3083,3935,127021,17,19860,70,1,11865,0.001000000000000334
4200000,2917,3167,127912,3105,3963,127038,17,19860,70,1,11866,0.0010010000000004737
4201006,2802,3254,127942,3070,3946,126852,16,19860,66,1,11867,0.0010059999999993963
4202003,2733,3192,127748,3133,3868,126930,17,19860,66,1,11868,0.0009969999999999146
4203015,2877,3218,127847,3018,4017,126856,19,19861,70,1,11869,0.001012000000000235
4204001,2938,3152,127835,3183,3892,127012,19,19861,78,1,11870,0.0009860000000001534
4204999,2846,3181,127822,3074,3927,126894,18,19861,74,1,11871,0.0009980000000000544
4205999,2900,3144,127857,3113,3946,126960,17,19860,70,1,11872,0.0009999999999994458
4206999,2929,3133,127771,3172,3870,126935,19,19860,78,1,11873,0.001000000000000334
4208000,2958,3292,127997,3111,3884,126982,18,19861,78,1,11874,0.0010010000000004737
4209000,2889,3260,127738,3065,4009,126904,17,19861,74,1,11875,0.0009999999999994458
4209999,2946,3276,127889,3153,3929,126957,17,19860,70,1,11876,0.0009990000000001942
4210999,2927,3205,127907,3239,3977,126832,18,19862,74,1,11877,0.001000000000000334
4211999,2876,3253,127923,3098,3880,126899,15,19860,61,1,11878,0.0009999999999994458
4212999,2868,3164,127991,3069,4014,127031,19,19860,78,1,11879,0.001000000000000334
4214000,2874,3231,127883,2994,3809,126978,18,19860,78,1,11880,0.0010009999999995856
4214999,2899,3229,127792,3052,3848,126969,17,19861,74,1,11881,0.0009990000000001942
4215999,2884,3233,127896,3142,3868,126847,17,19861,70,1,11882,0.001000000000000334
4216999,2923,3247,127951,3114,3888,126941,19,19860,78,1,11883,0.0009999999999994458
4217999,2882,3252,127920,3156,3887,126886,17,19861,70,1,11884,0.001000000000000334
4219000,2838,3246,127936,3104,3991,126920,19,19861,78,1,11885,0.0010009999999995856
4219999,2928,3271,127899,3109,3866,126879,18,19861,78,1,11886,0.0009990000000001942
4221000,2902,3296,127849,3037,3942,126879,19,19860,74,1,11887,0.0010010000000004737
4221999,3029,3321,127904,2950,3858,126897,19,19860,78,1,11888,0.000998999999999306
4222999,2773,3192,127810,3064,3958,126985,16,19861,66,1,11889,0.001000000000000334
4224000,2927,3140,127814,3071,3963,126959,17,19861,70,1,11890,0.0010010000000004737
4225001,2892,3168,127929,3080,3972,127016,18,19862,74,1,11891,0.0010009999999995856
4225999,3007,3137,127878,3038,3970,126793,19,19862,74,1,11892,0.0009980000000000544
4226999,2854,3241,127970,3153,3905,126854,18,19860,78,1,11893,0.001000000000000334
4227999,2816,3305,127820,3052,3919,126852,18,19860,74,1,11894,0.0009999999999994458
4228999,2877,3177,127830,3102,3916,126927,18,19861,74,1,11895,0.001000000000000334
4229999,2873,3051,128028,2999,3909,127023,20,19862,82,1,11896,0.0009999999999994458
4230999,2882,3175,127830,3120,3980,126962,19,19861,78,1,11897,0.001000000000000334
4231999,2751,3217,127911,3045,3875,127013,18,19861,78,1,11898,0.001000000000000334
4232999,2797,3248,127886,3034,3912,127006,18,19860,74,1,11899,0.0009999999999994458
4234001,2911,3253,127971,3040,3856,127117,18,19861,74,1,11900,0.0010020000000006135
4234999,2920,3297,127984,3121,3903,126885,18,19861,74,1,11901,0.0009980000000000544
4235999,3003,3317,127900,3163,3881,127016,18,19861,74,1,11902,0.0009999999999994458
4236999,2883,3155,127915,3046,3856,127020,18,19861,74,1,11903,0.001000000000000334
4237999,2852,3192,127860,3170,3867,127072,17,19861,70,1,11904,0.0009999999999994458
4238999,2957,3040,127869,3063,3938,126995,19,19862,70,1,11905,0.001000000000000334
4239999,2913,3221,127899,3080,3903,126917,17,19859,78,1,11906,0.001000000000000334
4240999,2853,3227,127909,3155,3882,126934,17,19860,70,1,11907,0.0009999999999994458
4241999,2989,3258,127773,3064,3911,126947,18,19859,74,1,11908,0.001000000000000334
4242999,2867,3264,127898,158870,3906,127049,19,19860,78,1,11909,0.001000000000000334
4243999,2910,3239,127781,3138,3991,126959,19,19860,78,1,11910,0.0009999999999994458
4244999,2878,3294,127790,3094,3919,127002,18,19860,78,1,11911,0.001000000000000334
4245999,2868,3308,127848,3086,3951,126868,17,19861,74,1,11912,0.0009999999999994458
4246999,2847,3268,127760,3101,3957,126897,17,19860,70,1,11913,0.001000000000000334
4247999,2905,3262,127830,3144,3949,126911,16,19860,66,1,11914,0.001000000000000334
4248999,2807,3237,127744,3165,3839,126862,20,19860,82,1,11915,0.0009999999999994458
4250000,2831,3290,127903,3104,3926,126859,17,19860,70,1,11916,0.0010010000000004737
4250999,2900,3227,127818,3232,3843,126881,17,19860,70,1,11917,0.0009990000000001942
4251999,2801,3224,127904,3064,4046,126961,17,19860,70,1,11918,0.0009999999999994458
4252999,2850,3251,127873,3091,3910,126970,17,19860,70,1,11919,0.001000000000000334
4254001,2974,3293,127887,3058,3939,126885,19,19861,78,1,11920,0.0010019999999997253
4255001,2824,3276,127802,3122,3890,127096,18,19860,74,1,11921,0.001000000000000334
4255999,2863,3246,127891,2984,3885,126877,18,19860,74,1,11922,0.0009980000000000544
4257000,2887,3295,127954,3308,3940,126983,18,19860,74,1,11923,0.0010009999999995856
4257999,2934,3286,127944,3054,3816,126937,17,19859,74,1,11924,0.0009990000000001942
4258999,2955,3234,127932,157846,3909,126901,17,19861,70,1,11925,0.001000000000000334
4259999,2907,3265,127841,3109,3933,126953,17,19862,70,1,11926,0.0009999999999994458
4260999,2890,3288,127898,3074,3938,126978,18,19861,74,1,11927,0.001000000000000334
4261999,2795,3091,127956,3040,4003,126882,18,19860,74,1,11928,0.0009999999999994458
4262999,2943,3170,127985,3159,3831,126934,18,19860,74,1,11929,0.001000000000000334
4264001,2845,3167,128002,3062,3904,127023,18,19860,74,1,11930,0.0010019999999997253
4265001,2977,3270,127936,2995,3901,127009,18,19860,74,1,11931,0.001000000000000334
4266000,2856,3310,128020,2892,3927,126874,17,19860,70,1,11932,0.0009990000000001942
4267000,2808,3228,127882,3124,3820,127048,18,19860,74,1,11933,0.0009999999999994458
4267999,2830,3144,127875,3057,3929,127030,18,19861,74,1,11934,0.0009990000000001942
4269001,2914,3307,127775,3040,3939,126966,18,19861,74,1,11935,0.0010019999999997253
4269999,2904,3226,127936,3146,3875,126901,19,19860,74,1,11936,0.0009980000000000544
4270999,2892,3265,128036,3120,3893,127020,19,19858,78,1,11937,0.001000000000000334
4271999,2980,3262,128001,3105,3862,127100,18,19860,74,1,11938,0.001000000000000334
4272999,2830,3253,128125,3036,3906,126963,19,19860,78,1,11939,0.0009999999999994458
4274000,2800,3151,127864,3089,3858,126957,17,19860,70,1,11940,0.0010010000000004737
4274999,2905,3241,127781,150678,3907,127016,18,19860,70,1,11941,0.0009990000000001942
4276001,2843,3199,127909,3171,3910,126973,17,19861,74,1,11942,0.0010019999999997253
4276999,2849,3340,127987,3057,3885,126931,17,19860,70,1,11943,0.0009980000000000544
4277999,2875,3203,127869,3131,3940,126852,18,19861,74,1,11944,0.0009999999999994458
4278999,2865,3275,127940,3128,3861,126928,19,19860,78,1,11945,0.001000000000000334
4279999,2841,3210,127858,3297,4010,126920,19,19862,78,1,11946,0.001000000000000334
4280999,2943,3217,127897,3045,3908,126907,18,19862,78,1,11947,0.0009999999999994458
4281999,2844,3250,127859,3153,3923,126948,18,19860,74,1,11948,0.001000000000000334
4282999,2982,3252,127984,3179,3933,126898,18,19860,74,1,11949,0.001000000000000334
4283999,2915,3251,127837,3132,3809,126899,17,19860,70,1,11950,0.0009999999999994458
4284999,3027,3305,127903,3174,3881,126873,18,19860,74,1,11951,0.001000000000000334
4285999,2891,3197,127922,3053,3861,126837,18,19860,74,1,11952,0.0009999999999994458
4286999,2954,3222,127960,3098,3995,126888,17,19860,70,1,11953,0.001000000000000334
4287999,2762,3155,127984,3039,3923,126858,19,19862,70,1,11954,0.001000000000000334
4289000,2887,3244,127945,3050,3934,126891,19,19860,78,1,11955,0.0010009999999995856
4289999,2842,3218,127936,3188,3973,126974,19,19860,78,1,11956,0.0009990000000001942
4290999,3049,3318,127913,3048,3992,126918,20,19861,82,1,11957,0.001000000000000334
4291999,2826,3163,127943,3184,3891,126907,18,19861,74,1,11958,0.0009999999999994458
4293000,2928,3203,127806,3104,3942,126855,17,19861,70,1,11959,0.0010010000000004737
4294002,2933,3177,127919,3185,3902,126820,19,19860,70,1,11960,0.0010019999999997253
4294999,3023,3306,127855,3099,3987,126783,18,19860,78,1,11961,0.0009969999999999146
4295999,3007,3217,127994,3123,3971,126890,18,19862,74,1,11962,0.001000000000000334
4297000,2957,3260,127757,3035,3928,126850,18,19860,74,1,11963,0.0010009999999995856
4297999,2908,3237,128083,3108,3948,126922,18,19861,74,1,11964,0.0009990000000001942
4298999,2828,3219,128047,3037,3962,126978,18,19861,74,1,11965,0.001000000000000334
4299999,2973,3255,127831,3256,3941,126928,19,19861,74,1,11966,0.0009999999999994458
4300999,2828,3289,127838,2998,4007,126932,19,19860,78,1,11967,0.001000000000000334
4301999,2861,3159,127889,3249,3838,127018,19,19859,78,1,11968,0.0009999999999994458
4302999,2775,3187,127909,3019,3931,126907,19,19861,78,1,11969,0.001000000000000334
4304000,2895,3347,127917,3098,3916,126841,18,19861,74,1,11970,0.0010009999999995856
4304999,2802,3181,127853,3095,4052,126805,20,19861,82,1,11971,0.0009990000000001942
4306001,2932,3291,127888,3146,3967,127029,19,19861,82,1,11972,0.0010020000000006135
4307000,2879,3261,127748,3037,3919,126938,19,19861,78,1,11973,0.000998999999999306
4308001,2973,3257,127849,3005,3924,126970,19,19860,78,1,11974,0.0010010000000004737
4308999,2867,3206,127758,3094,3932,126791,17,19860,70,1,11975,0.0009980000000000544
4309999,2938,3200,127925,3068,3910,126930,19,19861,78,1,11976,0.0009999999999994458
4310999,2724,3219,127857,3110,3904,126999,18,19860,74,1,11977,0.001000000000000334
4312000,2916,3243,128014,3168,3979,126906,18,19860,74,1,11978,0.0010009999999995856
4313001,2933,3169,127939,3099,3924,126939,18,19860,74,1,11979,0.0010010000000004737
4313999,2864,3187,127920,3097,3899,126904,18,19860,74,1,11980,0.0009980000000000544
4315000,2960,3218,127831,3125,3941,126797,17,19862,70,1,11981,0.0010009999999995856
4315999,2887,3259,127962,3134,3927,127051,19,19858,78,1,11982,0.0009990000000001942
4317000,2877,3158,127898,3113,3937,127055,18,19859,74,1,11983,0.0010010000000004737
4317999,2820,3339,127863,2999,3890,126924,18,19859,74,1,11984,0.000998999999999306
4318999,2882,3220,128026,3149,3837,126932,18,19860,74,1,11985,0.001000000000000334
4319999,2890,3160,127924,3080,3937,126825,18,19861,74,1,11986,0.001000000000000334
4320999,2954,3183,127883,3214,3960,126897,18,19861,74,1,11987,0.0009999999999994458
4321999,2810,3215,127948,3110,3936,126873,18,19860,74,1,11988,0.001000000000000334
4322999,2877,3330,127897,3111,3942,126944,18,19861,74,1,11989,0.0009999999999994458
4324001,2836,3246,127787,3092,3885,126845,18,19861,74,1,11990,0.0010020000000006135
4325004,2922,3185,127857,3117,3922,126820,17,19860,74,1,11991,0.0010029999999998651
4325999,2855,3193,127928,3060,3986,126930,17,19861,70,1,11992,0.000994999999999635
4326999,3026,3346,127882,3151,3921,127047,17,19862,70,1,11993,0.001000000000000334
4328000,2846,3161,127829,3004,3884,126817,18,19860,74,1,11994,0.0010009999999995856
4328999,2922,3225,127856,3197,3965,126981,18,19860,74,1,11995,0.0009990000000001942
4330000,2927,3182,127812,3013,3943,126977,17,19860,70,1,11996,0.0010010000000004737
4330999,2907,3216,127826,3064,3873,126797,18,19860,70,1,11997,0.000998999999999306
4331999,2830,3236,127945,3121,3964,126963,17,19860,74,1,11998,0.001000000000000334
4332999,2963,3131,127955,3056,3886,126940,17,19861,70,1,11999,0.001000000000000334
4333999,2937,3232,127805,3103,3925,126984,19,19859,78,1,12000,0.0009999999999994458
4334999,2869,3259,127877,3189,3819,126891,18,19860,74,1,12001,0.001000000000000334
4335999,2894,3202,127876,3060,3989,126989,18,19860,74,1,12002,0.001000000000000334
4336999,2855,3158,127992,3033,3854,126997,18,19860,74,1,12003,0.0009999999999994458
4338000,2942,3274,127903,150678,3954,126949,17,19860,74,1,12004,0.0010010000000004737
4338999,2886,3208,127902,3211,3927,127030,17,19861,70,1,12005,0.000998999999999306
4339999,2919,3193,127897,3041,3831,126957,17,19861,70,1,12006,0.001000000000000334
4341000,2846,3318,127820,3013,3868,126951,17,19859,70,1,12007,0.0010010000000004737
4341999,2846,3199,127757,3027,3915,127021,17,19859,70,1,12008,0.000998999999999306
4342999,2806,3258,127900,3117,3892,127062,19,19860,70,1,12009,0.001000000000000334
4343999,2985,3213,128048,3095,3918,126962,18,19859,78,1,12010,0.001000000000000334
4344999,2839,3288,127922,3094,3854,127035,18,19861,74,1,12011,0.0009999999999994458
4345999,2842,3207,127898,2972,3907,126777,17,19861,70,1,12012,0.001000000000000334
4346999,2818,3184,127853,3071,3848,126650,18,19861,74,1,12013,0.0009999999999994458
4347999,2911,3191,127944,2979,3823,126877,18,19860,74,1,12014,0.001000000000000334
4349000,2863,3259,128013,3072,3959,126868,17,19860,74,1,12015,0.0010010000000004737
4349999,2808,3179,128016,3046,3920,126924,18,19862,70,1,12016,0.000998999999999306
4350999,2862,3271,127817,3103,3893,127039,18,19861,74,1,12017,0.001000000000000334
4352000,2842,3276,128030,3144,3838,127006,18,19861,74,1,12018,0.0010009999999995856
4352999,2921,3274,127955,3077,3952,126963,19,19861,78,1,12019,0.0009990000000001942
4354000,2795,3294,127846,150678,3964,126896,18,19860,74,1,12020,0.0010010000000004737
4355000,2926,3231,128056,3107,3979,127038,18,19860,74,1,12021,0.0009999999999994458
4356002,2858,3240,127910,3105,3936,126969,18,19860,74,1,12022,0.0010020000000006135
4357001,2944,3320,127994,3065,3932,126942,18,19862,74,1,12023,0.000998999999999306
4357999,2819,3282,127933,3158,3951,127038,17,19860,70,1,12024,0.0009980000000000544
4358999,2882,3253,127901,3104,3953,127053,18,19859,74,1,12025,0.001000000000000334
4359999,2861,3163,127872,3088,3913,126988,19,19860,78,1,12026,0.001000000000000334
4360999,2884,3220,127863,3164,3948,126943,19,19860,78,1,12027,0.0009999999999994458
4362000,2921,3125,127930,3054,3942,126952,18,19860,78,1,12028,0.0010010000000004737
4362999,2869,3301,127801,3099,3938,127067,18,19861,74,1,12029,0.000998999999999306
4363999,2871,3219,127897,3096,3968,126996,18,19860,74,1,12030,0.001000000000000334
4364999,2870,3150,127974,3068,3928,126875,17,19859,70,1,12031,0.001000000000000334
4365999,2830,3296,127998,3022,3939,126906,17,19860,70,1,12032,0.0009999999999994458
4366999,2844,3257,127831,3012,3985,126855,18,19860,70,1,12033,0.001000000000000334
4367999,2840,3234,127863,3050,3873,126923,17,19860,74,1,12034,0.001000000000000334
4368999,2946,3282,127833,3124,3891,126982,18,19860,70,1,12035,0.0009999999999994458
4369999,2921,3249,127933,158870,3938,126976,18,19861,74,1,12036,0.001000000000000334
4370999,2851,3247,127839,3093,3896,126958,19,19860,78,1,12037,0.0009999999999994458
4371999,2842,3126,127996,3291,3899,126895,17,19862,70,1,12038,0.001000000000000334
4372999,2906,3214,127918,3099,3927,127005,18,19862,74,1,12039,0.001000000000000334
4373999,2821,3227,127727,3177,3889,126871,16,19859,74,1,12040,0.0009999999999994458
4375000,2812,3191,127764,3037,3961,126941,18,19860,66,1,12041,0.0010010000000004737
4375999,2862,3198,127798,3069,3903,126979,18,19861,74,1,12042,0.0009990000000001942
4376999,2862,3261,127899,3011,3917,126914,20,19859,82,1,12043,0.0009999999999994458
4377999,2879,3301,127941,3089,3933,127078,18,19861,74,1,12044,0.001000000000000334
4379000,2928,3214,127830,3123,3896,126883,17,19861,70,1,12045,0.0010009999999995856
4379999,2875,3246,127919,3097,3882,126940,18,19860,70,1,12046,0.0009990000000001942
4380999,2973,3302,127915,3048,3883,126976,18,19861,74,1,12047,0.001000000000000334
4381999,2810,3213,127875,3129,3933,126922,18,19860,74,1,12048,0.0009999999999994458
4382999,2815,3210,127910,3175,3914,126861,18,19860,74,1,12049,0.001000000000000334
4384026,2909,3149,127976,3128,3906,126962,18,19860,74,1,12050,0.001026999999999667
4385001,2781,3245,127907,3027,3927,126957,18,19860,74,1,12051,0.0009750000000003922
4385999,2857,3316,127906,3212,3946,127006,19,19861,74,1,12052,0.0009980000000000544
4387002,2900,3290,127814,3007,3966,127036,19,19860,78,1,12053,0.0010029999999998651
4387999,2972,3222,127840,3027,3909,127081,19,19860,78,1,12054,0.0009969999999999146
4388999,2776,3266,127808,3151,3908,126955,18,19858,74,1,12055,0.001000000000000334
4390000,2770,3198,127916,3022,3885,126929,19,19861,78,1,12056,0.0010009999999995856
4391002,2852,3180,127904,3016,3968,126968,18,19860,74,1,12057,0.0010019999999997253
4392001,2978,3256,127880,3089,3899,126907,18,19860,74,1,12058,0.0009990000000001942
4393001,2937,3320,127938,3091,3953,126919,18,19860,74,1,12059,0.001000000000000334
4393999,2897,3242,127862,3059,3909,127055,18,19860,74,1,12060,0.0009980000000000544
4394999,2838,3097,127981,3147,3995,126861,18,19859,74,1,12061,0.0009999999999994458
4395999,2927,3289,127957,3128,3932,126860,20,19860,82,1,12062,0.001000000000000334
4396999,2899,3254,127938,3119,3987,127010,18,19860,74,1,12063,0.001000000000000334
4397999,2951,3235,127978,3118,3899,126887,19,19860,74,1,12064,0.0009999999999994458
4398999,2951,3215,127737,3147,3935,126968,18,19860,78,1,12065,0.001000000000000334
4400000,2812,3223,127842,3121,3873,126922,18,19860,74,1,12066,0.0010009999999995856
4400999,2923,3204,127790,3120,3884,127013,18,19860,74,1,12067,0.0009990000000001942
4402001,2974,3207,127835,3051,3909,126922,18,19860,74,1,12068,0.0010019999999997253
4402999,2776,3247,127798,3110,3902,127023,16,19861,66,1,12069,0.0009980000000000544
4404001,2911,3320,127856,3091,3883,126842,18,19861,66,1,12070,0.0010020000000006135
4405000,2886,3156,127896,3212,3873,126961,18,19860,74,1,12071,0.000998999999999306
4405999,2926,3341,127827,3124,3912,126842,18,19860,74,1,12072,0.0009990000000001942
4406999,2835,3177,127890,3287,3951,126953,19,19860,78,1,12073,0.001000000000000334
4407999,2885,3129,127819,3036,3941,126948,19,19860,78,1,12074,0.001000000000000334
4408999,2905,3227,127855,3160,3845,126845,17,19860,70,1,12075,0.0009999999999994458
4409999,2806,3302,127833,3034,3947,126889,18,19860,70,1,12076,0.001000000000000334
4410999,2890,3168,127969,3146,3874,127088,18,19861,74,1,12077,0.0009999999999994458
4412001,2883,3168,127870,2988,3891,126928,18,19861,74,1,12078,0.0010020000000006135
4412999,2892,3178,127817,3224,3941,126915,18,19860,74,1,12079,0.0009980000000000544
4413999,2953,3220,127918,3051,3910,126973,19,19860,78,1,12080,0.0009999999999994458
4414999,2866,3208,127905,3199,3927,126928,18,19859,74,1,12081,0.001000000000000334
4415999,2938,3226,127873,3005,3910,126968,16,19859,74,1,12082,0.001000000000000334
4417000,2924,3239,127929,3107,3958,127062,19,19861,66,1,12083,0.0010009999999995856
4417999,2872,3235,127877,2991,3883,126961,19,19862,78,1,12084,0.0009990000000001942
4419000,2918,3206,127962,3078,3868,127050,19,19860,78,1,12085,0.0010009999999995856
4419999,2971,3348,127924,3068,3865,126924,18,19861,74,1,12086,0.0009990000000001942
4420999,2915,3195,127837,3156,3799,126908,18,19860,74,1,12087,0.001000000000000334
4421999,2934,3277,127919,3010,3946,126856,17,19860,70,1,12088,0.0009999999999994458
4422999,2888,3123,127740,3089,3960,126940,17,19861,70,1,12089,0.001000000000000334
4423999,2946,3246,127943,2970,3843,126892,20,19861,70,1,12090,0.001000000000000334
4424999,2912,3201,127817,3175,3902,126862,20,19860,82,1,12091,0.0009999999999994458
4425999,2984,3208,127920,3075,3972,126873,18,19862,74,1,12092,0.001000000000000334
4426999,2954,3182,127921,3087,3902,126909,18,19859,74,1,12093,0.0009999999999994458
4427999,2845,3298,127863,3026,3966,127001,18,19859,74,1,12094,0.001000000000000334
4428999,2847,3162,127855,3066,3897,127049,19,19859,74,1,12095,0.001000000000000334
4429999,2876,3149,127910,3080,4025,127127,16,19860,78,1,12096,0.0009999999999994458
4431000,2928,3217,127850,3076,3913,127000,16,19859,66,1,12097,0.0010010000000004737
4431999,2841,3301,127758,3072,3909,127003,18,19860,74,1,12098,0.000998999999999306
4432999,2920,3207,127949,150678,3821,127021,18,19861,74,1,12099,0.001000000000000334
4433999,2930,3218,127872,3113,3928,126931,18,19861,74,1,12100,0.001000000000000334
4435000,2856,3252,127785,3116,4018,126974,19,19861,74,1,12101,0.0010009999999995856
4435999,2876,3207,127930,3152,3940,126885,18,19860,78,1,12102,0.0009990000000001942
4436999,2879,3271,127833,3109,3917,126893,18,19858,74,1,12103,0.001000000000000334
4437999,2897,3173,127881,3149,3927,126950,20,19859,82,1,12104,0.0009999999999994458
4438999,2843,3136,127834,3050,3814,126867,17,19861,70,1,12105,0.001000000000000334
4439999,2857,3252,127772,3139,4044,126995,18,19860,74,1,12106,0.0009999999999994458
4440999,2792,3255,127915,3070,3886,126864,16,19860,74,1,12107,0.001000000000000334
4441999,2903,3187,127895,3142,4059,126890,19,19860,66,1,12108,0.001000000000000334
4443002,2928,3221,127986,3168,3965,126982,19,19860,78,1,12109,0.0010029999999998651
4443999,2837,3328,127880,3154,4009,126967,19,19860,78,1,12110,0.0009969999999999146
4444999,2873,3212,127804,3014,3876,126853,18,19861,74,1,12111,0.001000000000000334
4445999,2770,3202,127836,3146,3929,126890,17,19861,70,1,12112,0.0009999999999994458
4446999,2856,3248,127843,3140,3972,126832,19,19861,70,1,12113,0.001000000000000334
4448027,2997,3253,127879,3078,3959,126950,19,19860,78,1,12114,0.0010279999999998068
4448999,2854,3249,127941,157846,3980,126902,19,19862,78,1,12115,0.0009719999999999729
4449999,2877,3279,128005,3242,3961,126969,18,19861,74,1,12116,0.001000000000000334
4450999,2989,3239,127885,3045,3944,127048,19,19859,78,1,12117,0.0009999999999994458
4451999,2891,3234,127920,3028,3811,126948,20,19861,82,1,12118,0.001000000000000334
4452999,2809,3220,127865,3053,3963,126872,18,19861,82,1,12119,0.001000000000000334
4453999,2814,3276,127905,3124,3837,126956,19,19860,74,1,12120,0.0009999999999994458
4455001,2934,3223,127950,3080,3948,126916,19,19860,78,1,12121,0.0010020000000006135
4456001,2833,3152,127805,3199,3873,126992,20,19860,82,1,12122,0.0009999999999994458
4456999,2765,3286,127886,3010,3977,126983,20,19860,82,1,12123,0.0009980000000000544
4457999,2874,3149,127871,2980,3949,126798,19,19860,78,1,12124,0.001000000000000334
4458999,2938,3320,127932,2946,3884,126913,20,19860,78,1,12125,0.0009999999999994458
4459999,2912,3156,127908,3156,3876,126916,20,19860,82,1,12126,0.001000000000000334
4460999,2857,3248,127831,2989,4065,126903,20,19860,82,1,12127,0.001000000000000334
4461999,2812,3225,127956,3097,3929,126931,20,19860,82,1,12128,0.0009999999999994458
4463000,2842,3240,127964,3120,3904,126985,19,19860,78,1,12129,0.0010010000000004737
4464001,2871,3263,127950,3068,3840,126980,18,19860,74,1,12130,0.0010009999999995856
4464999,2838,3174,127802,150678,3919,126895,18,19860,74,1,12131,0.0009980000000000544
4465999,2825,3256,127856,3061,3944,126920,19,19861,74,1,12132,0.001000000000000334
4466999,2888,3132,127907,2999,3907,126998,20,19860,78,1,12133,0.0009999999999994458
4467999,2917,3232,127874,3091,3884,126838,20,19859,82,1,12134,0.001000000000000334
4468999,2927,3209,127878,3108,3917,126924,19,19859,78,1,12135,0.001000000000000334
4469999,2833,3308,127848,3106,3832,127015,18,19861,74,1,12136,0.0009999999999994458
4470999,2948,3227,127827,3141,3917,126839,21,19861,86,1,12137,0.001000000000000334
4471999,2967,3257,127944,3071,3976,127057,18,19860,86,1,12138,0.0009999999999994458
4472999,2951,3215,127956,3110,4005,126974,19,19860,74,1,12139,0.001000000000000334
4473999,2863,3260,127863,3164,3937,127061,19,19860,78,1,12140,0.001000000000000334
4474999,2979,3228,127848,2999,3928,126934,19,19861,78,1,12141,0.0009999999999994458
4475999,2866,3240,127902,3180,3935,126773,18,19860,74,1,12142,0.001000000000000334
4476999,2882,3276,127870,3091,3914,126981,21,19860,86,1,12143,0.001000000000000334
4477999,2873,3317,127951,3177,3974,126880,18,19860,86,1,12144,0.0009999999999994458
4478999,2836,3210,127923,3124,3910,126945,20,19860,74,1,12145,0.001000000000000334
4479999,2863,3281,127856,3048,3922,126865,20,19860,82,1,12146,0.0009999999999994458
4480999,2798,3218,127820,3073,3864,126864,18,19860,74,1,12147,0.001000000000000334
4482001,2982,3301,127906,3021,3845,127084,20,19859,82,1,12148,0.0010019999999997253
4482999,2992,3211,127853,3181,3983,126938,18,19860,74,1,12149,0.0009980000000000544
4483999,2987,3269,127891,3136,3883,126962,22,19860,74,1,12150,0.001000000000000334
4484999,3017,3325,127890,3191,4028,126810,20,19860,90,1,12151,0.001000000000000334
4485999,2870,3260,127803,3015,4001,126902,20,19860,82,1,12152,0.0009999999999994458
4486999,2865,3159,127972,3093,3793,126771,18,19860,74,1,12153,0.001000000000000334
4487999,2928,3328,127913,3049,3879,126929,19,19860,78,1,12154,0.0009999999999994458
4488999,2879,3248,127985,3096,3980,127045,19,19859,78,1,12155,0.001000000000000334
4489999,3004,3215,127862,3118,3989,126793,22,19859,78,1,12156,0.001000000000000334
4490999,2928,3257,127881,3086,3882,126934,19,19860,90,1,12157,0.0009999999999994458
4491999,2932,3233,127940,3063,3908,126889,19,19860,78,1,12158,0.001000000000000334
4492999,2777,3222,127830,3117,3833,126889,20,19860,82,1,12159,0.001000000000000334
4493999,2986,3222,127869,3086,3888,126988,20,19861,82,1,12160,0.0009999999999994458
4495001,2774,3223,127976,3095,3891,126896,18,19860,74,1,12161,0.0010019999999997253
4495999,2848,3300,127906,3012,4007,126981,19,19860,74,1,12162,0.0009980000000000544
4497001,2890,3197,127993,3098,3900,127000,18,19860,78,1,12163,0.0010020000000006135
4497999,2944,3332,127823,3020,3954,126973,18,19860,74,1,12164,0.0009980000000000544
4498999,2925,3235,127892,3059,3984,126973,20,19860,82,1,12165,0.0009999999999994458
4499999,2919,3198,127873,3060,3879,126908,20,19860,82,1,12166,0.001000000000000334
4501000,2775,3190,127834,3194,3916,126959,19,19860,78,1,12167,0.0010009999999995856
4501999,2939,3287,127833,3030,3903,126951,19,19860,78,1,12168,0.0009990000000001942
4503002,2916,3324,127839,3102,3911,126971,18,19860,78,1,12169,0.0010029999999998651
4504001,2932,3295,127896,3057,3920,126974,18,19860,74,1,12170,0.0009990000000001942
4504999,2808,3253,127834,3084,3965,126825,19,19860,78,1,12171,0.0009980000000000544
4505999,2904,3285,127783,3005,3924,126952,20,19859,82,1,12172,0.001000000000000334
4506999,2932,3124,127834,3089,3911,126920,18,19860,74,1,12173,0.0009999999999994458
4507999,2794,3193,128000,3019,3957,126968,20,19860,82,1,12174,0.001000000000000334
4508999,2913,3216,128004,3158,3960,126930,18,19860,82,1,12175,0.001000000000000334
4510002,2886,3284,127957,2966,4002,126925,19,19860,74,1,12176,0.0010029999999998651
4510999,2742,3144,127853,3074,3945,126720,19,19860,78,1,12177,0.0009969999999999146
4512002,2914,3162,127904,3107,3991,126959,18,19859,74,1,12178,0.0010029999999998651
4512999,2803,3183,127812,3090,3890,126977,20,19859,82,1,12179,0.0009969999999999146
4514001,2838,3167,127841,3050,3908,127065,17,19860,70,1,12180,0.0010019999999997253
4514999,2776,3180,127894,3066,3916,127003,18,19860,70,1,12181,0.0009980000000000544
4516002,2879,3251,127946,3138,3910,126972,18,19859,74,1,12182,0.0010029999999998651
4517002,2967,3313,127971,3239,3952,126961,18,19860,74,1,12183,0.001000000000000334
4517999,2867,3205,127892,3050,3890,126834,18,19860,74,1,12184,0.0009969999999999146
4518999,2920,3174,127763,3131,3982,126932,18,19860,74,1,12185,0.001000000000000334
4519999,2875,3165,127986,3174,4060,126868,20,19860,82,1,12186,0.0009999999999994458
4520999,2867,3327,127944,3086,3857,127073,19,19860,82,1,12187,0.001000000000000334
4521999,2916,3215,127889,3091,3950,126889,18,19860,78,1,12188,0.001000000000000334
4522999,2904,3130,127939,3165,3826,126817,18,19859,74,1,12189,0.0009999999999994458
4523999,2875,3185,127977,3116,3953,126926,20,19860,82,1,12190,0.001000000000000334
4525000,2856,3235,127869,3088,3898,126995,20,19858,82,1,12191,0.0010009999999995856
4525999,2925,3270,127789,2970,3878,126989,18,19860,74,1,12192,0.0009990000000001942
4526999,2968,3206,127837,2983,3899,126877,18,19860,74,1,12193,0.001000000000000334
4527999,2881,3267,127916,157846,3890,126854,19,19860,74,1,12194,0.0009999999999994458
4528999,2882,3231,127840,3059,3937,126906,19,19859,78,1,12195,0.001000000000000334
4529999,2746,3170,127902,3062,3889,126852,18,19860,74,1,12196,0.001000000000000334
4530999,2845,3101,127865,3087,3936,126983,19,19861,78,1,12197,0.0009999999999994458
4532002,2759,3215,127817,3178,3825,127064,19,19860,78,1,12198,0.0010029999999998651
4533002,2791,3321,127934,3095,3884,126983,18,19860,78,1,12199,0.001000000000000334
4534000,2839,3252,127952,3035,3812,126939,20,19860,74,1,12200,0.0009980000000000544
4534999,2955,3385,127926,3086,3886,127009,20,19861,82,1,12201,0.0009990000000001942
4535999,2876,3229,128012,3121,3868,126918,18,19860,74,1,12202,0.0009999999999994458
4536999,2867,3240,128018,3028,3957,127005,18,19860,74,1,12203,0.001000000000000334
4537999,2833,3223,127963,3156,3987,126950,19,19859,78,1,12204,0.001000000000000334
4538999,2870,3209,128069,3144,3957,126989,18,19859,78,1,12205,0.0009999999999994458
4539999,2864,3192,127915,3123,3858,127018,18,19860,74,1,12206,0.001000000000000334
4540999,2846,3198,128011,3019,3983,126992,18,19861,74,1,12207,0.001000000000000334
4541999,2770,3100,127830,3256,3910,126970,19,19860,78,1,12208,0.0009999999999994458
4543012,2892,3228,127997,3052,3784,126871,20,19860,82,1,12209,0.0010130000000003747
4543999,2778,3159,127908,149654,3899,127033,20,19859,82,1,12210,0.000986999999999405
4544999,2858,3234,127907,3056,3955,126927,20,19859,82,1,12211,0.001000000000000334
4545999,2840,3268,127879,2976,3842,126979,18,19859,82,1,12212,0.001000000000000334
4546999,2903,3232,127867,2996,3911,126887,18,19860,74,1,12213,0.0009999999999994458
4547999,2836,3211,127955,3085,3907,126928,21,19859,86,1,12214,0.001000000000000334
4548999,2787,3305,127987,3093,3972,126911,18,19861,74,1,12215,0.001000000000000334
4549999,2770,3268,127966,3062,3913,126921,19,19861,78,1,12216,0.0009999999999994458
4551002,2938,3291,127893,3019,3921,126905,21,19861,86,1,12217,0.0010029999999998651
4552001,2838,3203,127866,3029,3876,126981,18,19860,86,1,12218,0.0009990000000001942
4552999,2899,3249,127896,3045,3873,126967,19,19860,74,1,12219,0.0009980000000000544
4553999,2791,3265,127889,3089,3897,126949,19,19859,78,1,12220,0.001000000000000334
4554999,2910,3253,127816,3054,3932,126834,19,19859,78,1,12221,0.0009999999999994458
4556001,2868,3127,127787,3030,3861,126884,19,19860,78,1,12222,0.0010020000000006135
4557000,2880,3197,127892,3098,3981,126811,18,19860,74,1,12223,0.000998999999999306
4557999,3017,3264,127835,3112,3836,127031,19,19859,74,1,12224,0.0009990000000001942
4558999,2897,3235,127880,3090,3910,126902,20,19858,78,1,12225,0.001000000000000334
4559999,2899,3145,127840,158742,3982,126856,20,19860,82,1,12226,0.0009999999999994458
4560999,2815,3269,127859,3152,3859,126897,19,19860,78,1,12227,0.001000000000000334
4562002,2897,3243,127808,3170,3890,126944,19,19860,78,1,12228,0.0010029999999998651
4562999,2780,3178,127871,3091,3928,126834,18,19860,74,1,12229,0.0009969999999999146
4563999,2984,3250,127828,3057,3838,126984,18,19860,74,1,12230,0.001000000000000334
4565000,2841,3286,127862,3152,3971,127028,19,19860,74,1,12231,0.0010009999999995856
4565999,2889,3231,127847,3065,3903,127086,19,19859,78,1,12232,0.0009990000000001942
4566999,2795,3280,127848,3079,3812,126908,20,19859,82,1,12233,0.001000000000000334
4568001,2921,3209,127895,3168,3917,126863,18,19859,74,1,12234,0.0010019999999997253
4569001,2808,3226,127953,3075,3874,126896,21,19860,86,1,12235,0.001000000000000334
4569999,2864,3218,127746,3098,3942,126981,20,19860,86,1,12236,0.0009980000000000544
4571002,2879,3138,127872,3065,3931,126949,21,19860,82,1,12237,0.0010029999999998651
4571999,2945,3185,127910,3183,3933,126972,21,19860,86,1,12238,0.0009969999999999146
4573000,2927,3237,127940,3091,3990,126899,18,19860,74,1,12239,0.0010009999999995856
4573999,2958,3127,127738,3073,3870,127052,20,19860,82,1,12240,0.0009990000000001942
4574999,2846,3223,127813,3014,3977,126945,19,19860,78,1,12241,0.001000000000000334
4575999,2867,3276,127964,2972,3877,126976,20,19860,78,1,12242,0.0009999999999994458
4576999,2800,3149,127960,3130,3931,126816,19,19860,82,1,12243,0.001000000000000334
4577999,2822,3189,127905,3041,3947,126851,19,19860,78,1,12244,0.001000000000000334
4579006,2804,3171,127931,3045,3974,127134,18,19860,74,1,12245,0.001006999999999536
4580001,2833,3234,127834,3208,3960,126958,20,19860,82,1,12246,0.0009950000000005232
4580999,2760,3233,128019,3074,3847,126904,20,19860,82,1,12247,0.0009979999999991662
4582000,2874,3257,127884,3124,3982,126870,19,19860,82,1,12248,0.0010010000000004737
4583001,2771,3181,127898,3113,3874,126917,18,19860,78,1,12249,0.0010009999999995856
4583999,2886,3329,127899,3049,3944,126849,18,19860,74,1,12250,0.0009980000000000544
4585002,2771,3211,127887,3185,3820,126983,20,19859,82,1,12251,0.0010029999999998651
4586001,2973,3213,127876,3089,4031,126810,19,19859,78,1,12252,0.0009990000000001942
4587001,2822,3197,127866,3094,3838,126871,18,19859,74,1,12253,0.001000000000000334
4587999,2787,3269,127941,3222,3922,126913,20,19859,74,1,12254,0.0009980000000000544
4588999,2830,3194,127986,3035,3834,127022,20,19860,82,1,12255,0.0009999999999994458
4590000,2956,3278,127863,3005,3971,126986,20,19860,82,1,12256,0.0010010000000004737
4591001,2968,3270,127946,3108,3878,126853,18,19861,74,1,12257,0.0010009999999995856
4592001,2874,3239,127921,3126,3814,126956,18,19860,74,1,12258,0.001000000000000334
4592999,2870,3196,127915,3117,3960,126976,18,19860,74,1,12259,0.0009980000000000544
4593999,2878,3227,127948,2985,3882,127020,19,19860,74,1,12260,0.001000000000000334
4594999,2892,3260,127910,3141,3894,126985,18,19860,78,1,12261,0.0009999999999994458
4595999,2987,3298,127871,3078,3995,127091,18,19860,74,1,12262,0.001000000000000334
4596999,2895,3228,127905,3144,3859,126866,18,19860,74,1,12263,0.0009999999999994458
4597999,2932,3253,127849,3129,3944,127096,18,19860,74,1,12264,0.001000000000000334
4598999,2910,3224,127998,3132,3906,127009,18,19859,74,1,12265,0.001000000000000334
4599999,2835,3220,127878,3142,3949,126965,18,19859,74,1,12266,0.0009999999999994458
4600999,2976,3207,127773,3107,3911,126878,19,19859,74,1,12267,0.001000000000000334
4602000,2928,3185,127965,2983,3902,126894,21,19860,78,1,12268,0.0010009999999995856
4602999,2923,3230,127996,3199,3862,127000,21,19860,86,1,12269,0.0009990000000001942
4603999,2966,3221,127937,3130,3916,126928,18,19860,74,1,12270,0.001000000000000334
4605000,3005,3149,127895,3202,3880,126848,19,19860,78,1,12271,0.0010009999999995856
4605999,2836,3245,127935,3023,3953,126999,21,19860,86,1,12272,0.0009990000000001942
4606999,2906,3290,127889,3081,3967,126908,19,19860,86,1,12273,0.001000000000000334
4607999,2884,3192,128073,3074,4038,126872,18,19859,78,1,12274,0.0009999999999994458
4609000,2894,3282,127892,3081,3806,127021,18,19859,74,1,12275,0.0010010000000004737
4609999,2918,3182,127916,3077,3868,127040,19,19858,78,1,12276,0.0009990000000001942
4610999,2835,3254,127961,3009,3769,126926,18,19859,74,1,12277,0.0009999999999994458
4611999,2794,3214,127903,3037,3946,127061,19,19859,78,1,12278,0.001000000000000334
4612999,2895,3315,127984,3063,3901,126975,19,19859,78,1,12279,0.0009999999999994458
4613999,2860,3237,127983,3065,3934,126997,18,19861,78,1,12280,0.001000000000000334
4615000,2953,3277,127840,3104,3954,127012,18,19860,74,1,12281,0.0010010000000004737
4615999,2842,3221,127890,3075,3851,126970,19,19859,78,1,12282,0.000998999999999306
4616999,2904,3226,127858,3131,3864,126998,18,19860,74,1,12283,0.001000000000000334
4618000,2904,3266,128025,3035,3986,127033,19,19861,78,1,12284,0.0010009999999995856
4618999,2851,3258,127969,3021,4017,127062,19,19861,78,1,12285,0.0009990000000001942
4619999,2848,3221,127804,3141,3986,126981,19,19860,78,1,12286,0.001000000000000334
4621000,2908,3275,127862,3046,3929,127005,19,19860,78,1,12287,0.0010009999999995856
4621999,2872,3249,127842,3053,3949,126914,20,19860,82,1,12288,0.0009990000000001942
4622999,2977,3289,127829,150678,3836,126853,18,19860,74,1,12289,0.001000000000000334
4624004,2883,3275,128013,3078,3945,126952,20,19859,82,1,12290,0.0010050000000001447
4625001,2924,3230,127954,3042,3965,127017,19,19859,82,1,12291,0.0009969999999999146
4625999,2856,3139,127898,3137,4056,127012,19,19860,78,1,12292,0.0009980000000000544
4626999,2830,3343,127995,3065,3917,126909,19,19859,78,1,12293,0.0009999999999994458
4628000,2870,3171,127742,3043,3848,126886,19,19860,78,1,12294,0.0010010000000004737
4629000,2859,3339,127891,3079,3977,127074,21,19860,86,1,12295,0.0009999999999994458
4629999,2962,3211,127838,3088,3868,126879,20,19860,82,1,12296,0.0009990000000001942
4631000,2891,3274,127907,3016,3917,126880,20,19860,82,1,12297,0.0010010000000004737
4631999,2965,3269,127883,3304,3932,126984,19,19860,82,1,12298,0.000998999999999306
4633000,2888,3261,127885,3067,3933,126797,19,19859,78,1,12299,0.0010010000000004737
4634002,2884,3310,127942,3127,3908,126975,19,19860,78,1,12300,0.0010019999999997253
4634999,2987,3209,127736,2976,3920,126840,19,19860,78,1,12301,0.0009969999999999146
4635999,2793,3167,127840,3156,3988,126991,18,19859,74,1,12302,0.001000000000000334
4636999,2899,3240,127832,3048,4008,127046,20,19859,82,1,12303,0.0009999999999994458
4638001,2970,3238,128014,3128,3924,126990,18,19860,82,1,12304,0.0010020000000006135
4639000,2893,3233,127816,150678,3851,126800,18,19859,74,1,12305,0.000998999999999306
4639999,2873,3203,127901,3096,3794,126963,19,19860,78,1,12306,0.0009990000000001942
4640999,2849,3210,127976,3155,3838,127044,20,19860,82,1,12307,0.001000000000000334
4641999,2939,3155,127793,3088,3876,126996,19,19860,78,1,12308,0.001000000000000334
4642999,2925,3221,127889,3089,3999,126901,19,19860,78,1,12309,0.0009999999999994458
4643999,2864,3251,127860,3176,3914,126953,19,19859,78,1,12310,0.001000000000000334
4644999,2887,3269,127979,3096,3826,127025,19,19860,78,1,12311,0.0009999999999994458
4645999,2949,3161,127985,3156,3876,127027,19,19859,78,1,12312,0.001000000000000334
4646999,2989,3215,127960,3083,3901,126955,19,19861,78,1,12313,0.001000000000000334
4647999,2801,3295,127856,3048,3860,126995,18,19860,74,1,12314,0.0009999999999994458
4649001,2878,3196,127839,3101,3857,126965,20,19860,82,1,12315,0.0010020000000006135
4649999,2845,3218,128006,3100,3864,127018,20,19858,82,1,12316,0.0009980000000000544
4650999,2927,3295,127824,3104,3911,126942,20,19861,82,1,12317,0.0009999999999994458
4651999,2905,3208,127908,3055,3944,127042,20,19860,82,1,12318,0.001000000000000334
4652999,2874,3161,127859,2958,3872,126988,18,19860,74,1,12319,0.0009999999999994458
4653999,2965,3296,127876,3056,3968,126944,19,19859,78,1,12320,0.001000000000000334
4654999,2895,3372,127839,158870,3933,127040,19,19859,78,1,12321,0.001000000000000334
4655999,2797,3297,127892,3062,3857,126910,19,19859,78,1,12322,0.0009999999999994458
4656999,2884,3243,127889,3073,3941,126913,19,19861,78,1,12323,0.001000000000000334
4658001,2769,3325,127756,3016,3810,127123,19,19860,78,1,12324,0.0010019999999997253
4658999,2797,3185,127923,2997,3847,126994,18,19860,74,1,12325,0.0009980000000000544
4660001,2833,3165,127912,3097,3874,126919,20,19861,82,1,12326,0.0010019999999997253
4660999,2822,3136,127922,3094,3898,126844,20,19860,82,1,12327,0.0009980000000000544
4661999,2898,3271,127898,3086,3958,126993,19,19860,82,1,12328,0.001000000000000334
4662999,2836,3219,127787,3072,3966,126821,18,19859,78,1,12329,0.001000000000000334
4663999,2920,3222,127965,3022,3899,126973,18,19859,74,1,12330,0.0009999999999994458
4664999,2845,3280,127893,3066,3951,126878,19,19862,78,1,12331,0.001000000000000334
4665999,3001,3271,127856,3002,3907,127030,19,19860,78,1,12332,0.001000000000000334
4666999,2895,3192,127966,3093,3883,126848,21,19860,86,1,12333,0.0009999999999994458
4667999,2919,3250,127944,2990,3933,126939,19,19860,86,1,12334,0.001000000000000334
4668999,2802,3128,127825,3025,3901,126816,19,19859,78,1,12335,0.0009999999999994458
4669999,3004,3423,127867,3084,4024,126818,19,19860,78,1,12336,0.001000000000000334
4671001,2911,3287,127825,3059,3925,127123,18,19859,74,1,12337,0.0010019999999997253
4672001,2864,3308,127938,3045,3985,126928,19,19861,78,1,12338,0.001000000000000334
4673000,2818,3218,127816,3196,3821,126774,20,19861,82,1,12339,0.0009990000000001942
4673999,2864,3261,127868,3032,3866,126920,18,19861,82,1,12340,0.000998999999999306
4674999,2861,3162,127867,3108,3930,126906,18,19860,74,1,12341,0.001000000000000334
4676000,2842,3273,127958,2976,3846,126845,18,19860,74,1,12342,0.0010010000000004737
4676999,2720,3158,127819,3071,3876,126912,17,19860,70,1,12343,0.000998999999999306
4677999,2860,3270,127950,3048,3901,126978,19,19859,78,1,12344,0.001000000000000334
4679000,2913,3273,127789,3190,3860,126933,18,19859,74,1,12345,0.0010009999999995856
4680001,2909,3196,127923,3025,3881,126797,19,19859,74,1,12346,0.0010010000000004737
4680999,2928,3253,127847,3150,3908,127024,19,19860,78,1,12347,0.0009980000000000544
4681999,2925,3109,127899,2959,3995,127046,19,19860,78,1,12348,0.0009999999999994458
4682999,2890,3203,127927,3043,3905,126968,19,19860,78,1,12349,0.001000000000000334
4683999,2918,3133,127744,3060,3970,126953,19,19860,78,1,12350,0.001000000000000334
4684999,2863,3359,127891,3160,3854,126935,21,19859,86,1,12351,0.0009999999999994458
4685999,2870,3214,127879,3098,3883,126922,18,19859,74,1,12352,0.001000000000000334
4686999,2954,3254,127941,3065,3891,127033,19,19860,74,1,12353,0.001000000000000334
4687999,2860,3280,127842,3115,3935,126937,18,19860,78,1,12354,0.0009999999999994458
4688999,2766,3253,127908,3062,3965,127039,18,19859,74,1,12355,0.001000000000000334
4689999,2956,3252,127756,3085,3915,126933,18,19860,74,1,12356,0.0009999999999994458
4691001,2827,3170,127813,3052,3765,126957,19,19860,78,1,12357,0.0010020000000006135
4691999,2957,3208,127914,3119,3840,126968,18,19860,74,1,12358,0.0009980000000000544
4692999,2942,3245,127794,3118,4007,126964,20,19860,74,1,12359,0.0009999999999994458
4693999,2873,3313,127938,3123,3926,126857,20,19859,82,1,12360,0.001000000000000334
4694999,2915,3301,127835,3045,3862,126957,20,19859,82,1,12361,0.001000000000000334
4695999,2885,3264,127826,3112,3817,127002,18,19861,74,1,12362,0.0009999999999994458
4696999,2860,3225,127818,3082,3929,126958,18,19861,74,1,12363,0.001000000000000334
4697999,2926,3180,127929,3067,3896,126977,20,19862,82,1,12364,0.0009999999999994458
4699002,2977,3219,127872,3049,3897,127041,20,19862,82,1,12365,0.0010030000000007533
4699999,2829,3201,127901,3066,3848,126934,21,19860,82,1,12366,0.0009969999999999146
4700999,2856,3188,127899,3092,3929,127037,21,19860,86,1,12367,0.0009999999999994458
4701999,2878,3180,127900,3041,3897,127014,18,19859,74,1,12368,0.001000000000000334
4702999,2819,3246,127846,3050,3897,126857,19,19860,78,1,12369,0.001000000000000334
4703999,2852,3257,127839,3104,3919,126906,18,19860,74,1,12370,0.0009999999999994458
4704999,2984,3339,127901,3132,3828,126955,21,19860,74,1,12371,0.001000000000000334
4705999,2885,3230,127969,3089,3888,126878,18,19860,86,1,12372,0.0009999999999994458
4706999,2963,3288,127910,3167,3910,126911,18,19860,74,1,12373,0.001000000000000334
4707999,2987,3208,127984,3100,3913,126954,19,19860,78,1,12374,0.001000000000000334
4708999,2987,3353,127966,3068,3816,126934,19,19861,78,1,12375,0.0009999999999994458
4709999,2890,3284,127766,3216,4000,126948,20,19859,82,1,12376,0.001000000000000334
4710999,2925,3356,127918,3112,3898,126810,19,19859,82,1,12377,0.001000000000000334
4711999,2874,3168,127862,3182,3897,126927,19,19859,78,1,12378,0.0009999999999994458
4712999,2967,3293,127873,3062,4000,126782,19,19859,78,1,12379,0.001000000000000334
4713999,2913,3231,127844,3185,3910,126948,19,19860,78,1,12380,0.0009999999999994458
4714999,2910,3241,128000,3102,3854,126895,20,19860,82,1,12381,0.001000000000000334
4715999,2780,3262,127875,3119,3921,126924,19,19859,78,1,12382,0.001000000000000334
4716999,2942,3273,127751,3161,3866,126786,19,19859,78,1,12383,0.0009999999999994458
4717999,2833,3140,127805,158870,3968,127032,19,19859,78,1,12384,0.001000000000000334
4718999,2915,3258,127979,3136,3922,126867,19,19860,78,1,12385,0.001000000000000334
4719999,2849,3164,127941,3094,3913,126982,19,19860,78,1,12386,0.0009999999999994458
4720999,2994,3167,127922,3076,3879,127009,18,19861,74,1,12387,0.001000000000000334
4721999,2835,3205,127937,3200,3912,126986,19,19860,78,1,12388,0.0009999999999994458
4722999,2956,3192,127712,3047,3946,126892,21,19860,78,1,12389,0.001000000000000334
4723999,2936,3313,127929,3088,3890,126984,19,19859,86,1,12390,0.001000000000000334
4724999,2888,3172,128002,3143,3962,126970,19,19860,78,1,12391,0.0009999999999994458
4726000,2878,3181,127878,3151,3870,127044,20,19859,82,1,12392,0.0010010000000004737
4727000,2814,3252,128013,3048,3913,126855,20,19860,82,1,12393,0.0009999999999994458
4727999,2880,3139,127774,3088,3858,126910,20,19860,82,1,12394,0.0009990000000001942
4729001,2822,3202,127916,3018,3812,126902,19,19860,82,1,12395,0.0010019999999997253
4729999,2893,3198,127886,3057,3928,126856,19,19860,78,1,12396,0.0009980000000000544
4730999,2815,3195,127875,3089,3939,126965,19,19860,78,1,12397,0.001000000000000334
4731999,2881,3191,127950,3069,3887,127001,19,19860,78,1,12398,0.001000000000000334
4732999,2844,3266,127923,3002,3954,126941,19,19859,78,1,12399,0.0009999999999994458
4733999,2818,3217,127800,158870,3923,126972,20,19859,82,1,12400,0.001000000000000334
4734999,2829,3165,127910,3124,3844,126934,18,19859,74,1,12401,0.001000000000000334
4735999,2856,3290,127854,3059,3944,127011,19,19860,74,1,12402,0.0009999999999994458
4736999,2953,3152,127957,3080,3945,126852,19,19860,78,1,12403,0.001000000000000334
4737999,3015,3203,127906,3111,3996,126998,19,19860,78,1,12404,0.0009999999999994458
4738999,2740,3234,127982,3102,3854,126842,18,19861,74,1,12405,0.001000000000000334
4739999,2855,3185,127861,3035,3945,126993,18,19860,74,1,12406,0.001000000000000334
4740999,2794,3215,127937,3110,3983,126965,19,19860,78,1,12407,0.0009999999999994458
4741999,2845,3201,127906,3093,3969,126888,18,19860,78,1,12408,0.001000000000000334
4743001,2935,3129,127762,3085,3915,126983,20,19860,74,1,12409,0.0010019999999997253
4743999,2929,3254,127764,3017,3865,126856,20,19859,82,1,12410,0.0009980000000000544
4744999,2978,3201,127909,3100,3896,126987,21,19861,86,1,12411,0.001000000000000334
4745999,2958,3225,127914,3128,3884,126834,19,19860,78,1,12412,0.0009999999999994458
4746999,2923,3187,127805,3226,3920,127063,19,19860,78,1,12413,0.001000000000000334
4747999,2877,3206,128021,3070,3855,126913,20,19860,78,1,12414,0.001000000000000334
4748999,2800,3210,127893,3129,3890,126983,18,19860,82,1,12415,0.0009999999999994458
4749999,2927,3268,127889,3133,3871,126899,18,19860,74,1,12416,0.001000000000000334
4750999,2857,3184,128014,3144,4017,126965,20,19860,82,1,12417,0.001000000000000334
4751999,2900,3207,127848,3058,3894,126813,18,19860,74,1,12418,0.0009999999999994458
4752999,2945,3218,127895,3109,3829,126931,19,19862,78,1,12419,0.001000000000000334
4753999,2995,3187,128039,3093,3935,126906,18,19862,78,1,12420,0.0009999999999994458
4754999,2855,3259,127824,3103,3972,126980,20,19860,74,1,12421,0.001000000000000334
4755999,2946,3243,127941,3041,3922,126958,20,19859,82,1,12422,0.001000000000000334
4756999,2947,3191,127914,3233,3924,126961,18,19861,74,1,12423,0.0009999999999994458
4757999,2959,3203,127879,3136,3932,126957,20,19860,82,1,12424,0.001000000000000334
4758999,2850,3278,127870,3041,3955,126969,18,19858,74,1,12425,0.001000000000000334
4759999,2915,3282,127905,3087,3907,126951,18,19858,74,1,12426,0.0009999999999994458
4760999,2886,3313,127907,3186,3966,126949,20,19859,74,1,12427,0.001000000000000334
4761999,2876,3215,127992,3013,3973,127004,20,19859,82,1,12428,0.0009999999999994458
4762999,2842,3252,127972,3021,3830,126987,19,19861,78,1,12429,0.001000000000000334
4763999,2869,3224,127969,3035,3941,126873,18,19860,74,1,12430,0.001000000000000334
4764999,2923,3180,127850,3147,3945,126995,20,19859,82,1,12431,0.0009999999999994458
4766000,2928,3206,127883,2954,3920,126979,19,19859,82,1,12432,0.0010010000000004737
4766999,2819,3199,128042,3262,3924,126949,19,19859,78,1,12433,0.0009990000000001942
4767999,2926,3289,127750,3030,3973,126981,19,19859,78,1,12434,0.0009999999999994458
4768999,2868,3193,127939,3147,3879,126885,19,19859,78,1,12435,0.001000000000000334
4769999,2923,3191,127955,3035,3846,126943,18,19859,74,1,12436,0.0009999999999994458
4770999,2856,3171,127893,3146,3968,126890,19,19860,78,1,12437,0.001000000000000334
4771999,2831,3217,127903,3139,3938,127029,18,19860,78,1,12438,0.001000000000000334
4772999,2854,3229,127870,3072,3919,126955,20,19859,74,1,12439,0.0009999999999994458
4773999,2944,3162,127901,3092,3958,127036,20,19859,82,1,12440,0.001000000000000334
4774999,2974,3196,127960,3074,3887,126936,20,19860,82,1,12441,0.001000000000000334
4776000,2849,3259,127850,3175,3926,126959,21,19859,86,1,12442,0.0010009999999995856
4776999,2840,3149,127970,3007,3815,127042,18,19860,74,1,12443,0.0009990000000001942
4777999,2808,3202,128018,3076,3998,126947,18,19860,74,1,12444,0.0009999999999994458
4778999,2873,3280,127968,3108,3854,126959,19,19859,74,1,12445,0.001000000000000334
4780000,2833,3292,127889,3171,3889,126979,18,19859,78,1,12446,0.0010009999999995856
4781000,2902,3301,127863,3032,3897,126800,18,19861,74,1,12447,0.001000000000000334
4782001,2826,3276,128027,3011,3954,126910,19,19862,78,1,12448,0.0010010000000004737
4783000,2895,3186,128046,3125,4044,126974,18,19860,74,1,12449,0.000998999999999306
4784000,2869,3125,127867,3063,3966,126914,19,19860,78,1,12450,0.001000000000000334
4784999,2917,3277,127686,3124,3970,126899,19,19859,78,1,12451,0.0009990000000001942
4785999,2857,3227,127954,3012,3883,127005,18,19860,78,1,12452,0.0009999999999994458
4786999,2916,3292,128003,3094,3977,126909,18,19860,74,1,12453,0.001000000000000334
4787999,2928,3133,127935,3165,3925,126978,20,19860,82,1,12454,0.001000000000000334
4788999,2901,3217,127833,3048,4014,126944,19,19860,78,1,12455,0.0009999999999994458
4789999,2870,3096,127940,3060,3839,127026,18,19860,74,1,12456,0.001000000000000334
4790999,2913,3275,127876,3216,4038,126808,19,19860,74,1,12457,0.0009999999999994458
4791999,2766,3088,127838,3075,3894,126853,19,19860,78,1,12458,0.001000000000000334
4793001,2927,3210,127808,3021,3939,126836,19,19861,78,1,12459,0.0010019999999997253
4793999,2917,3199,127768,3136,3872,126850,19,19860,78,1,12460,0.0009980000000000544
4794999,2933,3109,127775,3041,3947,126998,20,19860,82,1,12461,0.001000000000000334
4795999,2885,3159,128004,3135,3985,127086,19,19860,78,1,12462,0.001000000000000334
4796999,2926,3256,127883,3068,3823,126903,19,19860,78,1,12463,0.0009999999999994458
4797999,2891,3175,127989,3071,3831,126966,19,19858,78,1,12464,0.001000000000000334
4798999,2913,3121,127882,3044,3899,127047,19,19860,78,1,12465,0.0009999999999994458
4799999,2840,3275,127942,3106,3936,126932,20,19859,82,1,12466,0.001000000000000334
4800999,2964,3261,127717,3042,3952,126989,18,19860,74,1,12467,0.001000000000000334
4801999,2887,3139,127950,3083,3919,126977,18,19860,74,1,12468,0.0009999999999994458
4802999,2898,3237,127860,3091,3890,126748,19,19860,74,1,12469,0.001000000000000334
4803999,2880,3178,127873,3186,3864,126930,19,19860,78,1,12470,0.001000000000000334
4804999,2848,3239,127881,3149,3942,126872,19,19860,78,1,12471,0.0009999999999994458
4805999,3023,3223,127941,3110,3824,126979,18,19860,74,1,12472,0.001000000000000334
4806999,2886,3139,127864,3035,3946,126856,21,19859,86,1,12473,0.0009999999999994458
4807999,2834,3228,127741,3148,3971,126868,18,19858,74,1,12474,0.001000000000000334
4809000,2856,3221,127856,3017,3953,126921,20,19858,74,1,12475,0.0010010000000004737
4809999,2942,3302,128037,3127,3878,126929,18,19860,82,1,12476,0.000998999999999306
4810999,2878,3246,128020,3068,3884,126877,18,19859,74,1,12477,0.001000000000000334
4811999,2843,3150,127816,3171,3878,127004,18,19861,74,1,12478,0.001000000000000334
4813000,2917,3225,128023,158870,3931,126887,20,19860,82,1,12479,0.0010009999999995856
4813999,2842,3234,127775,3082,3837,126987,20,19859,82,1,12480,0.0009990000000001942
4814999,2877,3298,127918,2913,3928,126942,18,19859,82,1,12481,0.0009999999999994458
4816001,2878,3228,127978,3091,3944,126889,19,19860,74,1,12482,0.0010020000000006135
4817000,2942,3128,127971,3127,3905,126856,19,19860,78,1,12483,0.0009990000000001942
4817999,2838,3294,127925,3065,3946,126950,20,19860,82,1,12484,0.000998999999999306
4818999,2855,3169,127927,2991,3983,127008,19,19861,78,1,12485,0.001000000000000334
4819999,2925,3264,127777,3016,4010,126956,18,19859,74,1,12486,0.001000000000000334
4820999,2901,3167,127899,3105,3935,127064,19,19859,78,1,12487,0.0009999999999994458
4821999,2909,3274,127884,3085,4001,126898,19,19860,78,1,12488,0.001000000000000334
4822999,2818,3127,127909,3064,3933,126979,21,19859,78,1,12489,0.0009999999999994458
4824000,2984,3284,127968,3106,3781,127036,21,19859,86,1,12490,0.0010010000000004737
4824999,2796,3295,127971,3005,3850,126953,18,19860,74,1,12491,0.0009990000000001942
4826000,2916,3242,127996,3083,3801,126975,19,19860,78,1,12492,0.0010009999999995856
4827001,2876,3253,127934,3131,3937,126925,18,19860,74,1,12493,0.0010010000000004737
4828001,2893,3295,127949,3084,3846,126984,19,19859,74,1,12494,0.0009999999999994458
4829001,2882,3179,127843,149654,3936,126960,19,19859,78,1,12495,0.001000000000000334
4829999,2912,3177,127980,3033,3957,126975,19,19860,78,1,12496,0.0009980000000000544
4830999,2916,3198,127922,3044,3910,126833,18,19860,74,1,12497,0.0009999999999994458
4831999,2886,3357,127906,2988,3799,126787,19,19860,78,1,12498,0.001000000000000334
4832999,2911,3308,127920,3123,3858,127002,19,19860,78,1,12499,0.001000000000000334
4833999,2875,3246,127929,3048,3979,126843,18,19859,78,1,12500,0.0009999999999994458
4834999,2924,3250,127985,3108,3841,126987,19,19860,74,1,12501,0.001000000000000334
4835999,2929,3237,127934,3011,3874,126872,19,19860,78,1,12502,0.001000000000000334
4836999,2847,3170,127929,3075,3931,127015,20,19860,82,1,12503,0.0009999999999994458
4837999,2949,3244,127772,3019,3857,126917,19,19860,78,1,12504,0.001000000000000334
4838999,2867,3224,127908,3168,3858,127004,18,19860,74,1,12505,0.0009999999999994458
4839999,2822,3276,127854,3093,3976,126940,18,19860,74,1,12506,0.001000000000000334
4840999,2849,3263,127953,3071,4010,127112,19,19860,74,1,12507,0.001000000000000334
4841999,2878,3349,127925,3005,3992,126872,19,19860,78,1,12508,0.0009999999999994458
4842999,2845,3261,127864,3116,3944,127030,19,19859,78,1,12509,0.001000000000000334
4843999,2894,3215,127896,2998,3900,126979,18,19860,74,1,12510,0.001000000000000334
4844999,2746,3228,127922,3087,3905,126862,20,19859,82,1,12511,0.0009999999999994458
4845999,2819,3210,127916,3053,3926,126848,19,19859,82,1,12512,0.001000000000000334
4847001,2847,3193,127951,3109,3860,126801,21,19859,78,1,12513,0.0010019999999997253
4847999,2921,3335,127880,3133,3859,126948,21,19860,86,1,12514,0.0009980000000000544
4848999,2943,3222,127811,3055,3798,126874,20,19860,82,1,12515,0.001000000000000334
4849999,2881,3193,127920,3076,3959,126937,20,19860,82,1,12516,0.0009999999999994458
4850999,2878,3223,127826,3064,3954,127043,19,19860,78,1,12517,0.001000000000000334
4851999,2969,3207,127922,3007,3906,126940,19,19860,78,1,12518,0.001000000000000334
4852999,2833,3300,127928,3135,3967,127073,17,19859,78,1,12519,0.0009999999999994458
4854000,2834,3259,127864,2972,3940,126787,17,19859,70,1,12520,0.0010010000000004737
4854999,2814,3235,127943,3185,3870,126941,20,19860,82,1,12521,0.000998999999999306
4855999,2909,3249,127778,3060,3989,126873,19,19860,78,1,12522,0.001000000000000334
4857002,2877,3316,127981,3080,3920,126993,17,19860,70,1,12523,0.0010029999999998651
4857999,2898,3257,127881,3088,3912,126906,19,19860,70,1,12524,0.0009969999999999146
4858999,2845,3265,127919,3033,3981,127057,21,19860,78,1,12525,0.001000000000000334
4859999,2869,3204,127832,2997,4011,127023,21,19860,86,1,12526,0.001000000000000334
4860999,2877,3226,127891,3053,3931,126866,19,19860,78,1,12527,0.0009999999999994458
4861999,2871,3190,127914,2992,4012,126904,20,19860,82,1,12528,0.001000000000000334
4862999,2909,3239,127958,3147,3873,126985,20,19859,82,1,12529,0.0009999999999994458
4864000,2942,3156,127946,3099,3900,126851,19,19859,82,1,12530,0.0010010000000004737
4864999,2968,3301,127907,3154,3925,126959,18,19860,78,1,12531,0.0009990000000001942
4865999,2820,3232,127840,3044,4012,127052,18,19860,74,1,12532,0.0009999999999994458
4866999,2885,3332,127967,3092,3878,126930,20,19860,82,1,12533,0.001000000000000334
4867999,2872,3211,127874,3212,3984,126965,18,19861,74,1,12534,0.001000000000000334
4868999,2889,3243,127910,3100,3884,127005,19,19859,78,1,12535,0.0009999999999994458
4869999,2828,3235,127757,3083,3774,127038,18,19859,74,1,12536,0.001000000000000334
4870999,2867,3251,127824,3147,3947,126806,19,19860,74,1,12537,0.0009999999999994458
4871999,2956,3225,127837,3128,3884,127005,18,19860,78,1,12538,0.001000000000000334
4872999,3018,3289,127841,3078,3819,126790,18,19860,74,1,12539,0.001000000000000334
4873999,2952,3178,127880,3162,3853,126967,18,19858,74,1,12540,0.0009999999999994458
4874999,2884,3267,127926,3040,3913,126856,18,19859,74,1,12541,0.001000000000000334
4875999,2846,3196,127853,3126,3897,127032,19,19859,78,1,12542,0.001000000000000334
4876999,2898,3279,127900,3016,3919,126925,18,19860,78,1,12543,0.0009999999999994458
4877999,2830,3143,127949,3188,3895,127046,20,19859,74,1,12544,0.001000000000000334
4879001,3027,3273,127905,3068,4048,126894,20,19860,82,1,12545,0.0010019999999997253
4880013,2870,3210,127893,3099,3896,126971,19,19859,78,1,12546,0.001012000000000235
4881000,2855,3282,127975,3104,3926,126926,19,19860,78,1,12547,0.000986999999999405
4881999,2843,3255,127864,3056,3882,127070,20,19860,82,1,12548,0.0009990000000001942
4882999,2784,3295,127761,3119,4033,126978,20,19860,82,1,12549,0.001000000000000334
4884013,2810,3159,127855,3216,3864,126880,19,19860,82,1,12550,0.0010139999999996263
4884999,2815,3267,127861,3061,3918,126972,19,19860,78,1,12551,0.0009860000000001534
4885999,2818,3176,128068,3206,3849,126961,19,19859,78,1,12552,0.001000000000000334
4887001,2754,3253,128029,3023,3873,127132,18,19859,74,1,12553,0.0010019999999997253
4888001,2853,3203,127993,3132,3894,127009,19,19859,78,1,12554,0.001000000000000334
4889002,2843,3152,127998,3142,3984,126805,21,19859,78,1,12555,0.0010009999999995856
4890000,2791,3156,128051,3108,3806,127015,18,19860,86,1,12556,0.0009980000000000544
4890999,2882,3243,127893,3130,3944,127031,18,19859,74,1,12557,0.0009990000000001942
4892000,2888,3237,127850,158870,3875,127007,20,19859,82,1,12558,0.0010009999999995856
4892999,2980,3206,127986,3172,3879,126796,19,19860,78,1,12559,0.0009990000000001942
4893999,2931,3251,128023,3069,3914,126969,20,19859,82,1,12560,0.001000000000000334
4894999,2913,3255,127907,3100,3936,126943,19,19859,82,1,12561,0.0009999999999994458
4895999,2893,3255,127924,3125,3857,126969,18,19860,78,1,12562,0.001000000000000334
4896999,2863,3231,127840,3151,3980,126998,18,19859,74,1,12563,0.001000000000000334
4898000,2907,3124,127837,3071,3901,127079,20,19860,82,1,12564,0.0010009999999995856
4898999,2829,3319,127831,3094,3895,126900,19,19859,78,1,12565,0.0009990000000001942
4899999,2814,3255,127779,3033,3924,126876,18,19859,74,1,12566,0.001000000000000334
4900999,2861,3246,127844,3059,3931,126892,20,19859,74,1,12567,0.0009999999999994458
4902000,2935,3175,127845,3160,3927,126984,19,19860,82,1,12568,0.0010010000000004737
4902999,2925,3322,127868,3116,3873,126982,19,19859,78,1,12569,0.000998999999999306
4903999,2882,3348,127916,3156,3902,126857,18,19858,74,1,12570,0.001000000000000334
4904999,2915,3301,128093,3182,3855,126926,18,19860,74,1,12571,0.001000000000000334
4905999,2931,3205,127958,3153,3904,127055,21,19860,86,1,12572,0.0009999999999994458
4906999,2882,3263,127734,3076,3892,126935,18,19860,86,1,12573,0.001000000000000334
4907999,2948,3243,127979,157846,3926,127004,18,19859,74,1,12574,0.0009999999999994458
4908999,2878,3210,127988,3100,3963,126947,18,19859,74,1,12575,0.001000000000000334
4909999,2892,3313,127973,3144,3936,127107,19,19860,78,1,12576,0.001000000000000334
4910999,2754,3218,128030,3212,3903,126951,20,19859,82,1,12577,0.0009999999999994458
4911999,2813,3237,127871,3024,3867,127004,19,19859,78,1,12578,0.001000000000000334
4912999,2875,3261,127808,3050,3893,126956,19,19859,78,1,12579,0.001000000000000334
4914001,2988,3264,127831,3073,3882,126952,19,19860,78,1,12580,0.0010019999999997253
4914999,2787,3159,127852,3232,3915,126982,19,19859,78,1,12581,0.0009980000000000544
4915999,2929,3278,127900,3181,3858,126794,19,19859,78,1,12582,0.0009999999999994458
4917000,2806,3236,127972,3101,3875,126858,20,19859,82,1,12583,0.0010010000000004737
4917999,2812,3257,127743,3066,3841,126988,18,19859,74,1,12584,0.0009990000000001942
4919002,2926,3122,127910,3107,3872,126905,20,19859,82,1,12585,0.0010029999999998651
4920001,2887,3303,127930,3048,3883,126924,20,19861,82,1,12586,0.0009990000000001942
4920999,2783,3217,127806,3196,3945,127139,20,19861,82,1,12587,0.0009980000000000544
4921999,2773,3151,128029,3021,3890,126952,20,19859,82,1,12588,0.0009999999999994458
4922999,2852,3252,127864,3019,3843,126913,19,19860,78,1,12589,0.001000000000000334
4923999,2960,3197,127793,158870,3921,126935,18,19859,74,1,12590,0.0009999999999994458
4924999,2749,3214,127987,3166,3868,126881,20,19859,82,1,12591,0.001000000000000334
4926001,2912,3246,127819,3161,3973,126795,19,19860,82,1,12592,0.0010019999999997253
4926999,2905,3122,127758,3076,3950,126928,20,19859,78,1,12593,0.0009980000000000544
4927999,2873,3340,127985,3098,3928,126983,20,19860,82,1,12594,0.001000000000000334
4928999,2864,3229,127888,3143,3937,126918,20,19861,82,1,12595,0.001000000000000334
4929999,2877,3160,127915,2993,3996,126978,19,19859,78,1,12596,0.0009999999999994458
4930999,2920,3223,127664,2983,3865,126863,18,19859,74,1,12597,0.001000000000000334
4931999,2826,3228,127859,2962,3960,126959,19,19859,74,1,12598,0.0009999999999994458
4932999,2912,3171,127899,3188,3961,127005,19,19859,78,1,12599,0.001000000000000334
4934002,2915,3222,127784,2960,3905,126916,19,19859,78,1,12600,0.0010029999999998651
4935000,2834,3241,127830,3088,3921,127044,20,19860,82,1,12601,0.0009980000000000544
4935999,2834,3213,127932,3248,3893,127010,18,19861,74,1,12602,0.0009990000000001942
4936999,2848,3172,127829,3015,3803,126803,19,19860,78,1,12603,0.001000000000000334
4937999,2920,3200,128030,3055,3794,126904,18,19860,78,1,12604,0.0009999999999994458
4938999,2904,3144,127855,3188,3900,126890,20,19859,74,1,12605,0.001000000000000334
4939999,2938,3236,127828,3046,3903,126845,20,19860,82,1,12606,0.0009999999999994458
4940999,2941,3139,127931,3126,3879,126942,19,19860,78,1,12607,0.001000000000000334
4941999,2831,3313,127939,3137,3978,126904,17,19858,70,1,12608,0.001000000000000334
4942999,2846,3217,127887,3003,3853,127032,18,19860,74,1,12609,0.0009999999999994458
4943999,2895,3338,127915,3005,4004,126905,19,19860,74,1,12610,0.001000000000000334
4944999,2898,3200,127960,3150,3906,126897,18,19861,78,1,12611,0.001000000000000334
4946001,2913,3167,127925,2924,3875,126867,18,19860,74,1,12612,0.0010019999999997253
4947000,2921,3253,127990,3138,3900,126948,18,19860,74,1,12613,0.0009990000000001942
4947999,2822,3186,127837,3094,4007,126944,18,19860,74,1,12614,0.000998999999999306
4949000,2871,3208,127887,2928,3902,127056,18,19860,74,1,12615,0.0010010000000004737
4949999,2857,3226,128007,3092,3951,127000,18,19860,74,1,12616,0.0009990000000001942
4951000,2953,3243,127889,3142,3867,126886,18,19861,74,1,12617,0.0010009999999995856
4951999,2851,3175,127862,3128,3858,126946,18,19860,74,1,12618,0.0009990000000001942
4953000,2904,3261,127799,3189,3908,126995,18,19860,74,1,12619,0.0010009999999995856
4954000,2990,3166,127966,3110,3975,126864,18,19861,74,1,12620,0.001000000000000334
4954999,2924,3177,127922,3153,3934,127013,18,19861,74,1,12621,0.0009990000000001942
4955999,2936,3229,127816,3164,3997,126933,18,19861,74,1,12622,0.0009999999999994458
4956999,2824,3231,127934,3106,3928,126957,17,19860,74,1,12623,0.001000000000000334
4957999,2871,3115,127770,3169,3888,127018,18,19860,70,1,12624,0.001000000000000334
4959000,2879,3329,127855,3099,3808,126866,18,19860,74,1,12625,0.0010009999999995856
4960000,2874,3201,127922,3165,3836,127000,18,19860,74,1,12626,0.001000000000000334
4960999,2803,3269,128051,3073,3949,126891,20,19860,82,1,12627,0.0009990000000001942
4962000,2835,3212,127922,3134,3900,126948,18,19860,74,1,12628,0.0010009999999995856
4963002,2913,3223,127939,2997,3997,126955,18,19861,74,1,12629,0.0010019999999997253
4964001,2768,3124,127863,3205,3894,126894,18,19859,74,1,12630,0.0009990000000001942
4965008,2868,3268,127852,3062,3927,126909,18,19861,74,1,12631,0.0010070000000004242
4965999,2801,3139,127824,3084,3874,127044,18,19859,74,1,12632,0.0009909999999999641
4967002,2865,3184,127824,3109,3873,126888,19,19860,78,1,12633,0.0010029999999998651
4967999,2900,3185,127852,3108,3967,126999,18,19860,74,1,12634,0.0009969999999999146
4968999,2885,3198,127871,3034,4001,126953,17,19860,74,1,12635,0.001000000000000334
4969999,2871,3258,127769,3111,3826,126887,17,19860,70,1,12636,0.0009999999999994458
4970999,2886,3179,128020,3087,3952,126986,17,19860,70,1,12637,0.001000000000000334
4971999,2858,3271,128047,3146,3790,126998,18,19860,74,1,12638,0.0009999999999994458
4973001,2908,3308,127906,3080,3988,127027,18,19860,74,1,12639,0.0010020000000006135
4973999,2900,3236,127866,3168,3911,126919,17,19859,70,1,12640,0.0009980000000000544
4974999,2860,3300,127883,3108,3941,126895,18,19859,70,1,12641,0.0009999999999994458
4975999,2867,3106,127864,3121,3890,126894,18,19859,74,1,12642,0.001000000000000334
4976999,2948,3251,127921,3112,3950,126824,18,19860,74,1,12643,0.001000000000000334
4977999,2881,3204,127755,3165,3910,126972,20,19860,82,1,12644,0.0009999999999994458
4978999,2943,3176,127855,3065,3876,127000,18,19860,74,1,12645,0.001000000000000334
4979999,2858,3190,127995,3082,3939,127038,18,19860,74,1,12646,0.0009999999999994458
4980999,2917,3275,127967,3143,3984,126994,18,19860,74,1,12647,0.001000000000000334
4982000,2894,3242,127793,3095,3918,126999,18,19861,74,1,12648,0.0010010000000004737
4982999,3002,3183,128030,3048,3849,127060,18,19860,74,1,12649,0.000998999999999306
4983999,2797,3278,127950,3136,3935,126910,19,19860,78,1,12650,0.001000000000000334
4984999,2828,3147,127867,3163,3890,126999,17,19859,70,1,12651,0.001000000000000334
4986001,2934,3131,127830,3179,3867,126997,17,19860,70,1,12652,0.0010019999999997253
4986999,2942,3231,127863,150678,3959,126961,18,19860,70,1,12653,0.0009980000000000544
4987999,2882,3161,128014,3184,3964,126962,18,19860,74,1,12654,0.0009999999999994458
4988999,2998,3234,127935,3114,3927,126955,18,19861,74,1,12655,0.001000000000000334
4989999,2963,3193,127856,3205,3867,126944,18,19860,74,1,12656,0.001000000000000334
4990999,2886,3213,127920,3010,3951,126929,19,19860,78,1,12657,0.0009999999999994458
4991999,2913,3241,127921,3152,3903,126986,18,19859,74,1,12658,0.001000000000000334
4992999,2913,3135,127981,3076,3889,126854,18,19859,74,1,12659,0.001000000000000334
4993999,2983,3339,127878,3173,3958,126879,16,19861,74,1,12660,0.0009999999999994458
4994999,2833,3238,127983,3092,3921,126903,16,19861,66,1,12661,0.001000000000000334
4995999,2870,3185,127887,3190,3872,126935,19,19860,78,1,12662,0.0009999999999994458
4996999,2865,3200,127840,3171,3888,126898,19,19860,78,1,12663,0.001000000000000334
4997999,2924,3160,127842,3063,3865,127012,18,19860,74,1,12664,0.001000000000000334
4998999,2844,3243,127904,3059,3935,127023,18,19860,74,1,12665,0.0009999999999994458
4999999,2843,3248,127970,3192,3946,126925,18,19860,74,1,12666,0.001000000000000334
5000999,2888,3189,127968,3096,3902,126855,20,19860,74,1,12667,0.001000000000000334
5001999,2895,3312,127906,3039,3879,127052,20,19860,82,1,12668,0.0009999999999994458
5002999,2813,3157,127829,158870,3974,126927,17,19860,70,1,12669,0.001000000000000334
5003999,2844,3284,128029,3044,3948,126792,18,19861,74,1,12670,0.0009999999999994458
5005001,2958,3172,127828,3063,3831,127015,17,19861,70,1,12671,0.0010020000000006135
5006001,2855,3230,127905,3077,3972,127109,18,19859,70,1,12672,0.0009999999999994458
5007001,2786,3346,127787,3089,3927,126989,18,19861,74,1,12673,0.001000000000000334
5008003,2836,3216,127835,3008,4002,126951,18,19862,74,1,12674,0.0010019999999997253
5008999,2939,3170,127932,3090,3947,126926,19,19860,78,1,12675,0.000996000000000663
5009999,2952,3275,127946,3022,3901,126979,19,19859,78,1,12676,0.0009999999999994458
5010999,2781,3137,127955,3105,3884,126939,19,19859,78,1,12677,0.001000000000000334
5012006,2953,3254,128084,3123,3879,126935,17,19859,78,1,12678,0.001006999999999536
5013001,2860,3200,127960,3103,3833,126985,18,19860,70,1,12679,0.0009950000000005232
5014001,2953,3345,127834,2997,3854,126935,18,19860,74,1,12680,0.0009999999999994458
5014999,2862,3240,127852,3181,3746,126838,18,19860,74,1,12681,0.0009980000000000544
5015999,3037,3164,127937,3146,4076,126901,18,19860,74,1,12682,0.001000000000000334
5016999,2835,3287,128031,3192,3925,126982,18,19859,74,1,12683,0.001000000000000334
5017999,2840,3194,127803,3006,3934,126893,18,19859,74,1,12684,0.0009999999999994458
5019000,2887,3255,127928,150678,3880,126912,18,19860,74,1,12685,0.0010010000000004737
5019999,2974,3278,127926,3052,3994,126909,18,19859,74,1,12686,0.000998999999999306
5021000,2896,3364,127910,3273,3872,126868,17,19860,70,1,12687,0.0010010000000004737
5021999,2861,3156,127826,3075,3939,126913,18,19860,74,1,12688,0.0009990000000001942
5022999,2884,3251,127900,3119,3872,127028,19,19861,78,1,12689,0.0009999999999994458
5023999,2916,3285,127870,3049,3905,126962,19,19861,78,1,12690,0.001000000000000334
5024999,2956,3240,127912,3052,3865,126924,18,19860,78,1,12691,0.001000000000000334
5025999,2863,3227,127892,3043,3962,126966,18,19860,74,1,12692,0.0009999999999994458
5026999,2977,3274,127819,3069,3886,126896,16,19860,66,1,12693,0.001000000000000334
5027999,2883,3269,128010,3138,4059,126971,18,19860,74,1,12694,0.0009999999999994458
5028999,2805,3160,127900,2986,3978,126974,17,19860,70,1,12695,0.001000000000000334
5030001,2890,3193,128104,3044,3825,127015,20,19860,70,1,12696,0.0010019999999997253
5031001,2945,3226,127989,3149,3916,127041,16,19859,82,1,12697,0.001000000000000334
5031999,2797,3189,127940,3100,3950,126966,16,19859,66,1,12698,0.0009980000000000544
5032999,2846,3235,128062,3156,3910,126982,18,19859,74,1,12699,0.0009999999999994458
5034002,2874,3265,127949,3083,4006,127029,19,19860,78,1,12700,0.0010030000000007533
5035000,2858,3148,127901,3035,3971,126976,18,19860,74,1,12701,0.0009980000000000544
5036001,2851,3272,127893,3182,3951,126865,18,19860,74,1,12702,0.0010009999999995856
5037000,2896,3198,127837,3080,3945,126929,18,19861,74,1,12703,0.0009990000000001942
5037999,2912,3268,127921,3081,3975,126948,18,19860,74,1,12704,0.0009990000000001942
5039000,2822,3182,127877,3137,3839,126815,19,19862,78,1,12705,0.0010009999999995856
5039999,2850,3173,127920,3041,3978,127065,18,19860,74,1,12706,0.0009990000000001942
5040999,2935,3188,128041,3243,3976,127022,17,19860,70,1,12707,0.0009999999999994458
5041999,2882,3230,127935,2974,3938,126881,16,19860,70,1,12708,0.001000000000000334
5042999,2850,3199,127882,2986,3893,126975,17,19860,66,1,12709,0.001000000000000334
5043999,2857,3245,127881,3038,3836,127080,17,19860,70,1,12710,0.0009999999999994458
5044999,2832,3268,127851,3081,3917,126829,17,19860,70,1,12711,0.001000000000000334
5045999,2793,3077,127893,3145,4008,126975,18,19861,74,1,12712,0.001000000000000334
5046999,2801,3262,128025,3161,3992,126974,21,19861,86,1,12713,0.0009999999999994458
5047999,2780,3281,127785,3157,3930,126935,18,19861,74,1,12714,0.001000000000000334
5049000,2987,3297,127865,3162,4019,126875,18,19860,74,1,12715,0.0010009999999995856
5050001,2801,3259,127958,3139,3873,126804,18,19860,74,1,12716,0.0010010000000004737
5050999,2904,3241,127806,2953,3929,126830,18,19860,74,1,12717,0.0009980000000000544
5051999,2879,3218,127741,3138,3995,126949,18,19859,74,1,12718,0.0009999999999994458
5052999,2877,3227,127823,3127,3967,126817,18,19859,74,1,12719,0.001000000000000334
5054000,2885,3157,127904,3096,3900,126990,17,19859,70,1,12720,0.0010009999999995856
5054999,2905,3166,127847,3124,3886,126820,16,19860,70,1,12721,0.0009990000000001942
5056000,2945,3315,127902,3192,3918,127059,19,19861,66,1,12722,0.0010010000000004737
5056999,3004,3252,127930,3025,3951,126813,19,19860,78,1,12723,0.000998999999999306
5057999,2870,3270,127818,3135,3914,126880,18,19860,74,1,12724,0.001000000000000334
5058999,2830,3165,127873,3080,3940,126943,18,19859,74,1,12725,0.001000000000000334
5059999,2827,3202,127924,3159,3988,127083,19,19862,78,1,12726,0.0009999999999994458
5061000,2861,3294,127858,3051,3925,127035,18,19862,78,1,12727,0.0010010000000004737
5061999,2797,3208,127937,2973,3890,126953,17,19861,74,1,12728,0.0009990000000001942
5063000,2988,3244,127798,3097,3905,126917,17,19860,70,1,12729,0.0010009999999995856
5064002,2923,3257,127827,3011,3883,126914,18,19861,74,1,12730,0.0010019999999997253
5065000,2900,3205,127862,3083,3975,126874,18,19859,74,1,12731,0.0009980000000000544
5065999,2750,3174,127934,3082,3919,126912,19,19860,78,1,12732,0.0009990000000001942
5066999,2850,3181,128007,3092,3908,126873,19,19860,78,1,12733,0.001000000000000334
5068002,2867,3255,127859,3164,3943,126998,18,19860,78,1,12734,0.0010029999999998651
5068999,2824,3196,127899,3073,3978,126986,18,19860,74,1,12735,0.0009969999999999146
5070002,2903,3195,127896,3044,3985,127052,19,19860,78,1,12736,0.0010029999999998651
5070999,2906,3170,127910,3086,3935,127009,18,19860,74,1,12737,0.0009969999999999146
5071999,2844,3206,128113,3150,4011,126969,19,19860,78,1,12738,0.001000000000000334
